clave,folio,fecha,hora,clave_partido_legado,clave_ciudadano,correo_electronico,whatsapp,telefono,celular,obseravaciones,status
clave,folio,fecha,hora,clave_partido_legado,clave_ciudadano,correo_electronico,whatsapp,telefono,celular,obseravaciones,status
MP00021979,MP00021979,2023-09-07,13:58:27,PL008,MIL0242388,x@x.com,9999123456,9999123451,9999123452,1,1
MP00021980,MP00021980,2023-09-07,13:58:27,PL006,MIL0292795,x@x.com,9999123456,9999123451,9999123452,1,1
MP00021981,MP00021981,2023-09-07,13:58:27,PL003,MIL0431859,x@x.com,9999123456,9999123451,9999123452,1,1
MP00021982,MP00021982,2023-09-07,13:58:27,PL011,MIL0267619,x@x.com,9999123456,9999123451,9999123452,1,1
MP00021983,MP00021983,2023-09-07,13:58:27,PL012,MIL0402413,x@x.com,9999123456,9999123451,9999123452,1,1
MP00021984,MP00021984,2023-09-07,13:58:27,PL003,MIL0493613,x@x.com,9999123456,9999123451,9999123452,1,1
MP00021985,MP00021985,2023-09-07,13:58:27,PL004,MIL0245016,x@x.com,9999123456,9999123451,9999123452,1,1
MP00021986,MP00021986,2023-09-07,13:58:27,PL012,MIL0008748,x@x.com,9999123456,9999123451,9999123452,1,1
MP00021987,MP00021987,2023-09-07,13:58:27,PL012,MIL0475996,x@x.com,9999123456,9999123451,9999123452,1,1
MP00021988,MP00021988,2023-09-07,13:58:27,PL002,MIL0354469,x@x.com,9999123456,9999123451,9999123452,1,1
MP00021989,MP00021989,2023-09-07,13:58:27,PL010,MIL0131823,x@x.com,9999123456,9999123451,9999123452,1,1
MP00021990,MP00021990,2023-09-07,13:58:27,PL011,MIL0363692,x@x.com,9999123456,9999123451,9999123452,1,1
MP00021991,MP00021991,2023-09-07,13:58:27,PL003,MIL0536351,x@x.com,9999123456,9999123451,9999123452,1,1
MP00021992,MP00021992,2023-09-07,13:58:27,PL001,MIL0075867,x@x.com,9999123456,9999123451,9999123452,1,1
MP00021993,MP00021993,2023-09-07,13:58:27,PL004,MIL0265841,x@x.com,9999123456,9999123451,9999123452,1,1
MP00021994,MP00021994,2023-09-07,13:58:27,PL009,MIL0305977,x@x.com,9999123456,9999123451,9999123452,1,1
MP00021995,MP00021995,2023-09-07,13:58:27,PL004,MIL0033921,x@x.com,9999123456,9999123451,9999123452,1,1
MP00021996,MP00021996,2023-09-07,13:58:27,PL001,MIL0427521,x@x.com,9999123456,9999123451,9999123452,1,1
MP00021997,MP00021997,2023-09-07,13:58:27,PL013,MIL0435875,x@x.com,9999123456,9999123451,9999123452,1,1
MP00021998,MP00021998,2023-09-07,13:58:27,PL009,MIL0150360,x@x.com,9999123456,9999123451,9999123452,1,1
MP00021999,MP00021999,2023-09-07,13:58:27,PL009,MIL0096410,x@x.com,9999123456,9999123451,9999123452,1,1
MP00022000,MP00022000,2023-09-07,13:58:27,PL006,MIL0463285,x@x.com,9999123456,9999123451,9999123452,1,1
MP00022001,MP00022001,2023-09-07,13:58:27,PL010,MIL0520672,x@x.com,9999123456,9999123451,9999123452,1,1
MP00022002,MP00022002,2023-09-07,13:58:27,PL010,MIL0137811,x@x.com,9999123456,9999123451,9999123452,1,1
MP00022003,MP00022003,2023-09-07,13:58:27,PL008,MIL0196947,x@x.com,9999123456,9999123451,9999123452,1,1
MP00022004,MP00022004,2023-09-07,13:58:27,PL002,MIL0132645,x@x.com,9999123456,9999123451,9999123452,1,1
MP00022005,MP00022005,2023-09-07,13:58:27,PL002,MIL0155933,x@x.com,9999123456,9999123451,9999123452,1,1
MP00022006,MP00022006,2023-09-07,13:58:27,PL006,MIL0569384,x@x.com,9999123456,9999123451,9999123452,1,1
MP00022007,MP00022007,2023-09-07,13:58:27,PL012,MIL0378843,x@x.com,9999123456,9999123451,9999123452,1,1
MP00022008,MP00022008,2023-09-07,13:58:27,PL011,MIL0380608,x@x.com,9999123456,9999123451,9999123452,1,1
MP00022009,MP00022009,2023-09-07,13:58:27,PL005,MIL0405642,x@x.com,9999123456,9999123451,9999123452,1,1
MP00022010,MP00022010,2023-09-07,13:58:27,PL003,MIL0166258,x@x.com,9999123456,9999123451,9999123452,1,1
MP00022011,MP00022011,2023-09-07,13:58:27,PL011,MIL0158764,x@x.com,9999123456,9999123451,9999123452,1,1
MP00022012,MP00022012,2023-09-07,13:58:27,PL002,MIL0452051,x@x.com,9999123456,9999123451,9999123452,1,1
MP00022013,MP00022013,2023-09-07,13:58:27,PL001,MIL0379746,x@x.com,9999123456,9999123451,9999123452,1,1
MP00022014,MP00022014,2023-09-07,13:58:27,PL003,MIL0438511,x@x.com,9999123456,9999123451,9999123452,1,1
MP00022015,MP00022015,2023-09-07,13:58:27,PL005,MIL0056670,x@x.com,9999123456,9999123451,9999123452,1,1
MP00022016,MP00022016,2023-09-07,13:58:27,PL013,MIL0450173,x@x.com,9999123456,9999123451,9999123452,1,1
MP00022017,MP00022017,2023-09-07,13:58:27,PL007,MIL0314536,x@x.com,9999123456,9999123451,9999123452,1,1
MP00022018,MP00022018,2023-09-07,13:58:27,PL007,MIL0567270,x@x.com,9999123456,9999123451,9999123452,1,1
MP00022019,MP00022019,2023-09-07,13:58:27,PL013,MIL0145720,x@x.com,9999123456,9999123451,9999123452,1,1
MP00022020,MP00022020,2023-09-07,13:58:27,PL006,MIL0044756,x@x.com,9999123456,9999123451,9999123452,1,1
MP00022021,MP00022021,2023-09-07,13:58:27,PL007,MIL0030560,x@x.com,9999123456,9999123451,9999123452,1,1
MP00022022,MP00022022,2023-09-07,13:58:27,PL004,MIL0401780,x@x.com,9999123456,9999123451,9999123452,1,1
MP00022023,MP00022023,2023-09-07,13:58:27,PL001,MIL0324214,x@x.com,9999123456,9999123451,9999123452,1,1
MP00022024,MP00022024,2023-09-07,13:58:27,PL012,MIL0247907,x@x.com,9999123456,9999123451,9999123452,1,1
MP00022025,MP00022025,2023-09-07,13:58:27,PL011,MIL0554464,x@x.com,9999123456,9999123451,9999123452,1,1
MP00022026,MP00022026,2023-09-07,13:58:27,PL010,MIL0289754,x@x.com,9999123456,9999123451,9999123452,1,1
MP00022027,MP00022027,2023-09-07,13:58:27,PL013,MIL0113349,x@x.com,9999123456,9999123451,9999123452,1,1
MP00022028,MP00022028,2023-09-07,13:58:27,PL002,MIL0204852,x@x.com,9999123456,9999123451,9999123452,1,1
MP00022029,MP00022029,2023-09-07,13:58:27,PL005,MIL0447163,x@x.com,9999123456,9999123451,9999123452,1,1
MP00022030,MP00022030,2023-09-07,13:58:27,PL007,MIL0053184,x@x.com,9999123456,9999123451,9999123452,1,1
MP00022031,MP00022031,2023-09-07,13:58:27,PL003,MIL0438265,x@x.com,9999123456,9999123451,9999123452,1,1
MP00022032,MP00022032,2023-09-07,13:58:27,PL007,MIL0561522,x@x.com,9999123456,9999123451,9999123452,1,1
MP00022033,MP00022033,2023-09-07,13:58:27,PL003,MIL0426583,x@x.com,9999123456,9999123451,9999123452,1,1
MP00022034,MP00022034,2023-09-07,13:58:27,PL006,MIL0313132,x@x.com,9999123456,9999123451,9999123452,1,1
MP00022035,MP00022035,2023-09-07,13:58:27,PL011,MIL0034436,x@x.com,9999123456,9999123451,9999123452,1,1
MP00022036,MP00022036,2023-09-07,13:58:27,PL002,MIL0526109,x@x.com,9999123456,9999123451,9999123452,1,1
MP00022037,MP00022037,2023-09-07,13:58:27,PL002,MIL0244740,x@x.com,9999123456,9999123451,9999123452,1,1
MP00022038,MP00022038,2023-09-07,13:58:27,PL002,MIL0179631,x@x.com,9999123456,9999123451,9999123452,1,1
MP00022039,MP00022039,2023-09-07,13:58:27,PL004,MIL0546195,x@x.com,9999123456,9999123451,9999123452,1,1
MP00022040,MP00022040,2023-09-07,13:58:27,PL009,MIL0545237,x@x.com,9999123456,9999123451,9999123452,1,1
MP00022041,MP00022041,2023-09-07,13:58:27,PL009,MIL0405078,x@x.com,9999123456,9999123451,9999123452,1,1
MP00022042,MP00022042,2023-09-07,13:58:27,PL004,MIL0445757,x@x.com,9999123456,9999123451,9999123452,1,1
MP00022043,MP00022043,2023-09-07,13:58:27,PL002,MIL0247860,x@x.com,9999123456,9999123451,9999123452,1,1
MP00022044,MP00022044,2023-09-07,13:58:27,PL009,MIL0075753,x@x.com,9999123456,9999123451,9999123452,1,1
MP00022045,MP00022045,2023-09-07,13:58:27,PL001,MIL0182338,x@x.com,9999123456,9999123451,9999123452,1,1
MP00022046,MP00022046,2023-09-07,13:58:27,PL008,MIL0427948,x@x.com,9999123456,9999123451,9999123452,1,1
MP00022047,MP00022047,2023-09-07,13:58:27,PL008,MIL0017365,x@x.com,9999123456,9999123451,9999123452,1,1
MP00022048,MP00022048,2023-09-07,13:58:27,PL002,MIL0085574,x@x.com,9999123456,9999123451,9999123452,1,1
MP00022049,MP00022049,2023-09-07,13:58:27,PL001,MIL0445851,x@x.com,9999123456,9999123451,9999123452,1,1
MP00022050,MP00022050,2023-09-07,13:58:27,PL009,MIL0529029,x@x.com,9999123456,9999123451,9999123452,1,1
MP00022051,MP00022051,2023-09-07,13:58:27,PL006,MIL0224173,x@x.com,9999123456,9999123451,9999123452,1,1
MP00022052,MP00022052,2023-09-07,13:58:27,PL006,MIL0508884,x@x.com,9999123456,9999123451,9999123452,1,1
MP00022053,MP00022053,2023-09-07,13:58:27,PL001,MIL0283780,x@x.com,9999123456,9999123451,9999123452,1,1
MP00022054,MP00022054,2023-09-07,13:58:27,PL004,MIL0511868,x@x.com,9999123456,9999123451,9999123452,1,1
MP00022055,MP00022055,2023-09-07,13:58:27,PL007,MIL0091440,x@x.com,9999123456,9999123451,9999123452,1,1
MP00022056,MP00022056,2023-09-07,13:58:27,PL012,MIL0190084,x@x.com,9999123456,9999123451,9999123452,1,1
MP00022057,MP00022057,2023-09-07,13:58:27,PL002,MIL0310509,x@x.com,9999123456,9999123451,9999123452,1,1
MP00022058,MP00022058,2023-09-07,13:58:27,PL005,MIL0072462,x@x.com,9999123456,9999123451,9999123452,1,1
MP00022059,MP00022059,2023-09-07,13:58:27,PL005,MIL0144486,x@x.com,9999123456,9999123451,9999123452,1,1
MP00022060,MP00022060,2023-09-07,13:58:27,PL003,MIL0378609,x@x.com,9999123456,9999123451,9999123452,1,1
MP00022061,MP00022061,2023-09-07,13:58:27,PL007,MIL0315955,x@x.com,9999123456,9999123451,9999123452,1,1
MP00022062,MP00022062,2023-09-07,13:58:27,PL005,MIL0341592,x@x.com,9999123456,9999123451,9999123452,1,1
MP00022063,MP00022063,2023-09-07,13:58:27,PL005,MIL0481745,x@x.com,9999123456,9999123451,9999123452,1,1
MP00022064,MP00022064,2023-09-07,13:58:27,PL002,MIL0224866,x@x.com,9999123456,9999123451,9999123452,1,1
MP00022065,MP00022065,2023-09-07,13:58:27,PL005,MIL0141354,x@x.com,9999123456,9999123451,9999123452,1,1
MP00022066,MP00022066,2023-09-07,13:58:27,PL005,MIL0525889,x@x.com,9999123456,9999123451,9999123452,1,1
MP00022067,MP00022067,2023-09-07,13:58:27,PL001,MIL0376655,x@x.com,9999123456,9999123451,9999123452,1,1
MP00022068,MP00022068,2023-09-07,13:58:27,PL013,MIL0463503,x@x.com,9999123456,9999123451,9999123452,1,1
MP00022069,MP00022069,2023-09-07,13:58:27,PL001,MIL0152372,x@x.com,9999123456,9999123451,9999123452,1,1
MP00022070,MP00022070,2023-09-07,13:58:27,PL001,MIL0070052,x@x.com,9999123456,9999123451,9999123452,1,1
MP00022071,MP00022071,2023-09-07,13:58:27,PL006,MIL0471248,x@x.com,9999123456,9999123451,9999123452,1,1
MP00022072,MP00022072,2023-09-07,13:58:27,PL013,MIL0127547,x@x.com,9999123456,9999123451,9999123452,1,1
MP00022073,MP00022073,2023-09-07,13:58:27,PL004,MIL0534254,x@x.com,9999123456,9999123451,9999123452,1,1
MP00022074,MP00022074,2023-09-07,13:58:27,PL013,MIL0092365,x@x.com,9999123456,9999123451,9999123452,1,1
MP00022075,MP00022075,2023-09-07,13:58:27,PL003,MIL0518705,x@x.com,9999123456,9999123451,9999123452,1,1
MP00022076,MP00022076,2023-09-07,13:58:27,PL003,MIL0391866,x@x.com,9999123456,9999123451,9999123452,1,1
MP00022077,MP00022077,2023-09-07,13:58:27,PL004,MIL0174605,x@x.com,9999123456,9999123451,9999123452,1,1
MP00022078,MP00022078,2023-09-07,13:58:27,PL004,MIL0091984,x@x.com,9999123456,9999123451,9999123452,1,1
MP00022079,MP00022079,2023-09-07,13:58:27,PL013,MIL0240048,x@x.com,9999123456,9999123451,9999123452,1,1
MP00022080,MP00022080,2023-09-07,13:58:27,PL007,MIL0128450,x@x.com,9999123456,9999123451,9999123452,1,1
MP00022081,MP00022081,2023-09-07,13:58:27,PL012,MIL0016252,x@x.com,9999123456,9999123451,9999123452,1,1
MP00022082,MP00022082,2023-09-07,13:58:27,PL013,MIL0370732,x@x.com,9999123456,9999123451,9999123452,1,1
MP00022083,MP00022083,2023-09-07,13:58:27,PL007,MIL0421129,x@x.com,9999123456,9999123451,9999123452,1,1
MP00022084,MP00022084,2023-09-07,13:58:27,PL010,MIL0497108,x@x.com,9999123456,9999123451,9999123452,1,1
MP00022085,MP00022085,2023-09-07,13:58:27,PL009,MIL0298003,x@x.com,9999123456,9999123451,9999123452,1,1
MP00022086,MP00022086,2023-09-07,13:58:27,PL006,MIL0053047,x@x.com,9999123456,9999123451,9999123452,1,1
MP00022087,MP00022087,2023-09-07,13:58:27,PL010,MIL0356182,x@x.com,9999123456,9999123451,9999123452,1,1
MP00022088,MP00022088,2023-09-07,13:58:27,PL013,MIL0007525,x@x.com,9999123456,9999123451,9999123452,1,1
MP00022089,MP00022089,2023-09-07,13:58:27,PL003,MIL0506295,x@x.com,9999123456,9999123451,9999123452,1,1
MP00022090,MP00022090,2023-09-07,13:58:27,PL010,MIL0378073,x@x.com,9999123456,9999123451,9999123452,1,1
MP00022091,MP00022091,2023-09-07,13:58:27,PL011,MIL0150304,x@x.com,9999123456,9999123451,9999123452,1,1
MP00022092,MP00022092,2023-09-07,13:58:27,PL012,MIL0295616,x@x.com,9999123456,9999123451,9999123452,1,1
MP00022093,MP00022093,2023-09-07,13:58:27,PL001,MIL0510131,x@x.com,9999123456,9999123451,9999123452,1,1
MP00022094,MP00022094,2023-09-07,13:58:27,PL003,MIL0161979,x@x.com,9999123456,9999123451,9999123452,1,1
MP00022095,MP00022095,2023-09-07,13:58:27,PL007,MIL0162233,x@x.com,9999123456,9999123451,9999123452,1,1
MP00022096,MP00022096,2023-09-07,13:58:27,PL005,MIL0013620,x@x.com,9999123456,9999123451,9999123452,1,1
MP00022097,MP00022097,2023-09-07,13:58:27,PL006,MIL0013738,x@x.com,9999123456,9999123451,9999123452,1,1
MP00022098,MP00022098,2023-09-07,13:58:27,PL012,MIL0049675,x@x.com,9999123456,9999123451,9999123452,1,1
MP00022099,MP00022099,2023-09-07,13:58:27,PL002,MIL0292078,x@x.com,9999123456,9999123451,9999123452,1,1
MP00022100,MP00022100,2023-09-07,13:58:27,PL013,MIL0188108,x@x.com,9999123456,9999123451,9999123452,1,1
MP00022101,MP00022101,2023-09-07,13:58:27,PL011,MIL0128561,x@x.com,9999123456,9999123451,9999123452,1,1
MP00022102,MP00022102,2023-09-07,13:58:27,PL013,MIL0187626,x@x.com,9999123456,9999123451,9999123452,1,1
MP00022103,MP00022103,2023-09-07,13:58:27,PL013,MIL0526513,x@x.com,9999123456,9999123451,9999123452,1,1
MP00022104,MP00022104,2023-09-07,13:58:27,PL011,MIL0480440,x@x.com,9999123456,9999123451,9999123452,1,1
MP00022105,MP00022105,2023-09-07,13:58:27,PL004,MIL0269212,x@x.com,9999123456,9999123451,9999123452,1,1
MP00022106,MP00022106,2023-09-07,13:58:27,PL009,MIL0441684,x@x.com,9999123456,9999123451,9999123452,1,1
MP00022107,MP00022107,2023-09-07,13:58:27,PL004,MIL0458395,x@x.com,9999123456,9999123451,9999123452,1,1
MP00022108,MP00022108,2023-09-07,13:58:27,PL012,MIL0008098,x@x.com,9999123456,9999123451,9999123452,1,1
MP00022109,MP00022109,2023-09-07,13:58:27,PL009,MIL0062082,x@x.com,9999123456,9999123451,9999123452,1,1
MP00022110,MP00022110,2023-09-07,13:58:27,PL012,MIL0273110,x@x.com,9999123456,9999123451,9999123452,1,1
MP00022111,MP00022111,2023-09-07,13:58:27,PL005,MIL0152721,x@x.com,9999123456,9999123451,9999123452,1,1
MP00022112,MP00022112,2023-09-07,13:58:27,PL012,MIL0191065,x@x.com,9999123456,9999123451,9999123452,1,1
MP00022113,MP00022113,2023-09-07,13:58:27,PL006,MIL0498979,x@x.com,9999123456,9999123451,9999123452,1,1
MP00022114,MP00022114,2023-09-07,13:58:27,PL002,MIL0328111,x@x.com,9999123456,9999123451,9999123452,1,1
MP00022115,MP00022115,2023-09-07,13:58:27,PL012,MIL0198028,x@x.com,9999123456,9999123451,9999123452,1,1
MP00022116,MP00022116,2023-09-07,13:58:27,PL011,MIL0410165,x@x.com,9999123456,9999123451,9999123452,1,1
MP00022117,MP00022117,2023-09-07,13:58:27,PL005,MIL0127506,x@x.com,9999123456,9999123451,9999123452,1,1
MP00022118,MP00022118,2023-09-07,13:58:27,PL004,MIL0020278,x@x.com,9999123456,9999123451,9999123452,1,1
MP00022119,MP00022119,2023-09-07,13:58:27,PL012,MIL0092852,x@x.com,9999123456,9999123451,9999123452,1,1
MP00022120,MP00022120,2023-09-07,13:58:27,PL009,MIL0341143,x@x.com,9999123456,9999123451,9999123452,1,1
MP00022121,MP00022121,2023-09-07,13:58:27,PL002,MIL0557160,x@x.com,9999123456,9999123451,9999123452,1,1
MP00022122,MP00022122,2023-09-07,13:58:27,PL009,MIL0252233,x@x.com,9999123456,9999123451,9999123452,1,1
MP00022123,MP00022123,2023-09-07,13:58:27,PL013,MIL0072516,x@x.com,9999123456,9999123451,9999123452,1,1
MP00022124,MP00022124,2023-09-07,13:58:27,PL001,MIL0486314,x@x.com,9999123456,9999123451,9999123452,1,1
MP00022125,MP00022125,2023-09-07,13:58:27,PL004,MIL0222906,x@x.com,9999123456,9999123451,9999123452,1,1
MP00022126,MP00022126,2023-09-07,13:58:27,PL012,MIL0125572,x@x.com,9999123456,9999123451,9999123452,1,1
MP00022127,MP00022127,2023-09-07,13:58:27,PL003,MIL0394507,x@x.com,9999123456,9999123451,9999123452,1,1
MP00022128,MP00022128,2023-09-07,13:58:27,PL010,MIL0217629,x@x.com,9999123456,9999123451,9999123452,1,1
MP00022129,MP00022129,2023-09-07,13:58:27,PL006,MIL0252073,x@x.com,9999123456,9999123451,9999123452,1,1
MP00022130,MP00022130,2023-09-07,13:58:27,PL007,MIL0225633,x@x.com,9999123456,9999123451,9999123452,1,1
MP00022131,MP00022131,2023-09-07,13:58:27,PL001,MIL0173336,x@x.com,9999123456,9999123451,9999123452,1,1
MP00022132,MP00022132,2023-09-07,13:58:27,PL011,MIL0291333,x@x.com,9999123456,9999123451,9999123452,1,1
MP00022133,MP00022133,2023-09-07,13:58:27,PL007,MIL0077228,x@x.com,9999123456,9999123451,9999123452,1,1
MP00022134,MP00022134,2023-09-07,13:58:27,PL004,MIL0507769,x@x.com,9999123456,9999123451,9999123452,1,1
MP00022135,MP00022135,2023-09-07,13:58:27,PL013,MIL0432755,x@x.com,9999123456,9999123451,9999123452,1,1
MP00022136,MP00022136,2023-09-07,13:58:27,PL007,MIL0568109,x@x.com,9999123456,9999123451,9999123452,1,1
MP00022137,MP00022137,2023-09-07,13:58:27,PL002,MIL0579369,x@x.com,9999123456,9999123451,9999123452,1,1
MP00022138,MP00022138,2023-09-07,13:58:27,PL008,MIL0452741,x@x.com,9999123456,9999123451,9999123452,1,1
MP00022139,MP00022139,2023-09-07,13:58:27,PL008,MIL0242309,x@x.com,9999123456,9999123451,9999123452,1,1
MP00022140,MP00022140,2023-09-07,13:58:27,PL005,MIL0423843,x@x.com,9999123456,9999123451,9999123452,1,1
MP00022141,MP00022141,2023-09-07,13:58:27,PL005,MIL0187707,x@x.com,9999123456,9999123451,9999123452,1,1
MP00022142,MP00022142,2023-09-07,13:58:27,PL005,MIL0525867,x@x.com,9999123456,9999123451,9999123452,1,1
MP00022143,MP00022143,2023-09-07,13:58:27,PL002,MIL0123653,x@x.com,9999123456,9999123451,9999123452,1,1
MP00022144,MP00022144,2023-09-07,13:58:27,PL003,MIL0467427,x@x.com,9999123456,9999123451,9999123452,1,1
MP00022145,MP00022145,2023-09-07,13:58:27,PL006,MIL0192306,x@x.com,9999123456,9999123451,9999123452,1,1
MP00022146,MP00022146,2023-09-07,13:58:27,PL004,MIL0114829,x@x.com,9999123456,9999123451,9999123452,1,1
MP00022147,MP00022147,2023-09-07,13:58:27,PL006,MIL0030453,x@x.com,9999123456,9999123451,9999123452,1,1
MP00022148,MP00022148,2023-09-07,13:58:27,PL004,MIL0025935,x@x.com,9999123456,9999123451,9999123452,1,1
MP00022149,MP00022149,2023-09-07,13:58:27,PL005,MIL0043281,x@x.com,9999123456,9999123451,9999123452,1,1
MP00022150,MP00022150,2023-09-07,13:58:27,PL001,MIL0143637,x@x.com,9999123456,9999123451,9999123452,1,1
MP00022151,MP00022151,2023-09-07,13:58:27,PL004,MIL0351599,x@x.com,9999123456,9999123451,9999123452,1,1
MP00022152,MP00022152,2023-09-07,13:58:27,PL013,MIL0518854,x@x.com,9999123456,9999123451,9999123452,1,1
MP00022153,MP00022153,2023-09-07,13:58:27,PL012,MIL0560596,x@x.com,9999123456,9999123451,9999123452,1,1
MP00022154,MP00022154,2023-09-07,13:58:27,PL005,MIL0558078,x@x.com,9999123456,9999123451,9999123452,1,1
MP00022155,MP00022155,2023-09-07,13:58:27,PL008,MIL0045620,x@x.com,9999123456,9999123451,9999123452,1,1
MP00022156,MP00022156,2023-09-07,13:58:27,PL012,MIL0457620,x@x.com,9999123456,9999123451,9999123452,1,1
MP00022157,MP00022157,2023-09-07,13:58:27,PL002,MIL0018481,x@x.com,9999123456,9999123451,9999123452,1,1
MP00022158,MP00022158,2023-09-07,13:58:27,PL005,MIL0194724,x@x.com,9999123456,9999123451,9999123452,1,1
MP00022159,MP00022159,2023-09-07,13:58:27,PL003,MIL0069127,x@x.com,9999123456,9999123451,9999123452,1,1
MP00022160,MP00022160,2023-09-07,13:58:27,PL012,MIL0565270,x@x.com,9999123456,9999123451,9999123452,1,1
MP00022161,MP00022161,2023-09-07,13:58:27,PL012,MIL0562920,x@x.com,9999123456,9999123451,9999123452,1,1
MP00022162,MP00022162,2023-09-07,13:58:27,PL005,MIL0046773,x@x.com,9999123456,9999123451,9999123452,1,1
MP00022163,MP00022163,2023-09-07,13:58:27,PL004,MIL0353050,x@x.com,9999123456,9999123451,9999123452,1,1
MP00022164,MP00022164,2023-09-07,13:58:27,PL006,MIL0511375,x@x.com,9999123456,9999123451,9999123452,1,1
MP00022165,MP00022165,2023-09-07,13:58:27,PL013,MIL0085726,x@x.com,9999123456,9999123451,9999123452,1,1
MP00022166,MP00022166,2023-09-07,13:58:27,PL013,MIL0577572,x@x.com,9999123456,9999123451,9999123452,1,1
MP00022167,MP00022167,2023-09-07,13:58:27,PL001,MIL0258775,x@x.com,9999123456,9999123451,9999123452,1,1
MP00022168,MP00022168,2023-09-07,13:58:27,PL002,MIL0532338,x@x.com,9999123456,9999123451,9999123452,1,1
MP00022169,MP00022169,2023-09-07,13:58:27,PL009,MIL0561585,x@x.com,9999123456,9999123451,9999123452,1,1
MP00022170,MP00022170,2023-09-07,13:58:27,PL012,MIL0170649,x@x.com,9999123456,9999123451,9999123452,1,1
MP00022171,MP00022171,2023-09-07,13:58:27,PL001,MIL0493382,x@x.com,9999123456,9999123451,9999123452,1,1
MP00022172,MP00022172,2023-09-07,13:58:27,PL009,MIL0297222,x@x.com,9999123456,9999123451,9999123452,1,1
MP00022173,MP00022173,2023-09-07,13:58:27,PL013,MIL0277742,x@x.com,9999123456,9999123451,9999123452,1,1
MP00022174,MP00022174,2023-09-07,13:58:27,PL012,MIL0085392,x@x.com,9999123456,9999123451,9999123452,1,1
MP00022175,MP00022175,2023-09-07,13:58:27,PL007,MIL0015981,x@x.com,9999123456,9999123451,9999123452,1,1
MP00022176,MP00022176,2023-09-07,13:58:27,PL002,MIL0403789,x@x.com,9999123456,9999123451,9999123452,1,1
MP00022177,MP00022177,2023-09-07,13:58:27,PL012,MIL0236322,x@x.com,9999123456,9999123451,9999123452,1,1
MP00022178,MP00022178,2023-09-07,13:58:27,PL007,MIL0295811,x@x.com,9999123456,9999123451,9999123452,1,1
MP00022179,MP00022179,2023-09-07,13:58:27,PL005,MIL0152422,x@x.com,9999123456,9999123451,9999123452,1,1
MP00022180,MP00022180,2023-09-07,13:58:27,PL009,MIL0571332,x@x.com,9999123456,9999123451,9999123452,1,1
MP00022181,MP00022181,2023-09-07,13:58:27,PL013,MIL0166091,x@x.com,9999123456,9999123451,9999123452,1,1
MP00022182,MP00022182,2023-09-07,13:58:27,PL008,MIL0074069,x@x.com,9999123456,9999123451,9999123452,1,1
MP00022183,MP00022183,2023-09-07,13:58:27,PL013,MIL0063654,x@x.com,9999123456,9999123451,9999123452,1,1
MP00022184,MP00022184,2023-09-07,13:58:27,PL011,MIL0061225,x@x.com,9999123456,9999123451,9999123452,1,1
MP00022185,MP00022185,2023-09-07,13:58:27,PL009,MIL0177520,x@x.com,9999123456,9999123451,9999123452,1,1
MP00022186,MP00022186,2023-09-07,13:58:27,PL005,MIL0485360,x@x.com,9999123456,9999123451,9999123452,1,1
MP00022187,MP00022187,2023-09-07,13:58:27,PL005,MIL0003642,x@x.com,9999123456,9999123451,9999123452,1,1
MP00022188,MP00022188,2023-09-07,13:58:27,PL011,MIL0427372,x@x.com,9999123456,9999123451,9999123452,1,1
MP00022189,MP00022189,2023-09-07,13:58:27,PL001,MIL0145501,x@x.com,9999123456,9999123451,9999123452,1,1
MP00022190,MP00022190,2023-09-07,13:58:27,PL010,MIL0037354,x@x.com,9999123456,9999123451,9999123452,1,1
MP00022191,MP00022191,2023-09-07,13:58:27,PL010,MIL0505972,x@x.com,9999123456,9999123451,9999123452,1,1
MP00022192,MP00022192,2023-09-07,13:58:27,PL004,MIL0562415,x@x.com,9999123456,9999123451,9999123452,1,1
MP00022193,MP00022193,2023-09-07,13:58:27,PL002,MIL0480936,x@x.com,9999123456,9999123451,9999123452,1,1
MP00022194,MP00022194,2023-09-07,13:58:27,PL012,MIL0312821,x@x.com,9999123456,9999123451,9999123452,1,1
MP00022195,MP00022195,2023-09-07,13:58:27,PL005,MIL0322399,x@x.com,9999123456,9999123451,9999123452,1,1
MP00022196,MP00022196,2023-09-07,13:58:27,PL005,MIL0320416,x@x.com,9999123456,9999123451,9999123452,1,1
MP00022197,MP00022197,2023-09-07,13:58:27,PL008,MIL0579790,x@x.com,9999123456,9999123451,9999123452,1,1
MP00022198,MP00022198,2023-09-07,13:58:27,PL008,MIL0102513,x@x.com,9999123456,9999123451,9999123452,1,1
MP00022199,MP00022199,2023-09-07,13:58:27,PL010,MIL0182594,x@x.com,9999123456,9999123451,9999123452,1,1
MP00022200,MP00022200,2023-09-07,13:58:27,PL008,MIL0472819,x@x.com,9999123456,9999123451,9999123452,1,1
MP00022201,MP00022201,2023-09-07,13:58:27,PL007,MIL0380378,x@x.com,9999123456,9999123451,9999123452,1,1
MP00022202,MP00022202,2023-09-07,13:58:27,PL009,MIL0368040,x@x.com,9999123456,9999123451,9999123452,1,1
MP00022203,MP00022203,2023-09-07,13:58:27,PL010,MIL0362220,x@x.com,9999123456,9999123451,9999123452,1,1
MP00022204,MP00022204,2023-09-07,13:58:27,PL008,MIL0343846,x@x.com,9999123456,9999123451,9999123452,1,1
MP00022205,MP00022205,2023-09-07,13:58:27,PL010,MIL0526191,x@x.com,9999123456,9999123451,9999123452,1,1
MP00022206,MP00022206,2023-09-07,13:58:27,PL005,MIL0420176,x@x.com,9999123456,9999123451,9999123452,1,1
MP00022207,MP00022207,2023-09-07,13:58:27,PL010,MIL0421828,x@x.com,9999123456,9999123451,9999123452,1,1
MP00022208,MP00022208,2023-09-07,13:58:27,PL008,MIL0149397,x@x.com,9999123456,9999123451,9999123452,1,1
MP00022209,MP00022209,2023-09-07,13:58:27,PL007,MIL0065407,x@x.com,9999123456,9999123451,9999123452,1,1
MP00022210,MP00022210,2023-09-07,13:58:27,PL002,MIL0266898,x@x.com,9999123456,9999123451,9999123452,1,1
MP00022211,MP00022211,2023-09-07,13:58:27,PL004,MIL0146402,x@x.com,9999123456,9999123451,9999123452,1,1
MP00022212,MP00022212,2023-09-07,13:58:27,PL003,MIL0211569,x@x.com,9999123456,9999123451,9999123452,1,1
MP00022213,MP00022213,2023-09-07,13:58:27,PL003,MIL0580577,x@x.com,9999123456,9999123451,9999123452,1,1
MP00022214,MP00022214,2023-09-07,13:58:27,PL010,MIL0362297,x@x.com,9999123456,9999123451,9999123452,1,1
MP00022215,MP00022215,2023-09-07,13:58:27,PL013,MIL0493915,x@x.com,9999123456,9999123451,9999123452,1,1
MP00022216,MP00022216,2023-09-07,13:58:27,PL001,MIL0200140,x@x.com,9999123456,9999123451,9999123452,1,1
MP00022217,MP00022217,2023-09-07,13:58:27,PL007,MIL0113757,x@x.com,9999123456,9999123451,9999123452,1,1
MP00022218,MP00022218,2023-09-07,13:58:27,PL007,MIL0408707,x@x.com,9999123456,9999123451,9999123452,1,1
MP00022219,MP00022219,2023-09-07,13:58:27,PL008,MIL0553179,x@x.com,9999123456,9999123451,9999123452,1,1
MP00022220,MP00022220,2023-09-07,13:58:27,PL013,MIL0250263,x@x.com,9999123456,9999123451,9999123452,1,1
MP00022221,MP00022221,2023-09-07,13:58:27,PL006,MIL0472516,x@x.com,9999123456,9999123451,9999123452,1,1
MP00022222,MP00022222,2023-09-07,13:58:27,PL012,MIL0388570,x@x.com,9999123456,9999123451,9999123452,1,1
MP00022223,MP00022223,2023-09-07,13:58:27,PL012,MIL0105448,x@x.com,9999123456,9999123451,9999123452,1,1
MP00022224,MP00022224,2023-09-07,13:58:27,PL010,MIL0182319,x@x.com,9999123456,9999123451,9999123452,1,1
MP00022225,MP00022225,2023-09-07,13:58:27,PL008,MIL0438837,x@x.com,9999123456,9999123451,9999123452,1,1
MP00022226,MP00022226,2023-09-07,13:58:27,PL006,MIL0233353,x@x.com,9999123456,9999123451,9999123452,1,1
MP00022227,MP00022227,2023-09-07,13:58:27,PL002,MIL0576739,x@x.com,9999123456,9999123451,9999123452,1,1
MP00022228,MP00022228,2023-09-07,13:58:27,PL009,MIL0069806,x@x.com,9999123456,9999123451,9999123452,1,1
MP00022229,MP00022229,2023-09-07,13:58:27,PL012,MIL0426686,x@x.com,9999123456,9999123451,9999123452,1,1
MP00022230,MP00022230,2023-09-07,13:58:27,PL012,MIL0102368,x@x.com,9999123456,9999123451,9999123452,1,1
MP00022231,MP00022231,2023-09-07,13:58:27,PL009,MIL0200302,x@x.com,9999123456,9999123451,9999123452,1,1
MP00022232,MP00022232,2023-09-07,13:58:27,PL002,MIL0384445,x@x.com,9999123456,9999123451,9999123452,1,1
MP00022233,MP00022233,2023-09-07,13:58:27,PL011,MIL0247795,x@x.com,9999123456,9999123451,9999123452,1,1
MP00022234,MP00022234,2023-09-07,13:58:27,PL007,MIL0089594,x@x.com,9999123456,9999123451,9999123452,1,1
MP00022235,MP00022235,2023-09-07,13:58:27,PL009,MIL0460649,x@x.com,9999123456,9999123451,9999123452,1,1
MP00022236,MP00022236,2023-09-07,13:58:27,PL004,MIL0486377,x@x.com,9999123456,9999123451,9999123452,1,1
MP00022237,MP00022237,2023-09-07,13:58:27,PL001,MIL0575986,x@x.com,9999123456,9999123451,9999123452,1,1
MP00022238,MP00022238,2023-09-07,13:58:27,PL005,MIL0438872,x@x.com,9999123456,9999123451,9999123452,1,1
MP00022239,MP00022239,2023-09-07,13:58:27,PL001,MIL0100669,x@x.com,9999123456,9999123451,9999123452,1,1
MP00022240,MP00022240,2023-09-07,13:58:27,PL012,MIL0390025,x@x.com,9999123456,9999123451,9999123452,1,1
MP00022241,MP00022241,2023-09-07,13:58:27,PL008,MIL0231468,x@x.com,9999123456,9999123451,9999123452,1,1
MP00022242,MP00022242,2023-09-07,13:58:27,PL006,MIL0487963,x@x.com,9999123456,9999123451,9999123452,1,1
MP00022243,MP00022243,2023-09-07,13:58:27,PL003,MIL0375757,x@x.com,9999123456,9999123451,9999123452,1,1
MP00022244,MP00022244,2023-09-07,13:58:27,PL007,MIL0078944,x@x.com,9999123456,9999123451,9999123452,1,1
MP00022245,MP00022245,2023-09-07,13:58:27,PL003,MIL0518258,x@x.com,9999123456,9999123451,9999123452,1,1
MP00022246,MP00022246,2023-09-07,13:58:27,PL003,MIL0070234,x@x.com,9999123456,9999123451,9999123452,1,1
MP00022247,MP00022247,2023-09-07,13:58:27,PL005,MIL0096834,x@x.com,9999123456,9999123451,9999123452,1,1
MP00022248,MP00022248,2023-09-07,13:58:27,PL005,MIL0353973,x@x.com,9999123456,9999123451,9999123452,1,1
MP00022249,MP00022249,2023-09-07,13:58:27,PL009,MIL0466367,x@x.com,9999123456,9999123451,9999123452,1,1
MP00022250,MP00022250,2023-09-07,13:58:27,PL003,MIL0523671,x@x.com,9999123456,9999123451,9999123452,1,1
MP00022251,MP00022251,2023-09-07,13:58:27,PL010,MIL0124043,x@x.com,9999123456,9999123451,9999123452,1,1
MP00022252,MP00022252,2023-09-07,13:58:27,PL010,MIL0057701,x@x.com,9999123456,9999123451,9999123452,1,1
MP00022253,MP00022253,2023-09-07,13:58:27,PL008,MIL0480279,x@x.com,9999123456,9999123451,9999123452,1,1
MP00022254,MP00022254,2023-09-07,13:58:27,PL009,MIL0396315,x@x.com,9999123456,9999123451,9999123452,1,1
MP00022255,MP00022255,2023-09-07,13:58:27,PL013,MIL0448753,x@x.com,9999123456,9999123451,9999123452,1,1
MP00022256,MP00022256,2023-09-07,13:58:27,PL012,MIL0353880,x@x.com,9999123456,9999123451,9999123452,1,1
MP00022257,MP00022257,2023-09-07,13:58:27,PL007,MIL0155213,x@x.com,9999123456,9999123451,9999123452,1,1
MP00022258,MP00022258,2023-09-07,13:58:27,PL010,MIL0091525,x@x.com,9999123456,9999123451,9999123452,1,1
MP00022259,MP00022259,2023-09-07,13:58:27,PL002,MIL0281793,x@x.com,9999123456,9999123451,9999123452,1,1
MP00022260,MP00022260,2023-09-07,13:58:27,PL009,MIL0235083,x@x.com,9999123456,9999123451,9999123452,1,1
MP00022261,MP00022261,2023-09-07,13:58:27,PL008,MIL0349832,x@x.com,9999123456,9999123451,9999123452,1,1
MP00022262,MP00022262,2023-09-07,13:58:27,PL007,MIL0096762,x@x.com,9999123456,9999123451,9999123452,1,1
MP00022263,MP00022263,2023-09-07,13:58:27,PL009,MIL0579771,x@x.com,9999123456,9999123451,9999123452,1,1
MP00022264,MP00022264,2023-09-07,13:58:27,PL010,MIL0141595,x@x.com,9999123456,9999123451,9999123452,1,1
MP00022265,MP00022265,2023-09-07,13:58:27,PL013,MIL0308049,x@x.com,9999123456,9999123451,9999123452,1,1
MP00022266,MP00022266,2023-09-07,13:58:27,PL005,MIL0056378,x@x.com,9999123456,9999123451,9999123452,1,1
MP00022267,MP00022267,2023-09-07,13:58:27,PL002,MIL0160141,x@x.com,9999123456,9999123451,9999123452,1,1
MP00022268,MP00022268,2023-09-07,13:58:27,PL004,MIL0569002,x@x.com,9999123456,9999123451,9999123452,1,1
MP00022269,MP00022269,2023-09-07,13:58:27,PL002,MIL0042142,x@x.com,9999123456,9999123451,9999123452,1,1
MP00022270,MP00022270,2023-09-07,13:58:27,PL006,MIL0001699,x@x.com,9999123456,9999123451,9999123452,1,1
MP00022271,MP00022271,2023-09-07,13:58:27,PL013,MIL0214855,x@x.com,9999123456,9999123451,9999123452,1,1
MP00022272,MP00022272,2023-09-07,13:58:27,PL010,MIL0224054,x@x.com,9999123456,9999123451,9999123452,1,1
MP00022273,MP00022273,2023-09-07,13:58:27,PL013,MIL0010221,x@x.com,9999123456,9999123451,9999123452,1,1
MP00022274,MP00022274,2023-09-07,13:58:27,PL007,MIL0056684,x@x.com,9999123456,9999123451,9999123452,1,1
MP00022275,MP00022275,2023-09-07,13:58:27,PL012,MIL0578661,x@x.com,9999123456,9999123451,9999123452,1,1
MP00022276,MP00022276,2023-09-07,13:58:27,PL004,MIL0305289,x@x.com,9999123456,9999123451,9999123452,1,1
MP00022277,MP00022277,2023-09-07,13:58:27,PL001,MIL0274983,x@x.com,9999123456,9999123451,9999123452,1,1
MP00022278,MP00022278,2023-09-07,13:58:27,PL001,MIL0156898,x@x.com,9999123456,9999123451,9999123452,1,1
MP00022279,MP00022279,2023-09-07,13:58:27,PL001,MIL0372116,x@x.com,9999123456,9999123451,9999123452,1,1
MP00022280,MP00022280,2023-09-07,13:58:27,PL006,MIL0482206,x@x.com,9999123456,9999123451,9999123452,1,1
MP00022281,MP00022281,2023-09-07,13:58:27,PL001,MIL0156890,x@x.com,9999123456,9999123451,9999123452,1,1
MP00022282,MP00022282,2023-09-07,13:58:27,PL011,MIL0333089,x@x.com,9999123456,9999123451,9999123452,1,1
MP00022283,MP00022283,2023-09-07,13:58:27,PL003,MIL0047775,x@x.com,9999123456,9999123451,9999123452,1,1
MP00022284,MP00022284,2023-09-07,13:58:27,PL006,MIL0108886,x@x.com,9999123456,9999123451,9999123452,1,1
MP00022285,MP00022285,2023-09-07,13:58:27,PL011,MIL0475847,x@x.com,9999123456,9999123451,9999123452,1,1
MP00022286,MP00022286,2023-09-07,13:58:27,PL009,MIL0477093,x@x.com,9999123456,9999123451,9999123452,1,1
MP00022287,MP00022287,2023-09-07,13:58:27,PL009,MIL0330391,x@x.com,9999123456,9999123451,9999123452,1,1
MP00022288,MP00022288,2023-09-07,13:58:27,PL003,MIL0566167,x@x.com,9999123456,9999123451,9999123452,1,1
MP00022289,MP00022289,2023-09-07,13:58:27,PL008,MIL0244303,x@x.com,9999123456,9999123451,9999123452,1,1
MP00022290,MP00022290,2023-09-07,13:58:27,PL008,MIL0443084,x@x.com,9999123456,9999123451,9999123452,1,1
MP00022291,MP00022291,2023-09-07,13:58:27,PL011,MIL0230469,x@x.com,9999123456,9999123451,9999123452,1,1
MP00022292,MP00022292,2023-09-07,13:58:27,PL007,MIL0211327,x@x.com,9999123456,9999123451,9999123452,1,1
MP00022293,MP00022293,2023-09-07,13:58:27,PL007,MIL0529905,x@x.com,9999123456,9999123451,9999123452,1,1
MP00022294,MP00022294,2023-09-07,13:58:27,PL009,MIL0337652,x@x.com,9999123456,9999123451,9999123452,1,1
MP00022295,MP00022295,2023-09-07,13:58:27,PL001,MIL0247428,x@x.com,9999123456,9999123451,9999123452,1,1
MP00022296,MP00022296,2023-09-07,13:58:27,PL003,MIL0513289,x@x.com,9999123456,9999123451,9999123452,1,1
MP00022297,MP00022297,2023-09-07,13:58:27,PL002,MIL0229753,x@x.com,9999123456,9999123451,9999123452,1,1
MP00022298,MP00022298,2023-09-07,13:58:27,PL012,MIL0209658,x@x.com,9999123456,9999123451,9999123452,1,1
MP00022299,MP00022299,2023-09-07,13:58:27,PL012,MIL0353505,x@x.com,9999123456,9999123451,9999123452,1,1
MP00022300,MP00022300,2023-09-07,13:58:27,PL012,MIL0075614,x@x.com,9999123456,9999123451,9999123452,1,1
MP00022301,MP00022301,2023-09-07,13:58:27,PL013,MIL0440721,x@x.com,9999123456,9999123451,9999123452,1,1
MP00022302,MP00022302,2023-09-07,13:58:27,PL011,MIL0550061,x@x.com,9999123456,9999123451,9999123452,1,1
MP00022303,MP00022303,2023-09-07,13:58:27,PL004,MIL0367577,x@x.com,9999123456,9999123451,9999123452,1,1
MP00022304,MP00022304,2023-09-07,13:58:27,PL010,MIL0182931,x@x.com,9999123456,9999123451,9999123452,1,1
MP00022305,MP00022305,2023-09-07,13:58:27,PL013,MIL0105292,x@x.com,9999123456,9999123451,9999123452,1,1
MP00022306,MP00022306,2023-09-07,13:58:27,PL009,MIL0223770,x@x.com,9999123456,9999123451,9999123452,1,1
MP00022307,MP00022307,2023-09-07,13:58:27,PL012,MIL0417040,x@x.com,9999123456,9999123451,9999123452,1,1
MP00022308,MP00022308,2023-09-07,13:58:27,PL005,MIL0398880,x@x.com,9999123456,9999123451,9999123452,1,1
MP00022309,MP00022309,2023-09-07,13:58:27,PL007,MIL0019707,x@x.com,9999123456,9999123451,9999123452,1,1
MP00022310,MP00022310,2023-09-07,13:58:27,PL005,MIL0161311,x@x.com,9999123456,9999123451,9999123452,1,1
MP00022311,MP00022311,2023-09-07,13:58:27,PL010,MIL0250399,x@x.com,9999123456,9999123451,9999123452,1,1
MP00022312,MP00022312,2023-09-07,13:58:27,PL008,MIL0297526,x@x.com,9999123456,9999123451,9999123452,1,1
MP00022313,MP00022313,2023-09-07,13:58:27,PL010,MIL0418972,x@x.com,9999123456,9999123451,9999123452,1,1
MP00022314,MP00022314,2023-09-07,13:58:27,PL012,MIL0134075,x@x.com,9999123456,9999123451,9999123452,1,1
MP00022315,MP00022315,2023-09-07,13:58:27,PL009,MIL0299863,x@x.com,9999123456,9999123451,9999123452,1,1
MP00022316,MP00022316,2023-09-07,13:58:27,PL001,MIL0455132,x@x.com,9999123456,9999123451,9999123452,1,1
MP00022317,MP00022317,2023-09-07,13:58:27,PL005,MIL0249476,x@x.com,9999123456,9999123451,9999123452,1,1
MP00022318,MP00022318,2023-09-07,13:58:27,PL012,MIL0063098,x@x.com,9999123456,9999123451,9999123452,1,1
MP00022319,MP00022319,2023-09-07,13:58:27,PL011,MIL0380971,x@x.com,9999123456,9999123451,9999123452,1,1
MP00022320,MP00022320,2023-09-07,13:58:27,PL001,MIL0523422,x@x.com,9999123456,9999123451,9999123452,1,1
MP00022321,MP00022321,2023-09-07,13:58:27,PL010,MIL0281856,x@x.com,9999123456,9999123451,9999123452,1,1
