Fecha,Hora,Megabytes Normal,Megabytes Picos
2023-08-03,16:24:44,14.51,14.72
2023-08-03,16:26:28,14.52,14.72
2023-08-03,16:26:35,0.76,0.99
2023-08-03,16:26:41,0.76,0.99
2023-08-03,18:23:31,1.39,1.49
2023-08-03,18:23:52,0.76,0.99
2023-08-03,18:24:37,0.76,0.99
2023-08-03,18:24:53,1.41,1.61
2023-08-03,18:25:34,1.41,1.61
2023-08-03,18:25:41,0.76,0.99
2023-08-03,18:26:13,0.76,0.93
2023-08-03,18:26:37,0.76,0.99
2023-08-03,18:27:05,14.66,14.97
2023-08-03,18:27:17,18.53,18.75
2023-08-04,10:19:13,1.39,1.48
2023-08-04,10:19:50,0.75,0.98
2023-08-04,10:20:50,0.75,0.99
2023-08-04,10:21:42,0.75,0.99
2023-08-04,10:22:30,0.71,0.86
2023-08-04,10:31:29,1.41,1.6
2023-08-04,10:32:22,0.75,0.99
2023-08-04,10:35:40,0.75,0.99
2023-08-04,10:36:09,0.75,0.98
2023-08-04,10:37:32,0.75,0.99
2023-08-04,10:37:39,23.42,27.86
2023-08-04,10:38:03,35.37,35.68
2023-08-04,10:38:16,39.24,39.46
2023-08-04,10:38:28,30.15,31.89
2023-08-04,10:42:36,30.17,31.91
2023-08-04,10:42:54,30.17,31.91
2023-08-04,10:43:00,34.74,35.85
2023-08-04,10:43:36,34.67,35.86
2023-08-04,10:45:33,34.7,35.86
2023-08-04,10:45:39,34.67,35.86
2023-08-04,10:47:29,34.71,35.86
2023-08-04,10:47:35,30.17,31.91
2023-08-04,10:47:48,44.11,44.37
2023-08-04,10:47:59,18.53,18.75
2023-08-04,11:58:41,1.39,1.48
2023-08-04,11:59:12,1.39,1.48
2023-08-04,11:59:18,0.75,0.99
2023-08-04,11:59:27,1.2,2.14
2023-08-04,12:01:16,0.85,1.08
2023-08-04,12:01:24,1.24,2.18
2023-08-04,12:03:18,1.24,2.18
2023-08-04,12:12:39,1.24,2.18
2023-08-04,12:13:06,0.85,1.08
2023-08-04,12:13:26,14.79,15.06
2023-08-04,12:13:49,18.54,18.75
2023-08-04,12:14:27,30.16,31.9
2023-08-04,12:23:14,30.16,31.9
2023-08-04,12:23:24,7.66,31.9
2023-08-04,12:24:26,0.88,1.11
2023-08-04,12:24:43,1.42,1.61
2023-08-04,12:26:04,0.77,1
2023-08-04,14:37:35,1.4,1.49
2023-08-05,10:07:22,1.39,1.48
2023-08-05,13:55:31,1.39,1.48
2023-08-05,13:55:55,0.75,0.98
2023-08-05,13:58:49,0.76,0.99
2023-08-05,13:58:58,1.21,2.15
2023-08-05,14:00:40,103.24,109.3
2023-08-05,14:01:42,103.24,109.3
2023-08-05,14:02:17,0.85,1.08
2023-08-05,14:02:36,14.79,15.06
2023-08-05,14:03:22,18.54,18.76
2023-08-05,14:04:19,30.16,31.91
2023-08-05,14:04:37,47.69,47.99
2023-08-05,14:05:30,22.26,22.48
2023-08-05,14:06:03,37.87,40.37
2023-08-05,14:06:15,51.8,52.11
2023-08-05,14:06:26,18.54,18.76
2023-08-05,14:11:07,30.17,31.91
2023-08-05,14:16:24,44.1,44.41
2023-08-05,14:16:30,30.17,31.91
2023-08-05,14:17:56,30.16,31.9
2023-08-05,14:18:03,7.66,31.9
2023-08-05,14:18:56,1.25,2.19
2023-08-05,14:27:19,0.86,1.09
2023-08-05,14:27:32,17.55,21.37
2023-08-05,14:35:14,23.53,23.78
2023-08-05,14:35:54,18.95,21.53
2023-08-05,14:36:22,23.53,23.78
2023-08-06,21:15:47,1.39,1.48
2023-08-06,21:16:07,0.76,0.92
2023-08-06,21:16:11,0.75,0.98
2023-08-06,21:16:30,4.24,4.42
2023-08-06,21:16:40,4.95,5.1
2023-08-06,22:43:15,1.39,1.48
2023-08-06,22:43:20,0.75,0.98
2023-08-06,22:43:28,4.69,4.86
2023-08-06,22:43:41,5.4,5.55
2023-08-06,22:45:01,5.34,5.57
2023-08-06,22:45:08,8.87,9
2023-08-06,22:45:15,4.95,5.1
2023-08-06,23:10:25,5.74,5.89
2023-08-06,23:10:46,4.39,4.62
2023-08-06,23:11:05,4.4,4.63
2023-08-06,23:11:26,30.72,30.9
2023-08-06,23:11:49,35.54,35.81
2023-08-07,09:24:36,1.39,1.48
2023-08-07,09:50:49,0.75,0.98
2023-08-07,09:51:16,1.2,2.14
2023-08-07,09:51:26,0.85,1.08
2023-08-07,09:56:45,0.85,1.08
2023-08-07,09:57:17,1.24,2.18
2023-08-07,09:57:22,0.85,1.08
2023-08-07,09:58:05,0.85,1.08
2023-08-07,09:58:16,43.42,53.62
2023-08-07,09:59:18,0.83,1.06
2023-08-07,09:59:22,1.23,2.18
2023-08-07,09:59:44,0.85,1.08
2023-08-07,09:59:50,1.24,2.18
2023-08-07,10:05:18,1.25,2.19
2023-08-07,10:05:39,0.85,1.09
2023-08-07,10:05:55,4.38,4.52
2023-08-07,10:06:47,4.35,4.56
2023-08-07,10:07:36,4.39,4.52
2023-08-07,10:07:43,4.96,5.11
2023-08-07,10:10:02,4.41,4.64
2023-08-23,21:48:59,1.39,1.48
2023-08-23,21:49:55,0.75,0.92
2023-08-23,21:51:32,1.41,1.6
2023-08-23,21:53:24,1.41,1.6
2023-08-23,21:53:45,1.41,1.6
2023-08-23,21:53:49,0.75,0.99
2023-08-23,21:54:06,1.17,2.23
2023-08-23,21:54:18,0.8,1.03
2023-08-23,21:55:02,0.8,1.03
2023-08-23,21:55:11,5.54,6.48
2023-08-23,21:55:32,5.53,6.46
2023-08-23,21:55:56,5.53,6.46
2023-08-23,21:56:20,0.76,0.99
2023-08-23,21:57:36,0.71,0.88
2023-08-23,23:56:12,0.71,0.88
2023-08-23,23:56:22,0.76,0.99
2023-08-23,23:56:46,1.22,2.25
2023-08-24,11:49:31,1.39,1.48
2023-08-24,11:49:37,0.75,0.98
2023-08-24,11:50:10,1.21,2.23
2023-08-24,11:50:53,0.86,1.1
2023-08-24,11:50:59,1.25,2.27
2023-08-24,11:57:57,1.69,1.88
2023-08-24,11:58:30,1.32,1.55
2023-08-24,11:58:36,1.71,2.39
2023-08-24,11:58:47,36.78,408.4
2023-08-24,12:01:15,1.7,2.39
2023-08-24,12:02:39,273.46,290.52
2023-08-24,12:09:40,273.46,290.52
2023-08-24,12:10:16,303.26,303.77
2023-08-24,12:11:05,303.09,303.52
2023-08-24,12:13:31,303.26,303.77
2023-08-24,12:14:08,40.38,40.84
2023-08-24,12:25:44,64.69,69.14
2023-08-24,12:25:54,76.71,79.5
2023-08-24,12:26:06,76.62,79.52
2023-08-24,12:26:52,64.7,69.16
2023-08-24,12:27:04,77.42,80.4
2023-08-28,02:10:41,1.39,1.48
2023-08-28,02:10:41,1.39,1.48
2023-08-28,02:11:30,0.75,0.98
2023-08-28,02:14:29,0.75,0.98
2023-08-28,02:14:48,0.75,0.99
2023-08-28,02:14:58,0.76,0.99
2023-08-28,02:27:22,1.39,1.48
2023-08-28,02:27:28,0.75,0.98
2023-08-29,08:32:08,1.39,1.48
2023-08-29,08:32:32,1.41,1.6
2023-08-29,08:32:36,0.76,0.99
2023-08-29,08:38:03,0.76,0.99
2023-08-29,08:38:40,0.81,1.93
2023-08-29,08:39:59,0.81,1.93
2023-08-29,08:41:35,0.76,0.99
2023-08-29,08:41:46,1.21,2.24
2023-08-29,08:42:32,36.39,408
2023-08-29,08:43:20,1.3,2.29
2023-08-29,08:43:29,0.91,1.14
2023-08-29,08:43:33,1.3,2.29
2023-08-29,08:44:03,273.46,290.52
2023-08-29,08:54:06,1.25,2.28
2023-08-29,08:57:31,0.99,1.22
2023-08-29,08:58:20,30.8,31.31
2023-08-29,08:58:22,1.41,54.22
2023-08-29,08:58:37,1.41,1.6
2023-08-29,08:58:50,0.75,0.99
2023-08-29,08:59:06,1.41,1.6
2023-08-29,08:59:10,0.76,0.99
2023-08-29,08:59:21,14.51,14.71
2023-08-29,08:59:41,14.64,14.84
2023-08-29,08:59:55,14.5,14.8
2023-08-29,09:00:05,14.64,14.84
2023-08-29,09:00:33,0.76,0.99
2023-08-29,09:00:43,14.51,14.71
2023-08-29,09:01:31,39.56,40.11
2023-08-29,09:01:52,39.5,39.86
2023-08-29,09:02:06,39.43,39.86
2023-08-29,09:03:38,39.56,40.11
2023-08-29,09:04:50,49.41,49.87
2023-08-29,10:03:06,1.39,1.48
2023-08-29,10:03:13,0.76,0.99
2023-08-29,10:07:58,0.81,1.93
2023-08-29,10:20:31,0.81,1.93
2023-08-29,10:32:29,0.81,1.93
2023-08-29,10:32:38,0.76,0.99
2023-08-29,10:32:45,1.21,2.24
2023-08-29,10:32:55,36.57,407.97
2023-08-29,10:33:32,1.24,2.27
2023-08-29,20:52:10,1.37,54.22
2023-08-29,20:52:40,1.41,1.6
2023-08-29,21:34:22,0.75,0.99
2023-08-29,21:34:29,0.75,0.99
2023-08-29,21:34:39,0.75,0.99
2023-08-29,21:34:43,0.75,0.99
2023-08-29,21:34:48,36.09,44.36
2023-08-31,08:14:04,1.39,1.48
2023-08-31,08:16:06,0.69,0.85
2023-08-31,08:16:19,1.41,1.6
2023-08-31,08:17:44,0.75,0.99
2023-08-31,08:48:09,0.79,1.02
2023-08-31,08:48:17,1.08,1.25
2023-08-31,08:48:42,0.79,1.02
2023-08-31,10:47:26,0.77,0.87
2023-08-31,10:50:17,33.62,35.42
2023-08-31,10:50:28,1.39,1.48
2023-08-31,11:17:32,31.78,33.45
2023-08-31,11:17:56,31.78,33.45
2023-08-31,11:21:37,31.8,33.46
2023-08-31,11:22:42,58.51,65.83
2023-08-31,11:24:03,58.51,65.83
2023-08-31,11:24:25,58.51,65.83
2023-08-31,11:28:58,58.51,65.83
2023-08-31,11:30:20,58.51,65.83
2023-08-31,11:33:55,58.51,65.83
2023-08-31,11:51:25,0.74,0.83
2023-08-31,11:53:51,0.74,0.83
2023-08-31,11:56:48,0.74,0.83
2023-08-31,12:01:26,0.74,0.83
2023-08-31,12:04:58,0.74,0.83
2023-08-31,12:08:03,0.74,0.83
2023-08-31,13:20:31,1.39,1.48
2023-08-31,13:28:20,0.74,0.83
2023-08-31,13:35:52,0.75,0.99
2023-08-31,13:36:10,1.36,7.46
2023-08-31,13:36:58,0.81,1.04
2023-08-31,14:02:10,0.76,0.99
2023-08-31,16:29:00,1.39,1.49
2023-08-31,16:29:37,1.4,1.49
2023-08-31,16:30:03,0.76,0.99
2023-08-31,16:30:20,1.37,7.47
2023-08-31,18:12:48,1.39,1.49
2023-08-31,18:12:56,0.76,0.99
2023-08-31,18:13:02,1.36,7.47
2023-08-31,18:14:11,0.8,1.03
2023-08-31,18:14:21,80.18,97.82
2023-08-31,18:14:49,86.16,97.97
2023-08-31,18:31:50,80.07,97.97
2023-08-31,18:32:04,1.41,1.61
2023-08-31,18:36:07,1.39,1.49
2023-08-31,18:36:34,0.76,0.99
2023-08-31,18:36:42,1.22,2.25
2023-08-31,18:49:57,3.19,3.42
2023-08-31,18:50:11,3.19,3.42
2023-08-31,19:01:04,3.19,3.42
2023-08-31,19:01:13,6.17,7.11
2023-08-31,19:05:34,15.97,16.17
2023-08-31,19:06:23,19.71,19.91
2023-08-31,19:12:12,26.47,28.06
2023-08-31,19:15:38,13.73,28.06
2023-08-31,19:25:58,0.77,1
2023-08-31,19:26:46,7.9,9.01
2023-08-31,23:37:17,7.9,9.01
2023-08-31,23:42:36,27.48,34.79
2023-08-31,23:42:49,1.41,1.61
2023-08-31,23:42:57,0.76,0.99
2023-08-31,23:44:13,1.38,7.48
2023-08-31,23:44:46,1.38,7.48
2023-09-01,02:47:26,1.35,1.45
2023-09-01,03:08:31,0.76,0.99
2023-09-02,20:57:51,1.39,1.48
2023-09-02,20:57:57,0.75,0.98
2023-09-02,21:10:50,1.39,1.48
2023-09-02,21:11:01,0.76,0.99
2023-09-02,21:11:15,1.36,7.46
2023-09-02,21:12:39,0.81,1.04
2023-09-02,21:12:56,27.49,34.8
2023-09-02,21:13:42,39.31,42.08
2023-09-02,21:14:48,0.77,1
2023-09-02,21:15:03,80.18,97.81
2023-09-02,21:15:22,90.59,97.98
2023-09-02,21:16:33,80.18,97.81
2023-09-03,00:55:41,1.4,1.49
2023-09-03,11:44:47,1.39,1.48
2023-09-03,11:44:56,0.75,0.98
2023-09-03,11:45:11,80.17,97.8
2023-09-03,11:45:31,92.1,97.96
2023-09-03,11:58:12,92.1,97.96
2023-09-03,14:30:53,1.39,1.48
2023-09-03,14:45:33,0.74,0.83
2023-09-03,14:50:35,0.74,0.83
2023-09-03,14:51:49,0.83,1.06
2023-09-03,15:07:26,0.78,0.92
2023-09-03,15:16:08,0.78,0.92
2023-09-03,22:43:56,1.39,1.48
2023-09-04,00:52:49,1.39,1.48
2023-09-04,00:52:56,0.75,0.98
2023-09-04,00:54:23,0.75,0.98
2023-09-04,00:54:51,83.4,97.83
2023-09-04,00:56:28,83.4,97.83
2023-09-04,00:57:45,83.4,97.83
2023-09-04,01:02:06,83.4,97.83
2023-09-04,01:04:13,0.75,0.98
2023-09-04,01:09:16,0.99,7.16
2023-09-04,01:13:23,0.76,0.99
2023-09-05,21:52:07,1.39,1.48
2023-09-06,00:12:57,1.39,1.48
2023-09-06,13:22:55,1.39,1.48
2023-09-06,13:47:58,0.74,0.84
2023-09-06,13:48:02,0.76,0.99
2023-09-06,14:17:14,1.39,1.48
2023-09-06,14:17:21,0.75,0.98
2023-09-06,14:17:29,1.35,7.46
2023-09-06,14:17:48,0.8,1.03
2023-09-06,14:18:21,83.41,97.85
2023-09-06,17:22:31,1.39,1.48
2023-09-06,17:22:40,0.76,0.99
2023-09-06,17:23:21,1.4,7.47
2023-09-06,17:23:40,1.42,7.5
2023-09-06,19:13:14,1.39,1.48
2023-09-06,19:13:55,1.41,1.61
2023-09-06,19:14:00,0.76,0.99
2023-09-06,19:14:46,1.39,1.49
2023-09-06,19:14:55,0.76,0.99
2023-09-06,19:17:56,5.52,6.46
2023-09-06,19:19:16,15.97,16.17
2023-09-06,19:19:39,16.3,16.51
2023-09-06,19:19:53,15.97,16.17
2023-09-06,19:20:44,16.34,16.55
2023-09-06,19:21:05,15.97,16.17
2023-09-06,19:21:14,19.7,19.9
2023-09-06,19:24:32,26.46,28.05
2023-09-06,19:24:41,7.06,28.05
2023-09-06,19:25:34,36.34,44.62
2023-09-06,19:26:44,0.87,1.1
2023-09-06,19:30:38,0.87,1.1
2023-09-06,19:38:37,0.87,1.1
2023-09-06,19:38:50,1.41,1.61
2023-09-06,19:38:55,0.76,0.99
2023-09-06,19:41:24,0.79,1.02
2023-09-06,19:41:55,1.23,2.26
2023-09-06,19:45:47,1.59,1.78
2023-09-06,19:47:45,1.33,1.56
2023-09-06,20:17:28,1.4,1.49
2023-09-06,20:18:50,0.76,0.99
2023-09-06,20:19:05,5.19,6.44
2023-09-07,00:55:06,1.4,1.49
2023-09-07,00:55:19,1.41,1.61
2023-09-07,00:55:59,0.76,0.99
2023-09-07,00:56:16,1.41,7.48
2023-09-07,00:56:31,0.8,1.03
2023-09-07,00:57:02,83.42,97.85
2023-09-07,00:59:15,88.4,98.01
2023-09-07,00:59:52,89.92,98.27
2023-09-07,01:00:23,9.67,9.97
2023-09-07,01:00:59,9.67,9.97
2023-09-07,01:01:08,85.36,99.79
2023-09-07,01:01:25,89.92,98.27
2023-09-07,01:01:42,9.67,9.97
2023-09-07,01:02:14,9.67,9.97
2023-09-07,01:02:30,85.36,99.79
2023-09-07,01:02:46,89.92,98.27
2023-09-07,01:05:42,9.66,9.97
2023-09-07,01:05:55,9.67,9.97
2023-09-07,01:06:53,9.67,9.98
2023-09-07,01:07:02,85.36,99.8
2023-09-07,01:07:09,0.78,1.01
2023-09-07,01:07:32,0.78,1.01
2023-09-07,01:07:43,83.42,97.86
2023-09-07,01:08:20,89.93,98.29
2023-09-07,01:08:28,9.68,9.99
2023-09-07,01:08:49,9.68,9.99
2023-09-07,01:09:01,85.37,99.8
2023-09-07,01:09:15,89.93,98.29
2023-09-07,01:09:38,9.69,9.99
2023-09-07,01:09:52,85.37,99.81
2023-09-07,01:10:17,88.41,98.03
2023-09-07,01:10:46,89.93,98.29
2023-09-07,01:11:27,85.37,99.81
2023-09-07,01:11:43,100.05,100.5
2023-09-07,01:12:27,104.71,105.07
2023-09-07,01:13:00,90.36,104.8
2023-09-07,01:13:49,0.79,1.02
2023-09-07,01:22:35,1.4,1.49
2023-09-07,01:22:47,0.76,0.99
2023-09-07,01:22:55,83.41,97.84
2023-09-07,01:26:26,88.39,98.01
2023-09-07,01:26:56,89.92,98.27
2023-09-07,01:29:09,9.67,9.97
2023-09-07,01:33:17,1.4,1.49
2023-09-07,01:33:22,0.76,0.99
2023-09-07,01:42:03,1,7.16
2023-09-07,01:43:51,0.77,1
2023-09-07,01:44:12,1.41,7.48
2023-09-07,01:47:52,1.42,7.49
2023-09-07,01:48:44,300.32,2007.8
2023-09-07,01:49:10,1.42,7.49
2023-09-07,01:51:50,1.58,1.77
2023-09-07,01:52:18,1.7,1.89
2023-09-07,01:54:43,1.32,1.55
2023-09-07,02:52:08,1.4,1.49
2023-09-07,02:52:17,0.76,0.99
2023-09-07,02:52:28,1.41,7.48
2023-09-07,13:56:51,1.39,1.48
2023-09-07,14:03:24,2.08,2.18
2023-09-07,14:03:30,2.1,2.33
2023-09-07,14:56:47,2.08,2.23
2023-09-08,09:20:24,1.39,1.48
2023-09-08,10:14:07,1.39,1.48
2023-09-08,13:21:35,1.39,1.48
2023-09-10,02:11:49,1.39,1.48
2023-09-10,02:12:01,1.41,1.6
2023-09-10,02:12:06,0.75,0.99
2023-09-10,02:15:45,0.81,1.92
2023-09-10,02:16:56,0.81,1.92
2023-09-10,02:39:33,0.81,1.92
2023-09-10,02:46:28,0.81,1.93
2023-09-10,02:47:55,0.81,1.93
2023-09-10,02:50:20,0.81,1.93
2023-09-10,02:51:22,0.81,1.93
2023-09-10,02:51:55,0.81,1.92
2023-09-10,02:52:24,0.81,1.92
2023-09-10,03:01:04,0.81,1.92
2023-09-10,03:02:22,0.81,1.92
2023-09-10,03:02:53,0.81,1.92
2023-09-10,03:03:46,0.81,1.92
2023-09-10,03:07:16,0.81,1.92
2023-09-10,03:08:40,0.81,1.92
2023-09-10,03:23:04,0.81,1.93
2023-09-12,08:26:09,1.39,1.48
2023-09-12,08:26:22,1.41,1.6
2023-09-12,08:26:42,0.75,0.99
2023-09-12,08:27:02,71.47,87.26
2023-09-12,08:27:24,72.03,87.43
2023-09-12,08:27:31,0.76,0.99
2023-09-12,08:28:28,72.73,87.3
2023-09-12,08:30:44,74.49,87.46
2023-09-12,08:31:20,74.49,87.46
2023-09-12,10:20:14,10.9,13.24
2023-09-12,10:22:07,1.41,1.6
2023-09-12,10:41:25,1.39,1.48
2023-09-12,10:41:49,0.75,0.98
2023-09-12,10:42:06,1.21,2.23
2023-09-12,10:42:42,0.85,1.08
2023-09-12,10:42:53,1.24,2.27
2023-09-12,10:43:44,1.24,2.18
2023-09-12,10:44:17,1.41,1.61
2023-09-12,10:44:24,0.76,0.99
2023-09-12,10:44:37,1.22,2.16
2023-09-12,10:46:48,43.56,401.87
2023-09-12,10:51:51,1.23,2.17
2023-09-12,10:55:59,1.35,2.29
2023-09-12,10:57:00,1.35,2.29
2023-09-12,14:53:57,1.39,1.49
2023-09-12,14:54:16,0.76,0.99
2023-09-12,14:56:29,1.22,2.16
2023-09-12,15:03:06,1.23,2.17
2023-09-12,15:08:42,1.23,2.17
2023-09-12,15:10:38,0.81,0.99
2023-09-12,15:18:25,1.36,1.6
2023-09-12,15:19:24,1.36,1.6
2023-09-12,15:19:58,1.36,1.6
2023-09-12,15:20:18,1.36,1.6
2023-09-12,15:24:01,1.36,1.68
2023-09-12,15:24:11,1.36,1.71
2023-09-12,15:29:09,4.76,6.96
2023-09-12,15:31:24,4.57,6.96
2023-09-12,15:34:16,4.55,6.96
2023-09-12,15:34:34,1.46,1.88
2023-09-12,15:36:56,1.63,1.83
2023-09-12,15:37:07,1.63,1.83
2023-09-12,15:38:51,1.63,1.83
2023-09-12,15:39:46,1.63,1.83
2023-09-12,15:40:14,1.63,1.83
2023-09-12,15:42:38,1.63,1.83
2023-09-12,15:43:23,1.63,1.83
2023-09-12,15:43:29,1.23,2.17
2023-09-12,15:44:40,1.63,1.83
2023-09-12,15:44:46,1.23,2.17
2023-09-12,15:45:00,1.63,1.83
2023-09-12,15:45:35,1.63,1.83
2023-09-12,15:47:20,1.63,1.83
2023-09-12,15:47:28,1.63,1.83
2023-09-12,15:47:50,1.63,1.83
2023-09-12,15:56:12,1.64,1.84
2023-09-12,15:56:35,1.64,1.84
2023-09-12,15:57:03,1.64,1.84
2023-09-12,15:57:28,1.64,1.84
2023-09-12,15:58:07,1.64,1.84
2023-09-12,15:58:34,1.64,1.84
2023-09-12,15:59:28,1.64,1.84
2023-09-12,15:59:49,1.64,1.84
2023-09-12,16:00:55,1.64,1.84
2023-09-12,16:01:04,1.64,1.84
2023-09-12,16:01:21,1.64,1.84
2023-09-12,16:01:36,1.64,1.84
2023-09-12,16:02:21,1.64,1.84
2023-09-12,16:02:45,1.64,1.84
2023-09-12,16:05:04,1.64,1.85
2023-09-12,16:05:16,1.64,1.85
2023-09-12,16:05:44,1.64,1.85
2023-09-12,16:06:42,1.64,1.84
2023-09-12,16:06:55,1.64,1.84
2023-09-12,16:07:22,1.64,1.85
2023-09-12,16:08:21,1.64,1.85
2023-09-12,16:08:39,1.64,1.85
2023-09-12,16:09:26,1.64,1.85
2023-09-12,16:10:12,1.64,1.84
2023-09-12,16:10:50,1.64,1.84
2023-09-12,16:11:10,1.64,1.84
2023-09-12,16:11:26,1.64,1.84
2023-09-12,16:11:57,1.64,1.84
2023-09-12,16:12:14,1.64,1.85
2023-09-12,16:13:09,1.64,1.85
2023-09-12,16:13:46,1.64,1.85
2023-09-12,16:15:01,1.64,1.85
2023-09-12,16:15:43,1.64,1.85
2023-09-12,16:15:58,1.64,1.85
2023-09-12,16:16:07,1.64,1.85
2023-09-12,16:17:19,1.64,1.85
2023-09-12,16:18:30,1.64,1.85
2023-09-12,16:19:19,1.64,1.85
2023-09-12,16:20:03,1.64,1.85
2023-09-12,16:20:26,1.64,1.85
2023-09-12,16:20:57,1.64,1.85
2023-09-12,16:21:08,1.64,1.85
2023-09-12,16:21:19,1.64,1.85
2023-09-12,16:23:23,1.64,1.85
2023-09-12,16:23:37,1.64,1.85
2023-09-12,16:24:08,1.64,1.85
2023-09-12,16:24:38,1.64,1.85
2023-09-12,16:24:57,1.64,1.85
2023-09-12,16:25:08,1.64,1.85
2023-09-12,16:25:24,1.64,1.85
2023-09-12,16:26:27,1.64,1.85
2023-09-12,16:26:36,1.64,1.85
2023-09-12,16:26:52,1.64,1.85
2023-09-12,16:27:28,1.64,1.85
2023-09-12,16:27:49,1.64,1.85
2023-09-12,16:28:46,1.64,1.85
2023-09-12,16:29:24,1.64,1.85
2023-09-12,16:29:37,1.64,1.85
2023-09-12,16:30:07,1.64,1.85
2023-09-12,16:30:17,1.64,1.85
2023-09-12,16:31:11,1.64,1.85
2023-09-12,16:31:35,1.64,1.85
2023-09-12,16:31:54,1.64,1.85
2023-09-12,16:32:31,1.64,1.85
2023-09-12,16:32:55,1.64,1.85
2023-09-12,16:33:22,1.64,1.85
2023-09-12,16:34:01,1.64,1.85
2023-09-12,16:34:30,1.64,1.85
2023-09-12,16:35:25,1.64,1.85
2023-09-12,16:49:09,1.64,1.85
2023-09-12,16:49:35,1.64,1.85
2023-09-12,16:49:54,1.64,1.85
2023-09-12,16:50:07,1.64,1.85
2023-09-12,16:50:23,1.64,1.85
2023-09-12,16:50:51,1.64,1.85
2023-09-12,16:51:49,1.64,1.85
2023-09-12,16:52:03,1.64,1.85
2023-09-12,16:52:11,1.64,1.85
2023-09-12,16:53:12,1.64,1.85
2023-09-12,16:54:05,1.64,1.85
2023-09-12,16:54:29,1.64,1.85
2023-09-12,16:54:48,1.64,1.85
2023-09-12,16:55:18,1.64,1.85
2023-09-12,16:55:39,1.64,1.85
2023-09-12,16:56:18,1.64,1.85
2023-09-12,16:56:32,1.64,1.85
2023-09-12,16:57:03,1.64,1.85
2023-09-12,16:57:15,1.64,1.85
2023-09-12,16:57:25,1.64,1.85
2023-09-12,16:57:31,1.64,1.85
2023-09-12,16:57:37,1.23,2.17
2023-09-12,16:57:50,1.64,1.85
2023-09-12,16:59:18,1.64,1.85
2023-09-12,17:02:09,1.64,1.85
2023-09-12,17:02:47,1.23,2.17
2023-09-12,17:11:13,1.65,1.85
2023-09-12,17:13:13,1.65,1.85
2023-09-12,17:17:03,1.69,1.93
2023-09-12,17:17:18,1.64,1.85
2023-09-12,17:17:43,1.69,1.93
2023-09-12,17:33:29,1.69,1.93
2023-09-12,18:34:11,1.69,1.93
2023-09-12,18:34:57,1.69,1.93
2023-09-12,18:35:23,1.69,1.93
2023-09-12,18:35:59,1.69,1.93
2023-09-12,18:36:06,1.69,1.93
2023-09-12,18:36:10,1.69,1.93
2023-09-12,18:36:33,1.69,1.93
2023-09-12,19:08:22,1.69,1.93
2023-09-12,19:08:38,1.69,1.93
2023-09-12,21:48:58,1.39,1.49
2023-09-12,21:49:04,0.76,0.99
2023-09-12,21:49:21,1.21,2.15
2023-09-12,21:49:38,1.23,2.17
2023-09-12,21:52:00,0.8,1.04
2023-09-12,21:52:23,1.23,2.17
2023-09-12,21:52:53,1.35,2.29
2023-09-12,21:53:10,0.92,1.16
2023-09-12,21:53:21,0.92,1.16
2023-09-12,21:53:29,1.35,2.29
2023-09-12,21:56:58,0.95,1.11
2023-09-12,21:57:35,0.95,1.11
2023-09-12,21:58:35,1,24.17
2023-09-12,21:59:02,1.01,24.17
2023-09-12,22:13:45,1,24.17
2023-09-12,23:02:08,1,25.6
2023-09-12,23:06:18,1,25.6
2023-09-12,23:07:51,1,25.6
2023-09-12,23:08:55,1,25.6
2023-09-12,23:11:31,0.89,1.06
2023-09-12,23:21:34,1.01,25.61
2023-09-12,23:22:33,1.01,25.61
2023-09-12,23:23:27,1.01,25.61
2023-09-12,23:23:37,1.01,25.61
2023-09-12,23:24:19,1.01,25.61
2023-09-12,23:24:51,1.01,25.61
2023-09-12,23:25:03,1.01,25.61
2023-09-12,23:25:14,1.01,25.61
2023-09-12,23:25:54,1.01,25.61
2023-09-13,00:18:10,1.01,25.61
2023-09-13,00:20:05,1.01,25.61
2023-09-13,00:31:34,1.01,25.61
2023-09-13,00:32:04,1.01,25.61
2023-09-13,00:38:15,1.01,25.61
2023-09-13,00:40:58,1.01,25.61
2023-09-13,00:42:48,1.01,25.61
2023-09-13,00:43:50,1.01,25.61
2023-09-13,00:54:14,1.01,25.61
2023-09-13,00:56:24,0.95,1.11
2023-09-13,01:04:04,1,25.6
2023-09-13,01:06:18,0.95,1.11
2023-09-13,01:06:55,0.95,1.11
2023-09-13,01:07:01,0.95,1.11
2023-09-13,01:07:12,0.95,1.11
2023-09-13,01:07:41,0.95,1.11
2023-09-13,01:07:51,0.95,1.11
2023-09-13,01:09:02,0.95,1.11
2023-09-13,01:11:58,1.73,1.92
2023-09-13,01:12:14,1.73,1.92
2023-09-13,01:13:37,1.74,1.93
2023-09-13,01:13:53,1.74,1.93
2023-09-13,01:15:20,1.74,1.93
2023-09-13,01:16:49,1.74,1.93
2023-09-13,01:16:51,1.74,1.93
2023-09-13,01:17:29,1.74,1.93
2023-09-13,01:18:49,1.82,2.05
2023-09-13,01:19:05,1.82,2.05
2023-09-13,01:20:00,1.82,2.05
2023-09-13,01:21:16,1.82,2.05
2023-09-13,01:27:51,1.35,2.29
2023-09-13,01:58:02,1.35,2.29
2023-09-13,01:58:36,1.35,2.29
2023-09-13,01:59:47,1.81,2.05
2023-09-13,01:59:57,1.81,2.05
2023-09-13,02:00:10,1.81,2.05
2023-09-13,02:01:09,1.66,1.91
2023-09-13,02:01:18,1.7,1.91
2023-09-13,02:01:24,1.58,1.91
2023-09-13,02:01:34,1.62,1.91
2023-09-13,02:02:06,1.63,1.91
2023-09-13,02:02:14,1.65,1.91
2023-09-13,02:04:05,1.62,1.91
2023-09-13,02:04:11,1.62,1.91
2023-09-13,02:04:28,1.62,1.91
2023-09-13,02:05:06,1.62,1.91
2023-09-13,02:05:48,4.71,7.09
2023-09-13,02:07:35,1.62,1.91
2023-09-13,02:10:10,1.62,1.91
2023-09-13,02:47:32,1.56,1.81
2023-09-13,03:04:05,1.46,1.54
2023-09-13,03:09:59,1.53,1.73
2023-09-13,03:10:34,1.47,1.73
2023-09-13,03:11:13,1.48,1.54
2023-09-13,03:11:19,1.62,1.91
2023-09-13,03:41:31,0.93,1.16
2023-09-13,03:43:51,0.85,1
2023-09-13,03:48:01,1,25.58
2023-09-13,03:48:32,1,25.58
2023-09-13,03:48:45,1,25.58
2023-09-13,03:49:34,1,25.58
2023-09-13,03:54:05,1,25.58
2023-09-13,03:54:44,1,25.58
2023-09-13,12:51:35,1.39,1.48
2023-09-13,12:52:48,0.75,0.98
2023-09-13,13:01:33,0.86,25.44
2023-09-13,13:55:52,0.79,25.38
2023-09-13,13:57:04,0.83,1.06
2023-09-13,14:16:15,0.79,0.93
2023-09-13,14:17:03,0.79,0.93
2023-09-13,14:18:49,0.84,1.07
2023-09-13,14:21:23,1.52,1.83
2023-09-13,14:21:29,0.82,1.05
2023-09-13,14:22:08,1.52,1.83
2023-09-13,14:22:47,0.8,0.93
2023-09-13,14:23:28,0.8,0.94
2023-09-13,15:44:26,1.52,1.83
2023-09-13,15:46:44,1.52,1.83
2023-09-13,15:46:59,1.52,1.83
2023-09-13,15:47:46,1.52,1.83
2023-09-13,15:50:36,1.52,1.83
2023-09-13,15:57:48,1.52,1.83
2023-09-13,18:47:59,1.39,1.48
2023-09-13,18:48:22,0.75,0.98
2023-09-13,18:48:36,1.2,2.14
2023-09-13,18:48:47,0.85,1.08
2023-09-13,21:01:50,1.52,1.83
2023-09-13,21:03:45,1.52,1.83
2023-09-13,21:04:20,1.52,1.83
2023-09-13,21:04:42,1.52,1.83
2023-09-13,21:05:17,1.52,1.83
2023-09-13,21:06:38,1.53,1.84
2023-09-13,21:09:09,1.52,1.83
2023-09-13,21:10:53,1.52,1.83
2023-09-13,21:11:48,1.46,1.83
2023-09-13,21:12:01,1.46,1.83
2023-09-13,21:12:31,1.46,1.83
2023-09-13,21:12:52,4.61,6.98
2023-09-13,21:14:33,7.8,10.18
2023-09-13,21:16:09,7.8,10.18
2023-09-13,21:50:56,7.8,10.18
2023-09-13,21:54:30,0.83,1.06
2023-09-13,21:54:42,1.23,2.18
2023-09-13,21:55:06,1.54,1.83
2023-09-13,21:56:52,7.82,10.21
2023-09-13,21:59:19,1.24,2.19
2023-09-13,22:04:52,7.83,10.21
2023-09-13,22:11:00,7.84,10.21
2023-09-13,22:13:33,7.84,10.21
2023-09-14,09:12:49,1.39,1.48
2023-09-14,09:14:44,0.75,0.98
2023-09-14,09:14:56,0.76,0.99
2023-09-14,09:28:48,7.74,10.13
2023-09-14,09:29:02,7.74,10.13
2023-09-14,09:29:23,7.74,10.13
2023-09-14,09:31:37,0.76,1
2023-09-14,09:31:44,1.21,2.15
2023-09-14,09:31:56,7.82,10.21
2023-09-14,09:32:12,7.82,10.21
2023-09-14,17:02:16,1.39,1.48
2023-09-14,17:03:30,0.76,0.99
2023-09-14,23:45:27,1.39,1.48
2023-09-15,05:44:58,1.39,1.48
2023-09-15,11:20:40,1.39,1.48
2023-09-15,15:30:46,1.39,1.48
2023-09-15,15:30:58,1.41,1.6
2023-09-15,15:31:05,0.75,0.99
2023-09-15,15:31:20,0.75,0.99
2023-09-15,15:31:27,0.75,0.99
2023-09-15,15:31:36,23.02,23.47
2023-09-15,15:31:49,0.76,0.99
2023-09-15,15:32:31,23.02,23.47
2023-09-15,15:33:02,27.69,28.05
2023-09-15,15:33:28,32.37,34.2
2023-09-15,15:39:03,32.37,34.21
2023-09-15,15:39:24,8.34,34.21
2023-09-15,15:43:15,0.86,1.09
2023-09-15,15:50:02,0.86,1.09
2023-09-15,15:50:34,23.16,23.57
2023-09-15,15:51:17,27.7,28.06
2023-09-15,15:52:11,32.38,34.21
2023-09-15,16:00:24,32.38,34.22
2023-09-15,16:00:55,32.61,38.78
2023-09-15,16:01:07,32.38,34.21
2023-09-15,16:33:45,32.38,34.21
2023-09-15,16:34:06,32.38,34.22
2023-09-15,16:34:25,32.38,34.22
2023-09-15,16:34:39,42.58,42.78
2023-09-15,16:35:21,12.45,12.61
2023-09-15,16:36:00,9.68,9.98
2023-09-15,16:41:08,9.68,9.99
2023-09-15,16:41:42,15.39,15.56
2023-09-15,16:42:14,7.18,7.31
2023-09-15,16:42:50,4.42,4.65
2023-09-15,16:46:03,4.42,4.65
2023-09-15,16:46:27,9.89,10.09
2023-09-15,16:47:10,7.75,7.91
2023-09-15,16:47:52,6.93,7.16
2023-09-16,13:39:51,1.39,1.48
2023-09-17,09:15:52,1.39,1.48
2023-09-17,21:32:00,1.39,1.48
2023-09-17,21:33:36,1.39,1.48
2023-09-18,02:01:44,1.39,1.48
2023-09-18,02:01:51,0.75,0.98
2023-09-18,02:02:13,9.33,9.57
2023-09-18,02:03:24,1.37,261.65
2023-09-18,02:04:31,1.41,1.6
2023-09-18,02:04:37,0.75,0.99
2023-09-18,02:05:46,6.42,6.63
2023-09-18,02:06:45,10.91,11.16
2023-09-18,02:08:00,23.02,23.47
2023-09-18,02:08:35,6.42,6.63
2023-09-18,02:09:08,6.19,6.43
2023-09-18,02:09:54,84.91,98
2023-09-18,02:10:18,83.4,97.83
2023-09-18,03:03:19,0.76,0.96
2023-09-18,10:10:06,1.39,1.48
2023-09-18,10:10:57,0.75,0.98
2023-09-18,10:11:36,83.4,97.83
2023-09-18,10:12:39,83.4,97.83
2023-09-18,10:12:55,1.38,1.47
2023-09-18,10:13:07,1.41,1.6
2023-09-18,10:13:21,0.75,0.99
2023-09-18,10:19:23,83.4,97.83
2023-09-18,10:31:28,83.4,97.83
2023-09-18,10:31:57,83.4,97.83
2023-09-18,10:32:21,83.4,97.83
2023-09-18,10:32:23,83.4,97.83
2023-09-18,10:32:52,83.4,97.83
2023-09-18,10:32:59,83.4,97.83
2023-09-18,10:33:04,83.4,97.83
2023-09-18,10:33:15,83.4,97.83
2023-09-18,10:33:17,83.4,97.83
2023-09-18,10:33:22,83.4,97.83
2023-09-18,10:33:29,83.4,97.83
2023-09-18,10:34:27,83.4,97.83
2023-09-18,11:01:59,1.39,1.48
2023-09-18,11:14:47,0.75,0.98
2023-09-18,11:14:53,0.75,0.98
2023-09-18,11:15:09,83.4,97.83
2023-09-18,11:15:41,83.4,97.83
2023-09-18,11:16:07,83.4,97.83
2023-09-18,11:19:16,1.38,1.48
2023-09-18,11:19:23,0.75,0.99
2023-09-18,11:19:37,1.4,7.47
2023-09-18,11:20:47,3.41,3.65
2023-09-18,11:21:09,9.12,9.29
2023-09-18,11:21:16,3.41,3.65
2023-09-18,11:21:22,3.97,8.19
2023-09-18,11:23:19,1.9,3.7
2023-09-18,11:24:11,1.27,1.44
2023-09-18,11:30:02,3.3,7.52
2023-09-18,11:33:10,3.39,3.62
2023-09-18,11:34:20,3.39,3.62
2023-09-18,12:24:06,3.4,3.63
2023-09-18,15:28:42,1.39,1.48
2023-09-18,15:28:51,0.75,0.98
2023-09-18,15:29:16,1.39,7.46
2023-09-18,15:30:48,4.31,11.51
2023-09-18,15:52:05,1.32,1.55
2023-09-18,15:52:30,1.32,1.55
2023-09-18,15:52:38,9.09,11.36
2023-09-18,15:55:27,11.15,11.5
2023-09-18,15:55:48,11.71,13.98
2023-09-18,15:56:46,11.7,13.97
2023-09-18,15:57:12,11.7,13.97
2023-09-18,15:59:12,4.31,11.5
2023-09-18,15:59:49,1.32,1.55
2023-09-18,16:49:52,1.56,7.72
2023-09-18,16:52:40,1.32,1.53
2023-09-18,16:53:12,1.32,1.55
2023-09-18,16:53:21,9.1,11.38
2023-09-18,16:56:45,4.33,11.53
2023-09-18,17:00:00,1.32,1.55
2023-09-18,17:14:31,1.4,1.49
2023-09-18,17:15:00,1.4,1.49
2023-09-18,17:15:11,0.76,0.99
2023-09-18,17:15:23,8.95,11.23
2023-09-18,17:18:44,1.44,1.66
2023-09-18,17:18:50,0.76,0.99
2023-09-18,17:18:56,8.95,11.23
2023-09-18,17:26:48,11.17,11.52
2023-09-18,17:28:09,0.76,0.99
2023-09-18,17:28:27,23.03,23.47
2023-09-18,17:28:52,27.72,28.08
2023-09-18,17:30:24,32.39,34.22
2023-09-18,17:30:50,32.39,34.22
2023-09-26,11:42:30,1.44,1.66
2023-09-26,11:42:43,1.41,1.61
2023-09-26,11:43:03,0.76,0.99
2023-09-26,11:43:19,0.76,0.99
2023-09-26,11:44:28,0.76,0.99
2023-09-26,11:44:49,1.99,2.3
2023-09-26,11:45:29,1.9,2.32
2023-09-26,11:48:23,1.94,2.31
2023-09-26,11:48:35,1.91,2.32
2023-09-26,11:50:12,1.94,2.31
2023-09-26,11:50:29,0.78,1.01
2023-09-26,11:50:37,0.78,1.01
2023-09-26,12:45:00,1.4,1.49
2023-09-26,13:05:09,0.76,0.99
2023-09-26,13:05:16,0.76,0.99
2023-09-26,13:11:40,0.76,0.99
2023-09-26,13:12:32,1.22,2.25
2023-09-26,13:13:01,0.81,1.04
2023-09-26,13:13:12,1.23,2.26
2023-09-26,13:13:24,0.8,1.03
2023-09-26,13:23:23,0.81,1.04
2023-09-26,13:23:33,14.53,14.73
2023-09-26,13:23:47,12.74,13.29
2023-09-26,13:29:44,0.77,1
2023-09-26,13:30:41,0.77,1
2023-09-26,13:30:48,1.23,2.25
2023-09-26,13:34:11,1.58,1.77
2023-09-26,13:35:13,1.7,1.89
2023-09-26,13:35:32,1.33,1.56
2023-09-26,13:35:45,14.67,14.87
2023-09-26,13:35:58,12.74,13.29
2023-09-26,13:36:47,13.15,13.36
2023-09-26,13:37:35,12.74,13.29
2023-09-26,13:37:41,0.77,1
2023-09-26,13:37:50,1.23,2.25
2023-09-26,13:39:34,0.87,1.1
2023-09-26,13:39:46,14.64,14.84
2023-09-26,13:40:02,13.48,13.6
2023-09-26,13:55:41,14.69,15.23
2023-09-26,13:55:48,15.01,15.21
2023-09-26,13:55:56,0.78,1.01
2023-09-26,13:56:07,7.9,9.02
2023-09-26,13:59:05,8.72,9.2
2023-09-26,14:00:30,0.78,1.01
2023-09-26,14:15:27,0.77,1
2023-09-26,14:16:32,14.52,14.72
2023-09-26,14:17:40,0.77,1
2023-09-26,14:20:03,0.77,1
2023-09-26,14:20:14,1.23,2.26
2023-09-26,14:21:24,36.34,407.95
2023-09-26,14:24:03,0.86,1.1
2023-09-26,14:24:52,11.14,13.32
2023-09-26,14:28:03,0.93,1.16
2023-09-26,14:28:09,1.28,2.31
2023-09-26,14:28:49,1.26,2.28
2023-09-26,14:29:46,36.34,407.95
2023-09-26,14:31:03,1.26,2.28
2023-09-26,14:31:34,1.26,2.28
2023-09-26,14:32:34,1.59,1.78
2023-09-26,14:41:05,8.32,10.69
2023-09-26,14:41:50,1.71,1.9
2023-09-26,14:42:22,1.39,2.41
2023-09-26,14:44:12,0.87,1.1
2023-09-26,14:44:28,36.19,44.45
2023-09-26,14:45:34,0.86,1.09
2023-09-26,14:46:10,14.56,14.76
2023-09-26,14:46:42,13.47,13.6
2023-09-26,14:55:18,15.87,16.39
2023-09-26,14:55:38,15.22,15.42
2023-09-26,14:55:59,0.78,1.01
2023-09-26,14:56:16,1.24,2.27
2023-10-03,14:34:58,1.44,1.66
2023-10-03,14:35:47,1.41,1.61
2023-10-03,14:36:17,0.76,0.99
2023-10-03,14:37:03,1.44,1.66
2023-10-03,14:38:19,1.44,1.66
2023-10-03,14:39:04,1.41,1.61
2023-10-03,14:39:48,0.76,0.93
2023-10-03,14:40:00,0.76,0.99
2023-10-03,14:40:10,0.76,0.99
2023-10-03,14:40:24,1.22,2.16
2023-10-03,14:40:53,0.88,1.11
2023-10-03,14:41:03,4.86,4.99
2023-10-03,14:41:11,5.41,5.57
2023-10-03,14:49:20,1.4,1.49
2023-10-03,14:49:30,0.76,0.99
2023-10-03,14:50:05,0.76,0.99
2023-10-03,14:51:09,39.35,39.92
2023-10-03,14:54:07,0.76,0.99
2023-10-03,14:54:31,49.31,49.88
2023-10-03,14:58:43,49.31,49.88
2023-10-03,15:01:41,49.31,49.88
2023-10-03,15:02:36,49.31,49.88
2023-10-03,15:03:01,1.38,1.47
2023-10-03,15:03:14,1.41,1.6
2023-10-03,15:07:22,0.75,0.99
2023-10-03,15:07:29,1.2,2.14
2023-10-03,15:08:35,1.57,1.74
2023-10-03,15:10:21,1.31,1.54
2023-10-03,16:01:52,1.36,2.39
