Fecha,Hora,Megabytes Normal,Megabytes Picos,Megabytes MySQL
2023-08-03,16:24:44,14.53,14.72,96.296875
2023-08-03,16:26:28,14.53,14.72,96.296875
2023-08-03,16:26:35,0.78,0.99,96.296875
2023-08-03,16:26:41,0.78,0.99,96.296875
2023-08-03,18:23:31,1.41,1.49,45.4375
2023-08-03,18:23:52,0.78,0.99,45.484375
2023-08-03,18:24:37,0.77,0.99,46.25
2023-08-03,18:24:53,1.43,1.61,54.96875
2023-08-03,18:25:34,1.43,1.61,54.96875
2023-08-03,18:25:41,0.78,0.99,54.96875
2023-08-03,18:26:13,0.78,0.93,60.25
2023-08-03,18:26:37,0.78,0.99,61.625
2023-08-03,18:27:05,14.68,14.97,78.90625
2023-08-03,18:27:17,18.55,18.75,144.1875
2023-08-04,10:19:13,1.41,1.48,45.625
2023-08-04,10:19:50,0.77,0.98,45.625
2023-08-04,10:20:50,0.77,0.99,45.78125
2023-08-04,10:21:42,0.77,0.99,45.78125
2023-08-04,10:22:30,0.72,0.86,45.8125
2023-08-04,10:31:29,1.42,1.6,45.84375
2023-08-04,10:32:22,0.77,0.99,45.84375
2023-08-04,10:35:40,0.77,0.99,45.84375
2023-08-04,10:36:09,0.77,0.98,45.84375
2023-08-04,10:37:32,0.77,0.99,45.84375
2023-08-04,10:37:39,23.43,27.86,66.21875
2023-08-04,10:38:03,35.39,35.68,77.046875
2023-08-04,10:38:17,39.26,39.46,141.5
2023-08-04,10:38:28,30.17,31.89,141.5
2023-08-04,10:42:36,30.19,31.91,141.640625
2023-08-04,10:42:54,30.19,31.91,142.140625
2023-08-04,10:43:00,34.76,35.85,142.140625
2023-08-04,10:43:36,34.69,35.86,142.140625
2023-08-04,10:45:33,34.72,35.86,142.84375
2023-08-04,10:45:39,34.69,35.86,142.84375
2023-08-04,10:47:29,34.73,35.86,142.875
2023-08-04,10:47:35,30.18,31.91,142.875
2023-08-04,10:47:48,44.12,44.37,143.21875
2023-08-04,10:47:59,18.55,18.75,143.21875
2023-08-04,11:58:41,1.41,1.48,162.296875
2023-08-04,11:59:12,1.41,1.48,162.296875
2023-08-04,11:59:18,0.77,0.99,162.296875
2023-08-04,11:59:27,1.22,2.14,164.875
2023-08-04,12:01:16,0.87,1.08,170.515625
2023-08-04,12:01:24,1.25,2.18,170.515625
2023-08-04,12:03:18,1.25,2.18,170.515625
2023-08-04,12:12:39,1.25,2.18,67.515625
2023-08-04,12:13:06,0.87,1.08,78.625
2023-08-04,12:13:26,14.81,15.06,84.078125
2023-08-04,12:13:49,18.55,18.75,135.640625
2023-08-04,12:14:27,30.17,31.9,135.640625
2023-08-04,12:23:14,30.18,31.9,655.875
2023-08-04,12:23:24,7.68,31.9,655.875
2023-08-04,12:24:26,0.89,1.11,655.953125
2023-08-04,12:24:43,1.43,1.61,662.90625
2023-08-04,12:26:04,0.79,1,171
2023-08-04,14:37:35,1.42,1.49,60.59375
2023-08-05,10:07:22,1.41,1.48,32.28125
2023-08-05,13:55:31,1.41,1.48,26.421875
2023-08-05,13:55:55,0.77,0.98,26.421875
2023-08-05,13:58:49,0.77,0.99,473.375
2023-08-05,13:58:58,1.22,2.15,490.875
2023-08-05,14:00:40,103.26,109.3,588.09375
2023-08-05,14:01:42,103.25,109.3,590.15625
2023-08-05,14:02:17,0.87,1.08,590.15625
2023-08-05,14:02:36,14.81,15.06,596.359375
2023-08-05,14:03:22,18.56,18.76,597.78125
2023-08-05,14:04:19,30.18,31.91,597.78125
2023-08-05,14:04:37,47.71,47.99,617.59375
2023-08-05,14:05:30,22.28,22.48,617.59375
2023-08-05,14:06:03,37.88,40.37,617.59375
2023-08-05,14:06:15,51.82,52.11,617.59375
2023-08-05,14:06:26,18.56,18.76,617.59375
2023-08-05,14:11:07,30.18,31.91,617.59375
2023-08-05,14:16:24,44.12,44.41,617.59375
2023-08-05,14:16:30,30.18,31.91,617.59375
2023-08-05,14:17:56,30.17,31.9,617.59375
2023-08-05,14:18:03,7.68,31.9,617.59375
2023-08-05,14:18:56,1.26,2.19,617.59375
2023-08-05,14:27:19,0.88,1.09,621.265625
2023-08-05,14:27:32,17.57,21.37,643.9375
2023-08-05,14:35:14,23.55,23.78,644.15625
2023-08-05,14:35:54,18.97,21.53,644.1875
2023-08-05,14:36:22,23.55,23.78,644.1875
2023-08-06,21:15:47,1.41,1.48,63.625
2023-08-06,21:16:07,0.77,0.92,70.8125
2023-08-06,21:16:11,0.77,0.98,70.8125
2023-08-06,21:16:30,4.26,4.42,84.25
2023-08-06,21:16:40,4.96,5.1,89.453125
2023-08-06,22:43:15,1.41,1.48,89.453125
2023-08-06,22:43:20,0.77,0.98,89.453125
2023-08-06,22:43:28,4.71,4.86,94.78125
2023-08-06,22:43:41,5.42,5.55,94.78125
2023-08-06,22:45:01,5.36,5.57,94.78125
2023-08-06,22:45:08,8.88,9,94.78125
2023-08-06,22:45:15,4.96,5.1,94.78125
2023-08-06,23:10:25,5.76,5.89,94.78125
2023-08-06,23:10:46,4.41,4.62,94.78125
2023-08-06,23:11:05,4.41,4.63,95
2023-08-06,23:11:26,30.73,30.9,163.546875
2023-08-06,23:11:49,35.56,35.81,225.390625
2023-08-07,09:24:36,1.41,1.48,64.59375
2023-08-07,09:50:49,0.77,0.98,64.59375
2023-08-07,09:51:17,1.22,2.14,134.90625
2023-08-07,09:51:26,0.87,1.08,141.1875
2023-08-07,09:56:45,0.87,1.08,589.25
2023-08-07,09:57:17,1.25,2.18,589.25
2023-08-07,09:57:22,0.87,1.08,589.25
2023-08-07,09:58:05,0.87,1.08,589.25
2023-08-07,09:58:16,43.43,53.62,589.296875
2023-08-07,09:59:18,0.85,1.06,589.296875
2023-08-07,09:59:22,1.25,2.18,589.296875
2023-08-07,09:59:44,0.87,1.08,590.421875
2023-08-07,09:59:50,1.26,2.18,593.9375
2023-08-07,10:05:18,1.27,2.19,602.21875
2023-08-07,10:05:39,0.87,1.09,602.21875
2023-08-07,10:05:55,4.4,4.52,603.421875
2023-08-07,10:06:47,4.35,4.56,603.421875
2023-08-07,10:07:36,4.4,4.52,603.421875
2023-08-07,10:07:43,4.97,5.11,603.734375
2023-08-07,10:10:02,4.42,4.64,603.734375
2023-08-23,21:48:59,1.41,1.48,26.3125
2023-08-23,21:49:55,0.77,0.92,27.46875
2023-08-23,21:51:32,1.42,1.6,36.234375
2023-08-23,21:53:24,1.42,1.6,36.234375
2023-08-23,21:53:45,1.42,1.6,36.234375
2023-08-23,21:53:49,0.77,0.99,36.234375
2023-08-23,21:54:06,1.18,2.23,36.515625
2023-08-23,21:54:18,0.82,1.03,56.203125
2023-08-23,21:55:03,0.82,1.03,57.71875
2023-08-23,21:55:11,5.55,6.48,90.71875
2023-08-23,21:55:32,5.54,6.46,90.71875
2023-08-23,21:55:57,5.54,6.46,90.71875
2023-08-23,21:56:20,0.78,0.99,90.71875
2023-08-23,21:57:36,0.73,0.88,90.71875
2023-08-23,23:56:12,0.73,0.88,90.71875
2023-08-23,23:56:22,0.78,0.99,90.71875
2023-08-23,23:56:46,1.24,2.25,158.5
2023-08-24,11:49:31,1.41,1.48,21.609375
2023-08-24,11:49:37,0.77,0.98,21.609375
2023-08-24,11:50:10,1.23,2.23,99.234375
2023-08-24,11:50:53,0.88,1.1,107.921875
2023-08-24,11:50:59,1.26,2.27,111.328125
2023-08-24,11:57:57,1.71,1.88,113.359375
2023-08-24,11:58:30,1.33,1.55,113.453125
2023-08-24,11:58:36,1.72,2.39,113.578125
2023-08-24,11:58:47,36.8,408.4,113.59375
2023-08-24,12:01:15,1.72,2.39,734.875
2023-08-24,12:02:39,273.47,290.52,773.640625
2023-08-24,12:09:40,273.47,290.52,781.671875
2023-08-24,12:10:16,303.28,303.77,800.359375
2023-08-24,12:11:05,303.09,303.52,800.359375
2023-08-24,12:13:31,303.28,303.77,800.359375
2023-08-24,12:14:08,40.4,40.84,802.296875
2023-08-24,12:25:44,64.71,69.14,802.296875
2023-08-24,12:25:54,76.73,79.5,802.296875
2023-08-24,12:26:06,76.64,79.52,802.296875
2023-08-24,12:26:52,64.72,69.16,802.296875
2023-08-24,12:27:04,77.43,80.4,868.96875
2023-08-28,02:10:41,1.41,1.48,35.1875
2023-08-28,02:10:41,1.41,1.48,35.1875
2023-08-28,02:11:30,0.77,0.98,35.1875
2023-08-28,02:14:29,0.77,0.98,35.1875
2023-08-28,02:14:48,0.77,0.99,35.1875
2023-08-28,02:14:58,0.78,0.99,91.796875
2023-08-28,02:27:22,1.41,1.48,94.546875
2023-08-28,02:27:28,0.77,0.98,94.546875
2023-08-29,08:32:08,1.41,1.48,43.984375
2023-08-29,08:32:32,1.42,1.6,70.609375
2023-08-29,08:32:36,0.77,0.99,70.609375
2023-08-29,08:38:03,0.78,0.99,742.40625
2023-08-29,08:38:40,0.83,1.93,742.40625
2023-08-29,08:39:59,0.83,1.93,742.75
2023-08-29,08:41:35,0.78,0.99,742.796875
2023-08-29,08:41:46,1.23,2.24,780.421875
2023-08-29,08:42:32,36.41,408,792.859375
2023-08-29,08:43:20,1.32,2.29,792.890625
2023-08-29,08:43:29,0.93,1.14,792.890625
2023-08-29,08:43:33,1.32,2.29,792.890625
2023-08-29,08:44:03,273.48,290.52,801.6875
2023-08-29,08:54:06,1.27,2.28,801.75
2023-08-29,08:57:31,1.01,1.22,801.75
2023-08-29,08:58:20,30.81,31.31,820.4375
2023-08-29,08:58:22,1.43,54.22,820.4375
2023-08-29,08:58:37,1.42,1.6,820.46875
2023-08-29,08:58:50,0.77,0.99,821.375
2023-08-29,08:59:06,1.42,1.6,821.375
2023-08-29,08:59:10,0.77,0.99,821.375
2023-08-29,08:59:21,14.52,14.71,837.859375
2023-08-29,08:59:41,14.65,14.84,838.625
2023-08-29,08:59:55,14.5,14.8,838.625
2023-08-29,09:00:05,14.65,14.84,838.625
2023-08-29,09:00:33,0.77,0.99,838.625
2023-08-29,09:00:43,14.53,14.71,838.625
2023-08-29,09:01:31,39.58,40.11,838.625
2023-08-29,09:01:52,39.5,39.86,838.625
2023-08-29,09:02:07,39.43,39.86,838.625
2023-08-29,09:03:38,39.58,40.11,838.625
2023-08-29,09:04:50,49.43,49.87,840.484375
2023-08-29,10:03:06,1.41,1.48,7140.453125
2023-08-29,10:03:13,0.77,0.99,7140.453125
2023-08-29,10:07:59,0.83,1.93,7234.3125
2023-08-29,10:20:31,0.83,1.93,7234.3125
2023-08-29,10:32:29,0.83,1.93,7234.3125
2023-08-29,10:32:39,0.78,0.99,7234.3125
2023-08-29,10:32:45,1.23,2.24,7236.796875
2023-08-29,10:32:55,36.59,407.97,7236.90625
2023-08-29,10:33:32,1.26,2.27,7236.90625
2023-08-29,20:52:10,1.39,54.22,696.390625
2023-08-29,20:52:40,1.42,1.6,696.546875
2023-08-29,21:34:22,0.77,0.99,696.609375
2023-08-29,21:34:29,0.77,0.99,696.640625
2023-08-29,21:34:39,0.77,0.99,696.640625
2023-08-29,21:34:43,0.77,0.99,696.640625
2023-08-29,21:34:48,36.1,44.36,705.375
2023-08-31,08:14:04,1.41,1.48,207.546875
2023-08-31,08:16:06,0.71,0.85,226.09375
2023-08-31,08:16:19,1.42,1.6,226.09375
2023-08-31,08:17:44,0.77,0.99,226.140625
2023-08-31,08:48:09,0.8,1.02,226.15625
2023-08-31,08:48:17,1.1,1.25,226.15625
2023-08-31,08:48:42,0.81,1.02,226.15625
2023-08-31,10:47:26,0.79,0.87,406.140625
2023-08-31,10:50:17,33.63,35.42,406.140625
2023-08-31,10:50:28,1.41,1.48,406.140625
2023-08-31,11:17:32,31.8,33.45,433.1875
2023-08-31,11:17:56,31.8,33.45,433.1875
2023-08-31,11:21:37,31.81,33.46,453.40625
2023-08-31,11:22:42,58.53,65.83,453.40625
2023-08-31,11:24:03,58.53,65.83,453.40625
2023-08-31,11:24:25,58.53,65.83,453.40625
2023-08-31,11:28:58,58.53,65.83,453.40625
2023-08-31,11:30:20,58.53,65.83,453.40625
2023-08-31,11:33:55,58.53,65.83,453.40625
2023-08-31,11:51:25,0.75,0.83,454.390625
2023-08-31,11:53:51,0.75,0.83,454.390625
2023-08-31,11:56:48,0.75,0.83,454.390625
2023-08-31,12:01:26,0.75,0.83,454.390625
2023-08-31,12:04:58,0.75,0.83,454.390625
2023-08-31,12:08:03,0.75,0.83,454.390625
2023-08-31,13:20:31,1.41,1.48,515.578125
2023-08-31,13:28:20,0.75,0.83,515.578125
2023-08-31,13:35:52,0.77,0.99,753.828125
2023-08-31,13:36:10,1.37,7.46,759.3125
2023-08-31,13:36:58,0.83,1.04,759.984375
2023-08-31,14:02:10,0.78,0.99,759.984375
2023-08-31,16:29:00,1.41,1.49,817.71875
2023-08-31,16:29:37,1.41,1.49,817.71875
2023-08-31,16:30:03,0.78,0.99,817.71875
2023-08-31,16:30:20,1.39,7.47,817.71875
2023-08-31,18:12:48,1.41,1.49,187.0625
2023-08-31,18:12:56,0.78,0.99,187.0625
2023-08-31,18:13:02,1.38,7.47,188.625
2023-08-31,18:14:11,0.82,1.03,219.375
2023-08-31,18:14:21,80.2,97.82,228.34375
2023-08-31,18:14:49,86.18,97.97,228.390625
2023-08-31,18:31:50,80.09,97.97,249.515625
2023-08-31,18:32:04,1.43,1.61,258.078125
2023-08-31,18:36:07,1.41,1.49,83.015625
2023-08-31,18:36:34,0.78,0.99,83.078125
2023-08-31,18:36:42,1.24,2.25,84.140625
2023-08-31,18:49:58,3.21,3.42,133
2023-08-31,18:50:12,3.21,3.42,133
2023-08-31,19:01:04,3.21,3.42,854.34375
2023-08-31,19:01:14,6.19,7.11,887.3125
2023-08-31,19:05:34,15.99,16.17,888.09375
2023-08-31,19:06:23,19.72,19.91,889.15625
2023-08-31,19:12:12,26.48,28.06,889.15625
2023-08-31,19:15:38,13.75,28.06,893.703125
2023-08-31,19:25:58,0.78,1,893.703125
2023-08-31,19:26:46,7.91,9.01,893.703125
2023-08-31,23:37:17,7.91,9.01,203.5625
2023-08-31,23:42:36,27.5,34.79,229.203125
2023-08-31,23:42:49,1.43,1.61,229.421875
2023-08-31,23:42:57,0.78,0.99,229.421875
2023-08-31,23:44:13,1.39,7.48,306.1875
2023-08-31,23:44:46,1.4,7.48,306.1875
2023-09-01,02:47:27,1.37,1.45,452.296875
2023-09-01,03:08:31,0.78,0.99,505.046875
2023-09-02,20:57:51,1.41,1.48,7812.734375
2023-09-02,20:57:57,0.77,0.98,7812.765625
2023-09-02,21:10:50,1.41,1.48,7832.359375
2023-09-02,21:11:01,0.77,0.99,7832.359375
2023-09-02,21:11:15,1.37,7.46,7837.875
2023-09-02,21:12:39,0.83,1.04,7830.75
2023-09-02,21:12:56,27.51,34.8,7830.921875
2023-09-02,21:13:42,39.32,42.08,7830.9375
2023-09-02,21:14:48,0.78,1,7830.953125
2023-09-02,21:15:03,80.2,97.81,7829.5625
2023-09-02,21:15:22,90.61,97.98,7829.5625
2023-09-02,21:16:33,80.2,97.81,7829.5625
2023-09-03,00:55:41,1.41,1.49,7822.796875
2023-09-03,11:44:47,1.41,1.48,1228.359375
2023-09-03,11:44:56,0.77,0.98,1228.359375
2023-09-03,11:45:11,80.18,97.8,1228.4375
2023-09-03,11:45:31,92.12,97.96,1231.828125
2023-09-03,11:58:12,92.12,97.96,1231.828125
2023-09-03,14:30:53,1.41,1.48,1234.609375
2023-09-03,14:45:33,0.75,0.83,1234.640625
2023-09-03,14:50:35,0.75,0.83,1234.640625
2023-09-03,14:51:49,0.84,1.06,1234.78125
2023-09-03,15:07:26,0.79,0.92,1234.78125
2023-09-03,15:16:08,0.79,0.92,1244.453125
2023-09-03,22:43:56,1.41,1.48,95.9375
2023-09-04,00:52:49,1.41,1.48,1640.765625
2023-09-04,00:52:56,0.77,0.98,1640.765625
2023-09-04,00:54:23,0.77,0.98,1640.765625
2023-09-04,00:54:52,83.41,97.83,1648.0625
2023-09-04,00:56:28,83.41,97.83,1648.3125
2023-09-04,00:57:45,83.41,97.83,1648.4375
2023-09-04,01:02:06,83.41,97.83,1648.4375
2023-09-04,01:04:13,0.77,0.98,1648.4375
2023-09-04,01:09:16,1.01,7.16,4891.84375
2023-09-04,01:13:23,0.77,0.99,4892.078125
2023-09-05,21:52:07,1.41,1.48,570.90625
2023-09-06,00:12:57,1.41,1.48,2054.109375
2023-09-06,13:22:55,1.41,1.48,2988.734375
2023-09-06,13:47:58,0.76,0.84,3007.5625
2023-09-06,13:48:03,0.78,0.99,3007.6875
2023-09-06,14:17:14,1.41,1.48,3039.828125
2023-09-06,14:17:21,0.77,0.98,3040.234375
2023-09-06,14:17:29,1.37,7.46,3066.328125
2023-09-06,14:17:48,0.81,1.03,3143.0625
2023-09-06,14:18:21,83.43,97.85,3357.265625
2023-09-06,17:22:31,1.41,1.48,7897.546875
2023-09-06,17:22:40,0.77,0.99,7897.515625
2023-09-06,17:23:21,1.42,7.47,7897.296875
2023-09-06,17:23:40,1.44,7.5,7895.046875
2023-09-06,19:13:14,1.41,1.48,1990.109375
2023-09-06,19:13:55,1.43,1.61,1990.28125
2023-09-06,19:14:00,0.78,0.99,1990.28125
2023-09-06,19:14:46,1.41,1.49,1990.28125
2023-09-06,19:14:55,0.78,0.99,1990.28125
2023-09-06,19:17:56,5.54,6.46,2023.28125
2023-09-06,19:19:17,15.98,16.17,2032.9375
2023-09-06,19:19:39,16.3,16.51,2033
2023-09-06,19:19:53,15.99,16.17,2033
2023-09-06,19:20:44,16.34,16.55,2033
2023-09-06,19:21:05,15.99,16.17,2033
2023-09-06,19:21:14,19.72,19.9,2034.453125
2023-09-06,19:24:32,26.48,28.05,2034.453125
2023-09-06,19:24:41,7.07,28.05,2040.046875
2023-09-06,19:25:34,36.35,44.62,2040.71875
2023-09-06,19:26:45,0.88,1.1,2690.0625
2023-09-06,19:30:38,0.88,1.1,2730.96875
2023-09-06,19:38:37,0.88,1.1,2731.734375
2023-09-06,19:38:50,1.43,1.61,2740.78125
2023-09-06,19:38:55,0.78,0.99,2740.78125
2023-09-06,19:41:24,0.8,1.02,2841.078125
2023-09-06,19:41:55,1.25,2.26,2854.65625
2023-09-06,19:45:47,1.6,1.78,2900.96875
2023-09-06,19:47:45,1.34,1.56,2901.0625
2023-09-06,20:17:28,1.42,1.49,2901.0625
2023-09-06,20:18:50,0.78,0.99,2901.0625
2023-09-06,20:19:05,5.21,6.44,2916.984375
2023-09-07,00:55:06,1.41,1.49,110.078125
2023-09-07,00:55:19,1.43,1.61,110.171875
2023-09-07,00:55:59,0.78,0.99,110.265625
2023-09-07,00:56:16,1.43,7.48,473.5
2023-09-07,00:56:31,0.82,1.03,548.578125
2023-09-07,00:57:02,83.44,97.85,760.265625
2023-09-07,00:59:15,88.41,98.01,761.0625
2023-09-07,00:59:52,89.93,98.27,762.890625
2023-09-07,01:00:23,9.68,9.97,762.890625
2023-09-07,01:00:59,9.68,9.97,762.90625
2023-09-07,01:01:08,85.37,99.79,762.90625
2023-09-07,01:01:25,89.93,98.27,762.90625
2023-09-07,01:01:42,9.69,9.97,762.90625
2023-09-07,01:02:14,9.68,9.97,762.96875
2023-09-07,01:02:30,85.37,99.79,763.21875
2023-09-07,01:02:46,89.93,98.27,763.21875
2023-09-07,01:05:42,9.68,9.97,763.21875
2023-09-07,01:05:55,9.68,9.97,763.21875
2023-09-07,01:06:53,9.69,9.98,763.265625
2023-09-07,01:07:02,85.38,99.8,763.28125
2023-09-07,01:07:09,0.8,1.01,763.28125
2023-09-07,01:07:32,0.8,1.01,763.375
2023-09-07,01:07:43,83.44,97.86,763.375
2023-09-07,01:08:20,89.95,98.29,763.375
2023-09-07,01:08:28,9.7,9.99,763.375
2023-09-07,01:08:49,9.7,9.99,763.390625
2023-09-07,01:09:01,85.38,99.8,763.515625
2023-09-07,01:09:15,89.95,98.29,763.515625
2023-09-07,01:09:38,9.7,9.99,763.515625
2023-09-07,01:09:52,85.39,99.81,763.515625
2023-09-07,01:10:17,88.43,98.03,763.515625
2023-09-07,01:10:46,89.95,98.29,763.515625
2023-09-07,01:11:27,85.39,99.81,763.515625
2023-09-07,01:11:43,100.07,100.5,766.359375
2023-09-07,01:12:27,104.73,105.07,767.28125
2023-09-07,01:13:00,90.38,104.8,767.28125
2023-09-07,01:13:49,0.8,1.02,767.28125
2023-09-07,01:22:35,1.42,1.49,777.421875
2023-09-07,01:22:47,0.78,0.99,777.421875
2023-09-07,01:22:55,83.42,97.84,777.421875
2023-09-07,01:26:26,88.41,98.01,777.421875
2023-09-07,01:26:56,89.93,98.27,777.421875
2023-09-07,01:29:09,9.69,9.97,777.421875
2023-09-07,01:33:17,1.42,1.49,4701.390625
2023-09-07,01:33:22,0.78,0.99,4701.40625
2023-09-07,01:42:03,1.02,7.16,4952.9375
2023-09-07,01:43:51,0.78,1,4953.21875
2023-09-07,01:44:12,1.43,7.48,4953.21875
2023-09-07,01:47:52,1.44,7.49,5128.90625
2023-09-07,01:48:44,300.34,2007.8,5129.046875
2023-09-07,01:49:10,1.44,7.49,5129.046875
2023-09-07,01:51:50,1.6,1.77,5129.0625
2023-09-07,01:52:18,1.71,1.89,5129.0625
2023-09-07,01:54:43,1.34,1.55,5129.078125
2023-09-07,02:52:08,1.42,1.49,6677.828125
2023-09-07,02:52:17,0.78,0.99,6679.3125
2023-09-07,02:52:28,1.43,7.48,6680.8125
2023-09-07,13:56:51,1.41,1.48,2049.140625
2023-09-07,14:03:24,2.1,2.18,2082.5
2023-09-07,14:03:30,2.11,2.33,2083.046875
2023-09-07,14:56:47,2.1,2.23,2215.609375
2023-09-08,09:20:24,1.41,1.48,320.984375
2023-09-08,10:14:07,1.41,1.48,1579.40625
2023-09-08,13:21:35,1.41,1.48,1623.359375
2023-09-10,02:11:49,1.4,1.48,386.09375
2023-09-10,02:12:01,1.42,1.6,386.171875
2023-09-10,02:12:06,0.77,0.99,386.171875
2023-09-10,02:15:45,0.82,1.92,386.375
2023-09-10,02:16:56,0.82,1.92,386.375
2023-09-10,02:39:33,0.82,1.92,387.75
2023-09-10,02:46:28,0.83,1.93,244.234375
2023-09-10,02:47:55,0.83,1.93,981.296875
2023-09-10,02:50:20,0.83,1.93,981.375
2023-09-10,02:51:22,0.83,1.93,981.375
2023-09-10,02:51:56,0.82,1.92,981.375
2023-09-10,02:52:24,0.82,1.92,981.375
2023-09-10,03:01:04,0.82,1.92,981.375
2023-09-10,03:02:22,0.82,1.92,981.375
2023-09-10,03:02:53,0.82,1.92,981.375
2023-09-10,03:03:46,0.82,1.92,981.375
2023-09-10,03:07:16,0.82,1.92,981.375
2023-09-10,03:08:40,0.82,1.92,981.375
2023-09-10,03:23:05,0.83,1.93,208.296875
2023-09-12,08:26:09,1.4,1.48,2006.8125
2023-09-12,08:26:22,1.42,1.6,2006.84375
2023-09-12,08:26:42,0.77,0.99,2006.890625
2023-09-12,08:27:02,71.48,87.26,2015.453125
2023-09-12,08:27:24,72.04,87.43,2015.5
2023-09-12,08:27:31,0.77,0.99,2015.5
2023-09-12,08:28:28,72.75,87.3,2038.890625
2023-09-12,08:30:45,74.51,87.46,2039.03125
2023-09-12,08:31:20,74.51,87.46,2039.03125
2023-09-12,10:20:14,10.91,13.24,7733.46875
2023-09-12,10:22:08,1.42,1.6,7735.21875
2023-09-12,10:41:26,1.41,1.48,7737.578125
2023-09-12,10:41:49,0.77,0.98,7736.046875
2023-09-12,10:42:06,1.23,2.23,7738.875
2023-09-12,10:42:42,0.87,1.08,7736.953125
2023-09-12,10:42:53,1.26,2.27,7736.90625
2023-09-12,10:43:44,1.26,2.18,7738.53125
2023-09-12,10:44:17,1.43,1.61,7737.109375
2023-09-12,10:44:25,0.78,0.99,7736.96875
2023-09-12,10:44:37,1.23,2.16,7736.65625
2023-09-12,10:46:48,43.57,401.87,7733.25
2023-09-12,10:51:51,1.24,2.17,7773.46875
2023-09-12,10:55:59,1.36,2.29,7834.921875
2023-09-12,10:57:00,1.36,2.29,7797.765625
2023-09-12,14:53:57,1.41,1.49,7749.609375
2023-09-12,14:54:17,0.78,0.99,7749.625
2023-09-12,14:56:29,1.23,2.16,7764.890625
2023-09-12,15:03:06,1.24,2.17,7748.703125
2023-09-12,15:08:42,1.24,2.17,7748.703125
2023-09-12,15:10:38,0.83,0.99,7748.703125
2023-09-12,15:18:25,1.37,1.6,7748.703125
2023-09-12,15:19:25,1.37,1.6,7748.703125
2023-09-12,15:19:58,1.37,1.6,7748.703125
2023-09-12,15:20:18,1.37,1.6,7748.703125
2023-09-12,15:24:01,1.38,1.68,7749.046875
2023-09-12,15:24:11,1.38,1.71,7749.046875
2023-09-12,15:29:09,4.78,6.96,7749.046875
2023-09-12,15:31:24,4.59,6.96,7749.046875
2023-09-12,15:34:16,4.57,6.96,7749.046875
2023-09-12,15:34:34,1.48,1.88,7749.046875
2023-09-12,15:36:56,1.65,1.83,7749.046875
2023-09-12,15:37:07,1.65,1.83,7749.046875
2023-09-12,15:38:51,1.65,1.83,7749.046875
2023-09-12,15:39:46,1.65,1.83,7749.046875
2023-09-12,15:40:14,1.65,1.83,7749.046875
2023-09-12,15:42:38,1.65,1.83,7749.046875
2023-09-12,15:43:23,1.65,1.83,7749.046875
2023-09-12,15:43:29,1.24,2.17,7749.046875
2023-09-12,15:44:41,1.65,1.83,7749.046875
2023-09-12,15:44:46,1.24,2.17,7749.046875
2023-09-12,15:45:00,1.65,1.83,7749.046875
2023-09-12,15:45:35,1.65,1.83,7749.046875
2023-09-12,15:47:20,1.65,1.83,7749.046875
2023-09-12,15:47:28,1.65,1.83,7749.046875
2023-09-12,15:47:50,1.65,1.83,7749.046875
2023-09-12,15:56:12,1.65,1.84,7749.046875
2023-09-12,15:56:35,1.66,1.84,7749.0625
2023-09-12,15:57:03,1.66,1.84,7749.046875
2023-09-12,15:57:28,1.66,1.84,7749.046875
2023-09-12,15:58:07,1.66,1.84,7749.046875
2023-09-12,15:58:34,1.66,1.84,7749.046875
2023-09-12,15:59:28,1.66,1.84,7749.046875
2023-09-12,15:59:49,1.66,1.84,7749.046875
2023-09-12,16:00:55,1.66,1.84,7749.046875
2023-09-12,16:01:04,1.66,1.84,7749.046875
2023-09-12,16:01:21,1.66,1.84,7749.046875
2023-09-12,16:01:36,1.66,1.84,7749.046875
2023-09-12,16:02:22,1.66,1.84,7749.046875
2023-09-12,16:02:45,1.66,1.84,7749.046875
2023-09-12,16:05:04,1.66,1.85,7749.046875
2023-09-12,16:05:16,1.66,1.85,7749.046875
2023-09-12,16:05:44,1.66,1.85,7749.046875
2023-09-12,16:06:42,1.66,1.84,7749.046875
2023-09-12,16:06:55,1.66,1.84,7749.046875
2023-09-12,16:07:22,1.66,1.85,7749.046875
2023-09-12,16:08:21,1.66,1.85,7749.046875
2023-09-12,16:08:39,1.66,1.85,7749.046875
2023-09-12,16:09:26,1.66,1.85,7749.046875
2023-09-12,16:10:12,1.66,1.84,7749.046875
2023-09-12,16:10:50,1.66,1.84,7749.046875
2023-09-12,16:11:10,1.66,1.84,7749.046875
2023-09-12,16:11:26,1.66,1.84,7749.046875
2023-09-12,16:11:57,1.66,1.84,7749.046875
2023-09-12,16:12:14,1.66,1.85,7749.046875
2023-09-12,16:13:09,1.66,1.85,7749.046875
2023-09-12,16:13:46,1.66,1.85,7749.046875
2023-09-12,16:15:01,1.66,1.85,7749.046875
2023-09-12,16:15:43,1.66,1.85,7749.046875
2023-09-12,16:15:58,1.66,1.85,7749.046875
2023-09-12,16:16:07,1.66,1.85,7749.046875
2023-09-12,16:17:19,1.66,1.85,7749.046875
2023-09-12,16:18:30,1.66,1.85,7749.046875
2023-09-12,16:19:19,1.66,1.85,7749.046875
2023-09-12,16:20:03,1.66,1.85,7749.046875
2023-09-12,16:20:26,1.66,1.85,7749.046875
2023-09-12,16:20:57,1.66,1.85,7749.046875
2023-09-12,16:21:08,1.66,1.85,7749.046875
2023-09-12,16:21:19,1.66,1.85,7749.046875
2023-09-12,16:23:23,1.66,1.85,7749.046875
2023-09-12,16:23:37,1.66,1.85,7749.046875
2023-09-12,16:24:08,1.66,1.85,7749.046875
2023-09-12,16:24:38,1.66,1.85,7749.046875
2023-09-12,16:24:57,1.66,1.85,7749.046875
2023-09-12,16:25:08,1.66,1.85,7749.046875
2023-09-12,16:25:24,1.66,1.85,7749.046875
2023-09-12,16:26:27,1.66,1.85,7749.046875
2023-09-12,16:26:36,1.66,1.85,7749.046875
2023-09-12,16:26:52,1.66,1.85,7749.046875
2023-09-12,16:27:28,1.66,1.85,7749.046875
2023-09-12,16:27:49,1.66,1.85,7749.046875
2023-09-12,16:28:46,1.66,1.85,7749.046875
2023-09-12,16:29:24,1.66,1.85,7749.046875
2023-09-12,16:29:37,1.66,1.85,7749.046875
2023-09-12,16:30:08,1.66,1.85,7749.046875
2023-09-12,16:30:17,1.66,1.85,7749.046875
2023-09-12,16:31:11,1.66,1.85,7749.046875
2023-09-12,16:31:35,1.66,1.85,7749.046875
2023-09-12,16:31:54,1.66,1.85,7749.046875
2023-09-12,16:32:31,1.66,1.85,7749.046875
2023-09-12,16:32:55,1.66,1.85,7749.046875
2023-09-12,16:33:22,1.66,1.85,7749.046875
2023-09-12,16:34:01,1.66,1.85,7749.046875
2023-09-12,16:34:30,1.66,1.85,7749.046875
2023-09-12,16:35:25,1.66,1.85,7749.046875
2023-09-12,16:49:09,1.66,1.85,7749.046875
2023-09-12,16:49:35,1.66,1.85,7749.046875
2023-09-12,16:49:54,1.66,1.85,7749.046875
2023-09-12,16:50:07,1.66,1.85,7749.046875
2023-09-12,16:50:23,1.66,1.85,7749.046875
2023-09-12,16:50:51,1.66,1.85,7749.046875
2023-09-12,16:51:49,1.66,1.85,7749.046875
2023-09-12,16:52:03,1.66,1.85,7749.046875
2023-09-12,16:52:11,1.66,1.85,7749.046875
2023-09-12,16:53:12,1.66,1.85,7749.046875
2023-09-12,16:54:05,1.66,1.85,7749.046875
2023-09-12,16:54:29,1.66,1.85,7749.046875
2023-09-12,16:54:48,1.66,1.85,7749.046875
2023-09-12,16:55:18,1.66,1.85,7749.046875
2023-09-12,16:55:39,1.66,1.85,7749.046875
2023-09-12,16:56:18,1.66,1.85,7749.046875
2023-09-12,16:56:32,1.66,1.85,7749.046875
2023-09-12,16:57:03,1.66,1.85,7749.046875
2023-09-12,16:57:15,1.66,1.85,7749.046875
2023-09-12,16:57:25,1.66,1.85,7749.046875
2023-09-12,16:57:31,1.66,1.85,7749.046875
2023-09-12,16:57:37,1.25,2.17,7749.046875
2023-09-12,16:57:50,1.66,1.85,7749.046875
2023-09-12,16:59:18,1.66,1.85,7749.046875
2023-09-12,17:02:09,1.66,1.85,7749.046875
2023-09-12,17:02:47,1.25,2.17,7749.046875
2023-09-12,17:11:13,1.66,1.85,7749.046875
2023-09-12,17:13:14,1.66,1.85,7749.046875
2023-09-12,17:17:03,1.71,1.93,7749.046875
2023-09-12,17:17:18,1.66,1.85,7749.046875
2023-09-12,17:17:43,1.71,1.93,7749.046875
2023-09-12,17:33:29,1.71,1.93,7749.046875
2023-09-12,18:34:11,1.71,1.93,7749.046875
2023-09-12,18:34:57,1.71,1.93,7749.046875
2023-09-12,18:35:23,1.71,1.93,7749.046875
2023-09-12,18:35:59,1.71,1.93,7749.046875
2023-09-12,18:36:06,1.71,1.93,7749.046875
2023-09-12,18:36:10,1.71,1.93,7749.046875
2023-09-12,18:36:33,1.71,1.93,7749.046875
2023-09-12,19:08:22,1.7,1.93,7749.046875
2023-09-12,19:08:38,1.7,1.93,7749.046875
2023-09-12,21:48:58,1.41,1.49,1950.75
2023-09-12,21:49:04,0.78,0.99,1950.75
2023-09-12,21:49:21,1.23,2.15,1953.578125
2023-09-12,21:49:38,1.24,2.17,1957
2023-09-12,21:52:00,0.82,1.04,1961.4375
2023-09-12,21:52:23,1.24,2.17,1961.4375
2023-09-12,21:52:53,1.36,2.29,1961.4375
2023-09-12,21:53:10,0.94,1.16,1961.515625
2023-09-12,21:53:21,0.94,1.16,1961.515625
2023-09-12,21:53:29,1.36,2.29,1961.515625
2023-09-12,21:56:58,0.97,1.11,1961.515625
2023-09-12,21:57:35,0.97,1.11,1961.515625
2023-09-12,21:58:35,1.02,24.17,1961.515625
2023-09-12,21:59:02,1.02,24.17,1961.515625
2023-09-12,22:13:45,1.02,24.17,1961.515625
2023-09-12,23:02:08,1.01,25.6,1976.421875
2023-09-12,23:06:18,1.01,25.6,1976.421875
2023-09-12,23:07:51,1.01,25.6,1976.421875
2023-09-12,23:08:56,1.01,25.6,1976.421875
2023-09-12,23:11:31,0.91,1.06,2140.59375
2023-09-12,23:21:34,1.02,25.61,2141.390625
2023-09-12,23:22:33,1.02,25.61,2141.390625
2023-09-12,23:23:27,1.02,25.61,2141.390625
2023-09-12,23:23:37,1.02,25.61,2141.390625
2023-09-12,23:24:19,1.02,25.61,2141.390625
2023-09-12,23:24:51,1.02,25.61,2141.390625
2023-09-12,23:25:03,1.02,25.61,2141.390625
2023-09-12,23:25:14,1.02,25.61,2141.390625
2023-09-12,23:25:54,1.02,25.61,2141.390625
2023-09-13,00:18:10,1.02,25.61,2156.4375
2023-09-13,00:20:05,1.02,25.61,2156.4375
2023-09-13,00:31:34,1.02,25.61,2156.4375
2023-09-13,00:32:04,1.02,25.61,2156.4375
2023-09-13,00:38:15,1.02,25.61,2156.4375
2023-09-13,00:40:59,1.02,25.61,2156.4375
2023-09-13,00:42:48,1.02,25.61,2156.4375
2023-09-13,00:43:50,1.02,25.61,2156.4375
2023-09-13,00:54:14,1.02,25.61,2156.4375
2023-09-13,00:56:24,0.97,1.11,2156.4375
2023-09-13,01:04:04,1.01,25.6,2156.4375
2023-09-13,01:06:18,0.97,1.11,2156.4375
2023-09-13,01:06:55,0.97,1.11,2156.4375
2023-09-13,01:07:01,0.97,1.11,2156.4375
2023-09-13,01:07:12,0.97,1.11,2156.4375
2023-09-13,01:07:41,0.97,1.11,2156.4375
2023-09-13,01:07:51,0.97,1.11,2156.4375
2023-09-13,01:09:02,0.97,1.11,2156.4375
2023-09-13,01:11:58,1.75,1.92,2156.4375
2023-09-13,01:12:14,1.75,1.92,2156.4375
2023-09-13,01:13:37,1.76,1.93,2156.4375
2023-09-13,01:13:53,1.76,1.93,2156.4375
2023-09-13,01:15:20,1.76,1.93,2156.4375
2023-09-13,01:16:49,1.76,1.93,2156.4375
2023-09-13,01:16:51,1.76,1.93,2156.4375
2023-09-13,01:17:29,1.76,1.93,2156.4375
2023-09-13,01:18:49,1.83,2.05,2156.4375
2023-09-13,01:19:05,1.83,2.05,2156.4375
2023-09-13,01:20:00,1.83,2.05,2156.4375
2023-09-13,01:21:16,1.83,2.05,2156.4375
2023-09-13,01:27:51,1.37,2.29,2156.4375
2023-09-13,01:58:02,1.37,2.29,2156.484375
2023-09-13,01:58:36,1.37,2.29,2156.484375
2023-09-13,01:59:47,1.83,2.05,2156.484375
2023-09-13,01:59:57,1.83,2.05,2156.484375
2023-09-13,02:00:10,1.83,2.05,2156.484375
2023-09-13,02:01:09,1.67,1.91,2156.484375
2023-09-13,02:01:18,1.71,1.91,2156.484375
2023-09-13,02:01:24,1.59,1.91,2156.484375
2023-09-13,02:01:34,1.64,1.91,2156.484375
2023-09-13,02:02:06,1.64,1.91,2156.484375
2023-09-13,02:02:14,1.66,1.91,2156.484375
2023-09-13,02:04:05,1.64,1.91,2156.484375
2023-09-13,02:04:11,1.64,1.91,2156.484375
2023-09-13,02:04:28,1.64,1.91,2156.484375
2023-09-13,02:05:06,1.64,1.91,2156.484375
2023-09-13,02:05:48,4.73,7.09,2156.484375
2023-09-13,02:07:35,1.64,1.91,2156.484375
2023-09-13,02:10:10,1.64,1.91,2156.484375
2023-09-13,02:47:32,1.57,1.81,2156.484375
2023-09-13,03:04:05,1.47,1.54,2156.484375
2023-09-13,03:09:59,1.54,1.73,2156.484375
2023-09-13,03:10:34,1.49,1.73,2156.484375
2023-09-13,03:11:13,1.5,1.54,2156.484375
2023-09-13,03:11:19,1.64,1.91,2156.484375
2023-09-13,03:41:31,0.95,1.16,2156.484375
2023-09-13,03:43:51,0.87,1,2156.484375
2023-09-13,03:48:01,1,25.58,2156.5625
2023-09-13,03:48:32,1,25.58,2156.5625
2023-09-13,03:48:45,1,25.58,2156.5625
2023-09-13,03:49:34,1,25.58,2156.59375
2023-09-13,03:54:05,1,25.58,2156.59375
2023-09-13,03:54:44,1,25.58,2156.59375
2023-09-13,12:51:35,1.41,1.48,553.921875
2023-09-13,12:52:48,0.77,0.98,553.921875
2023-09-13,13:01:33,0.86,25.44,573.484375
2023-09-13,13:55:52,0.81,25.38,579.40625
2023-09-13,13:57:05,0.85,1.06,587.203125
2023-09-13,14:16:16,0.81,0.93,587.25
2023-09-13,14:17:03,0.81,0.93,587.25
2023-09-13,14:18:49,0.85,1.07,587.25
2023-09-13,14:21:23,1.53,1.83,587.25
2023-09-13,14:21:29,0.84,1.05,587.25
2023-09-13,14:22:08,1.53,1.83,587.25
2023-09-13,14:22:47,0.81,0.93,587.25
2023-09-13,14:23:28,0.81,0.94,587.25
2023-09-13,15:44:26,1.54,1.83,587.25
2023-09-13,15:46:44,1.54,1.83,587.25
2023-09-13,15:46:59,1.54,1.83,587.25
2023-09-13,15:47:46,1.54,1.83,587.25
2023-09-13,15:50:36,1.54,1.83,587.25
2023-09-13,15:57:48,1.54,1.83,587.296875
2023-09-13,18:47:59,1.41,1.48,61.15625
2023-09-13,18:48:22,0.77,0.98,61.15625
2023-09-13,18:48:36,1.22,2.14,123.203125
2023-09-13,18:48:47,0.87,1.08,131.578125
2023-09-13,21:01:50,1.54,1.83,14.625
2023-09-13,21:03:45,1.54,1.83,14.625
2023-09-13,21:04:20,1.54,1.83,14.625
2023-09-13,21:04:42,1.54,1.83,14.625
2023-09-13,21:05:17,1.54,1.83,14.9375
2023-09-13,21:06:38,1.55,1.84,14.9375
2023-09-13,21:09:09,1.54,1.83,14.953125
2023-09-13,21:10:54,1.54,1.83,14.953125
2023-09-13,21:11:48,1.47,1.83,14.953125
2023-09-13,21:12:01,1.47,1.83,14.953125
2023-09-13,21:12:31,1.47,1.83,14.953125
2023-09-13,21:12:52,4.62,6.98,14.953125
2023-09-13,21:14:33,7.82,10.18,14.953125
2023-09-13,21:16:09,7.82,10.18,14.953125
2023-09-13,21:50:56,7.82,10.18,80.21875
2023-09-13,21:54:30,0.84,1.06,80.265625
2023-09-13,21:54:42,1.25,2.18,89.28125
2023-09-13,21:55:06,1.56,1.83,100.59375
2023-09-13,21:56:52,7.84,10.21,100.59375
2023-09-13,21:59:19,1.26,2.19,108.828125
2023-09-13,22:04:52,7.85,10.21,108.84375
2023-09-13,22:11:00,7.85,10.21,108.84375
2023-09-13,22:13:33,7.85,10.21,108.84375
2023-09-14,09:12:49,1.41,1.48,79.203125
2023-09-14,09:14:44,0.77,0.98,79.203125
2023-09-14,09:14:56,0.77,0.99,110.828125
2023-09-14,09:28:48,7.76,10.13,140.375
2023-09-14,09:29:02,7.76,10.13,140.4375
2023-09-14,09:29:23,7.76,10.13,140.453125
2023-09-14,09:31:37,0.78,1,140.453125
2023-09-14,09:31:44,1.23,2.15,148.9375
2023-09-14,09:31:56,7.84,10.21,160.203125
2023-09-14,09:32:12,7.84,10.21,160.203125
2023-09-14,17:02:16,1.41,1.48,44.828125
2023-09-14,17:03:30,0.77,0.99,54.921875
2023-09-14,23:45:27,1.41,1.48,34.75
2023-09-15,05:44:58,1.41,1.48,36.78125
2023-09-15,11:20:40,1.41,1.48,36.8125
2023-09-15,15:30:46,1.4,1.48,27.140625
2023-09-15,15:30:58,1.42,1.6,27.265625
2023-09-15,15:31:05,0.77,0.99,27.265625
2023-09-15,15:31:20,0.77,0.99,29.8125
2023-09-15,15:31:27,0.77,0.99,29.8125
2023-09-15,15:31:36,23.04,23.47,127.296875
2023-09-15,15:31:49,0.77,0.99,127.296875
2023-09-15,15:32:31,23.04,23.47,127.296875
2023-09-15,15:33:02,27.71,28.05,421.609375
2023-09-15,15:33:28,32.38,34.2,421.609375
2023-09-15,15:39:03,32.39,34.21,7256.5
2023-09-15,15:39:24,8.36,34.21,7257.140625
2023-09-15,15:43:15,0.87,1.09,7297.234375
2023-09-15,15:50:02,0.87,1.09,7534
2023-09-15,15:50:34,23.18,23.57,7534
2023-09-15,15:51:17,27.72,28.06,7534
2023-09-15,15:52:11,32.4,34.21,7534
2023-09-15,16:00:24,32.4,34.22,7534.6875
2023-09-15,16:00:55,32.63,38.78,7534.6875
2023-09-15,16:01:07,32.39,34.21,7534.6875
2023-09-15,16:33:45,32.39,34.21,7534.78125
2023-09-15,16:34:06,32.39,34.22,7535.4375
2023-09-15,16:34:25,32.39,34.22,7535.4375
2023-09-15,16:34:39,42.59,42.78,7539.546875
2023-09-15,16:35:21,12.47,12.61,7546.015625
2023-09-15,16:36:00,9.69,9.98,7546.015625
2023-09-15,16:41:08,9.7,9.99,7554.953125
2023-09-15,16:41:42,15.4,15.56,7556.40625
2023-09-15,16:42:14,7.2,7.31,7557.296875
2023-09-15,16:42:50,4.44,4.65,7557.296875
2023-09-15,16:46:03,4.44,4.65,7560.328125
2023-09-15,16:46:27,9.91,10.09,7564.484375
2023-09-15,16:47:10,7.77,7.91,7570.0625
2023-09-15,16:47:52,6.95,7.16,7570.0625
2023-09-16,13:39:51,1.41,1.48,496.484375
2023-09-17,09:15:52,1.41,1.48,33.625
2023-09-17,21:32:00,1.41,1.48,25.765625
2023-09-17,21:33:36,1.41,1.48,25.765625
2023-09-18,02:01:44,1.41,1.48,25.84375
2023-09-18,02:01:51,0.77,0.98,25.84375
2023-09-18,02:02:13,9.35,9.57,116.3125
2023-09-18,02:03:24,1.38,261.65,245.53125
2023-09-18,02:04:31,1.42,1.6,245.640625
2023-09-18,02:04:37,0.77,0.99,245.640625
2023-09-18,02:05:46,6.44,6.63,257.859375
2023-09-18,02:06:45,10.93,11.16,262.796875
2023-09-18,02:08:00,23.04,23.47,277.734375
2023-09-18,02:08:35,6.44,6.63,278.40625
2023-09-18,02:09:08,6.2,6.43,283
2023-09-18,02:09:54,84.93,98,290.859375
2023-09-18,02:10:18,83.41,97.83,459.984375
2023-09-18,03:03:19,0.77,0.96,459.984375
2023-09-18,10:10:06,1.41,1.48,135.5
2023-09-18,10:10:57,0.77,0.98,135.5
2023-09-18,10:11:36,83.41,97.83,340.96875
2023-09-18,10:12:39,83.41,97.83,340.96875
2023-09-18,10:12:55,1.4,1.47,340.96875
2023-09-18,10:13:07,1.42,1.6,341.078125
2023-09-18,10:13:21,0.77,0.99,341.078125
2023-09-18,10:19:23,83.41,97.83,341.078125
2023-09-18,10:31:28,83.41,97.83,348.984375
2023-09-18,10:31:57,83.41,97.83,348.984375
2023-09-18,10:32:21,83.41,97.83,348.984375
2023-09-18,10:32:23,83.41,97.83,348.984375
2023-09-18,10:32:52,83.41,97.83,348.984375
2023-09-18,10:32:59,83.41,97.83,348.984375
2023-09-18,10:33:04,83.41,97.83,348.984375
2023-09-18,10:33:15,83.41,97.83,348.984375
2023-09-18,10:33:17,83.41,97.83,348.984375
2023-09-18,10:33:22,83.41,97.83,348.984375
2023-09-18,10:33:29,83.41,97.83,348.984375
2023-09-18,10:34:27,83.41,97.83,348.984375
2023-09-18,11:01:59,1.41,1.48,348.984375
2023-09-18,11:14:47,0.77,0.98,348.984375
2023-09-18,11:14:53,0.77,0.98,348.984375
2023-09-18,11:15:09,83.41,97.83,348.984375
2023-09-18,11:15:41,83.41,97.83,348.984375
2023-09-18,11:16:07,83.41,97.83,348.984375
2023-09-18,11:19:16,1.4,1.48,348.984375
2023-09-18,11:19:23,0.77,0.99,348.984375
2023-09-18,11:19:37,1.41,7.47,701.875
2023-09-18,11:20:47,3.43,3.65,733.203125
2023-09-18,11:21:09,9.14,9.29,733.625
2023-09-18,11:21:16,3.43,3.65,733.625
2023-09-18,11:21:22,3.98,8.19,741.53125
2023-09-18,11:23:19,1.92,3.7,741.65625
2023-09-18,11:24:11,1.29,1.44,742.25
2023-09-18,11:30:02,3.32,7.52,742.359375
2023-09-18,11:33:10,3.41,3.62,742.359375
2023-09-18,11:34:20,3.41,3.62,742.359375
2023-09-18,12:24:06,3.41,3.63,870.109375
2023-09-18,15:28:42,1.41,1.48,300.609375
2023-09-18,15:28:51,0.77,0.98,300.609375
2023-09-18,15:29:17,1.41,7.46,405.5
2023-09-18,15:30:48,4.33,11.51,477.796875
2023-09-18,15:52:06,1.33,1.55,478.171875
2023-09-18,15:52:30,1.33,1.55,478.171875
2023-09-18,15:52:38,9.11,11.36,536.1875
2023-09-18,15:55:27,11.16,11.5,536.203125
2023-09-18,15:55:48,11.72,13.98,536.203125
2023-09-18,15:56:46,11.72,13.97,536.203125
2023-09-18,15:57:12,11.72,13.97,536.203125
2023-09-18,15:59:12,4.32,11.5,545.578125
2023-09-18,15:59:49,1.34,1.55,545.65625
2023-09-18,16:49:52,1.58,7.72,1104.6875
2023-09-18,16:52:40,1.34,1.53,1104.890625
2023-09-18,16:53:12,1.34,1.55,1104.890625
2023-09-18,16:53:21,9.11,11.38,1202.515625
2023-09-18,16:56:45,4.35,11.53,1202.78125
2023-09-18,17:00:00,1.34,1.55,1202.828125
2023-09-18,17:14:31,1.41,1.49,1866.5
2023-09-18,17:15:00,1.41,1.49,1866.5
2023-09-18,17:15:11,0.78,0.99,1866.5
2023-09-18,17:15:23,8.96,11.23,1866.5
2023-09-18,17:18:44,1.46,1.66,1866.5
2023-09-18,17:18:50,0.78,0.99,1866.5
2023-09-18,17:18:56,8.96,11.23,1866.5
2023-09-18,17:26:48,11.18,11.52,1866.5
2023-09-18,17:28:09,0.78,0.99,1866.5
2023-09-18,17:28:27,23.04,23.47,1877.59375
2023-09-18,17:28:52,27.74,28.08,1899.359375
2023-09-18,17:30:24,32.4,34.22,1899.359375
2023-09-18,17:30:50,32.4,34.22,1899.359375
2023-09-26,11:42:30,1.45,1.66,307.390625
2023-09-26,11:42:43,1.43,1.61,307.484375
2023-09-26,11:43:03,0.78,0.99,307.484375
2023-09-26,11:43:19,0.78,0.99,307.75
2023-09-26,11:44:28,0.78,0.99,307.75
2023-09-26,11:44:49,2.01,2.3,316.421875
2023-09-26,11:45:29,1.92,2.32,316.578125
2023-09-26,11:48:23,1.96,2.31,317.375
2023-09-26,11:48:35,1.92,2.32,317.4375
2023-09-26,11:50:12,1.96,2.31,317.453125
2023-09-26,11:50:29,0.8,1.01,317.453125
2023-09-26,11:50:37,0.8,1.01,317.453125
2023-09-26,12:45:00,1.42,1.49,96.84375
2023-09-26,13:05:09,0.78,0.99,96.84375
2023-09-26,13:05:16,0.78,0.99,96.84375
2023-09-26,13:11:40,0.78,0.99,96.84375
2023-09-26,13:12:32,1.24,2.25,155.171875
2023-09-26,13:13:01,0.83,1.04,185
2023-09-26,13:13:12,1.25,2.26,188.109375
2023-09-26,13:13:24,0.82,1.03,188.109375
2023-09-26,13:23:23,0.82,1.04,738.46875
2023-09-26,13:23:33,14.55,14.73,773.109375
2023-09-26,13:23:47,12.75,13.29,773.328125
2023-09-26,13:29:45,0.78,1,773.328125
2023-09-26,13:30:41,0.79,1,773.328125
2023-09-26,13:30:48,1.24,2.25,773.328125
2023-09-26,13:34:12,1.6,1.77,812.59375
2023-09-26,13:35:14,1.72,1.89,812.59375
2023-09-26,13:35:32,1.34,1.56,812.59375
2023-09-26,13:35:45,14.69,14.87,812.59375
2023-09-26,13:35:58,12.75,13.29,812.59375
2023-09-26,13:36:47,13.15,13.36,812.59375
2023-09-26,13:37:35,12.75,13.29,812.59375
2023-09-26,13:37:41,0.79,1,812.59375
2023-09-26,13:37:50,1.24,2.25,812.59375
2023-09-26,13:39:34,0.89,1.1,812.59375
2023-09-26,13:39:46,14.66,14.84,843.875
2023-09-26,13:40:02,13.49,13.6,845.234375
2023-09-26,13:55:41,14.71,15.23,845.234375
2023-09-26,13:55:48,15.03,15.21,845.234375
2023-09-26,13:55:56,0.79,1.01,845.234375
2023-09-26,13:56:07,7.92,9.02,850.5
2023-09-26,13:59:05,8.74,9.2,850.59375
2023-09-26,14:00:30,0.79,1.01,850.59375
2023-09-26,14:15:27,0.79,1,203.65625
2023-09-26,14:16:32,14.54,14.72,238.828125
2023-09-26,14:17:40,0.79,1,238.828125
2023-09-26,14:20:03,0.79,1,238.828125
2023-09-26,14:20:14,1.25,2.26,268.4375
2023-09-26,14:21:24,36.35,407.95,272
2023-09-26,14:24:03,0.88,1.1,272
2023-09-26,14:24:52,11.16,13.32,287.453125
2023-09-26,14:28:03,0.95,1.16,287.5
2023-09-26,14:28:09,1.3,2.31,287.5
2023-09-26,14:28:49,1.27,2.28,287.796875
2023-09-26,14:29:46,36.36,407.95,287.796875
2023-09-26,14:31:03,1.27,2.28,852.046875
2023-09-26,14:31:34,1.27,2.28,852.078125
2023-09-26,14:32:34,1.6,1.78,853.0625
2023-09-26,14:41:05,8.33,10.69,855.671875
2023-09-26,14:41:50,1.73,1.9,855.671875
2023-09-26,14:42:22,1.4,2.41,855.671875
2023-09-26,14:44:12,0.89,1.1,855.703125
2023-09-26,14:44:28,36.2,44.45,855.796875
2023-09-26,14:45:34,0.87,1.09,859.96875
2023-09-26,14:46:10,14.57,14.76,859.96875
2023-09-26,14:46:42,13.49,13.6,861.625
2023-09-26,14:55:18,15.89,16.39,861.625
2023-09-26,14:55:38,15.24,15.42,861.625
2023-09-26,14:55:59,0.8,1.01,861.625
2023-09-26,14:56:16,1.26,2.27,861.625
2023-10-03,14:34:58,1.45,1.66,240.65625
2023-10-03,14:35:47,1.43,1.61,300.75
2023-10-03,14:36:17,0.78,0.99,300.75
2023-10-03,14:37:03,1.46,1.66,300.75
2023-10-03,14:38:19,1.46,1.66,300.75
2023-10-03,14:39:04,1.43,1.61,300.75
2023-10-03,14:39:48,0.78,0.93,301.5625
2023-10-03,14:40:00,0.78,0.99,302.234375
2023-10-03,14:40:10,0.78,0.99,302.234375
2023-10-03,14:40:24,1.23,2.16,339.90625
2023-10-03,14:40:53,0.9,1.11,357.015625
2023-10-03,14:41:03,4.87,4.99,361.109375
2023-10-03,14:41:12,5.43,5.57,362.109375
2023-10-03,14:49:20,1.42,1.49,362.109375
2023-10-03,14:49:30,0.78,0.99,362.109375
2023-10-03,14:50:05,0.78,0.99,362.765625
2023-10-03,14:51:09,39.36,39.92,380.578125
2023-10-03,14:54:07,0.78,0.99,380.578125
2023-10-03,14:54:31,49.32,49.88,434.375
2023-10-03,14:58:43,49.32,49.88,437.25
2023-10-03,15:01:41,49.32,49.88,437.375
2023-10-03,15:02:36,49.32,49.88,437.375
2023-10-03,15:03:01,1.4,1.47,437.375
2023-10-03,15:03:14,1.42,1.6,437.375
2023-10-03,15:07:22,0.77,0.99,437.375
2023-10-03,15:07:29,1.22,2.14,469.109375
2023-10-03,15:08:35,1.58,1.74,470.265625
2023-10-03,15:10:21,1.32,1.54,470.34375
2023-10-03,16:01:52,1.38,2.39,952.296875
