Clave,Folio,Clave Ciudadano,Clave Programa Apoyo,Fecha,Hora,Observaciones
Clave,Folio,Clave Ciudadano,Clave Programa Apoyo,Fecha,Hora,Observaciones
SCPA00031500,SCPA00031500,SIC0011809,PA00000001,2022-01-02,12:05:21,
SCPA00031501,SCPA00031501,SIC0013661,PA00000001,2022-01-02,12:05:21,
SCPA00031502,SCPA00031502,SIC0014902,PA00000001,2022-01-02,12:05:21,
SCPA00031503,SCPA00031503,SIC0001432,PA00000001,2022-01-02,12:05:21,
SCPA00031504,SCPA00031504,SIC0016812,PA00000001,2022-01-02,12:05:21,
SCPA00031505,SCPA00031505,SIC0010880,PA00000001,2022-01-02,12:05:21,
SCPA00031506,SCPA00031506,SIC0017466,PA00000001,2022-01-02,12:05:21,
SCPA00031507,SCPA00031507,SIC0009451,PA00000001,2022-01-02,12:05:21,
SCPA00031508,SCPA00031508,SIC0009549,PA00000001,2022-01-02,12:05:21,
SCPA00031509,SCPA00031509,SIC0015983,PA00000001,2022-01-02,12:05:21,
SCPA00031510,SCPA00031510,SIC0000562,PA00000001,2022-01-02,12:05:21,
SCPA00031511,SCPA00031511,SIC0013012,PA00000001,2022-01-02,12:05:21,
SCPA00031512,SCPA00031512,SIC0000972,PA00000001,2022-01-02,12:05:21,
SCPA00031513,SCPA00031513,SIC0017647,PA00000001,2022-01-02,12:05:21,
SCPA00031514,SCPA00031514,SIC0006350,PA00000001,2022-01-02,12:05:21,
SCPA00031515,SCPA00031515,SIC0003430,PA00000001,2022-01-02,12:05:21,
SCPA00031516,SCPA00031516,SIC0001156,PA00000001,2022-01-02,12:05:21,
SCPA00031517,SCPA00031517,SIC0006497,PA00000001,2022-01-02,12:05:21,
SCPA00031518,SCPA00031518,SIC0010156,PA00000001,2022-01-02,12:05:21,
SCPA00031519,SCPA00031519,SIC0017547,PA00000001,2022-01-02,12:05:21,
SCPA00031520,SCPA00031520,SIC0015299,PA00000001,2022-01-02,12:05:21,
SCPA00031521,SCPA00031521,SIC0011455,PA00000001,2022-01-02,12:05:21,
SCPA00031522,SCPA00031522,SIC0005310,PA00000001,2022-01-02,12:05:21,
SCPA00031523,SCPA00031523,SIC0011817,PA00000001,2022-01-02,12:05:21,
SCPA00031524,SCPA00031524,SIC0001234,PA00000001,2022-01-02,12:05:21,
SCPA00031525,SCPA00031525,SIC0001853,PA00000001,2022-01-02,12:05:21,
SCPA00031526,SCPA00031526,SIC0011527,PA00000001,2022-01-02,12:05:21,
SCPA00031527,SCPA00031527,SIC0006339,PA00000001,2022-01-02,12:05:21,
SCPA00031528,SCPA00031528,SIC0012459,PA00000001,2022-01-02,12:05:21,
SCPA00031529,SCPA00031529,SIC0017698,PA00000001,2022-01-02,12:05:21,
SCPA00031530,SCPA00031530,SIC0011608,PA00000001,2022-01-02,12:05:21,
SCPA00031531,SCPA00031531,SIC0016814,PA00000001,2022-01-02,12:05:21,
SCPA00031532,SCPA00031532,SIC0006066,PA00000001,2022-01-02,12:05:21,
SCPA00031533,SCPA00031533,SIC0010108,PA00000001,2022-01-02,12:05:21,
SCPA00031534,SCPA00031534,SIC0010166,PA00000001,2022-01-02,12:05:21,
SCPA00031535,SCPA00031535,SIC0012250,PA00000001,2022-01-02,12:05:21,
SCPA00031536,SCPA00031536,SIC0000029,PA00000001,2022-01-02,12:05:21,
SCPA00031537,SCPA00031537,SIC0014438,PA00000001,2022-01-02,12:05:21,
SCPA00031538,SCPA00031538,SIC0009683,PA00000001,2022-01-02,12:05:21,
SCPA00031539,SCPA00031539,SIC0006656,PA00000001,2022-01-02,12:05:21,
SCPA00031540,SCPA00031540,SIC0005586,PA00000001,2022-01-02,12:05:21,
SCPA00031541,SCPA00031541,SIC0005152,PA00000001,2022-01-02,12:05:21,
SCPA00031542,SCPA00031542,SIC0008578,PA00000001,2022-01-02,12:05:21,
SCPA00031543,SCPA00031543,SIC0014850,PA00000001,2022-01-02,12:05:21,
SCPA00031544,SCPA00031544,SIC0002238,PA00000001,2022-01-02,12:05:21,
SCPA00031545,SCPA00031545,SIC0008647,PA00000001,2022-01-02,12:05:21,
SCPA00031546,SCPA00031546,SIC0001760,PA00000001,2022-01-02,12:05:21,
SCPA00031547,SCPA00031547,SIC0004785,PA00000001,2022-01-02,12:05:21,
SCPA00031548,SCPA00031548,SIC0013947,PA00000001,2022-01-02,12:05:21,
SCPA00031549,SCPA00031549,SIC0000752,PA00000001,2022-01-02,12:05:21,
SCPA00031550,SCPA00031550,SIC0010810,PA00000001,2022-01-02,12:05:21,
SCPA00031551,SCPA00031551,SIC0010508,PA00000001,2022-01-02,12:05:21,
SCPA00031552,SCPA00031552,SIC0015318,PA00000001,2022-01-02,12:05:21,
SCPA00031553,SCPA00031553,SIC0005919,PA00000001,2022-01-02,12:05:21,
SCPA00031554,SCPA00031554,SIC0009528,PA00000001,2022-01-02,12:05:21,
SCPA00031555,SCPA00031555,SIC0014680,PA00000001,2022-01-02,12:05:21,
SCPA00031556,SCPA00031556,SIC0001851,PA00000001,2022-01-02,12:05:21,
SCPA00031557,SCPA00031557,SIC0011263,PA00000001,2022-01-02,12:05:21,
SCPA00031558,SCPA00031558,SIC0017740,PA00000001,2022-01-02,12:05:21,
SCPA00031559,SCPA00031559,SIC0014493,PA00000001,2022-01-02,12:05:21,
SCPA00031560,SCPA00031560,SIC0008533,PA00000001,2022-01-02,12:05:21,
SCPA00031561,SCPA00031561,SIC0001859,PA00000001,2022-01-02,12:05:21,
SCPA00031562,SCPA00031562,SIC0004035,PA00000001,2022-01-02,12:05:21,
SCPA00031563,SCPA00031563,SIC0014497,PA00000001,2022-01-02,12:05:21,
SCPA00031564,SCPA00031564,SIC0012105,PA00000001,2022-01-02,12:05:21,
SCPA00031565,SCPA00031565,SIC0011894,PA00000001,2022-01-02,12:05:21,
SCPA00031566,SCPA00031566,SIC0013792,PA00000001,2022-01-02,12:05:21,
SCPA00031567,SCPA00031567,SIC0002027,PA00000001,2022-01-02,12:05:21,
SCPA00031568,SCPA00031568,SIC0003643,PA00000001,2022-01-02,12:05:21,
SCPA00031569,SCPA00031569,SIC0010641,PA00000001,2022-01-02,12:05:21,
SCPA00031570,SCPA00031570,SIC0004125,PA00000001,2022-01-02,12:05:21,
SCPA00031571,SCPA00031571,SIC0000831,PA00000001,2022-01-02,12:05:21,
SCPA00031572,SCPA00031572,SIC0015631,PA00000001,2022-01-02,12:05:21,
SCPA00031573,SCPA00031573,SIC0014417,PA00000001,2022-01-02,12:05:21,
SCPA00031574,SCPA00031574,SIC0016086,PA00000001,2022-01-02,12:05:21,
SCPA00031575,SCPA00031575,SIC0001342,PA00000001,2022-01-02,12:05:21,
SCPA00031576,SCPA00031576,SIC0005858,PA00000001,2022-01-02,12:05:21,
SCPA00031577,SCPA00031577,SIC0011008,PA00000001,2022-01-02,12:05:21,
SCPA00031578,SCPA00031578,SIC0002924,PA00000001,2022-01-02,12:05:21,
SCPA00031579,SCPA00031579,SIC0010671,PA00000001,2022-01-02,12:05:21,
SCPA00031580,SCPA00031580,SIC0004605,PA00000001,2022-01-02,12:05:21,
SCPA00031581,SCPA00031581,SIC0000776,PA00000001,2022-01-02,12:05:21,
SCPA00031582,SCPA00031582,SIC0002568,PA00000001,2022-01-02,12:05:21,
SCPA00031583,SCPA00031583,SIC0004845,PA00000001,2022-01-02,12:05:21,
SCPA00031584,SCPA00031584,SIC0011625,PA00000001,2022-01-02,12:05:21,
SCPA00031585,SCPA00031585,SIC0012971,PA00000001,2022-01-02,12:05:21,
SCPA00031586,SCPA00031586,SIC0009591,PA00000001,2022-01-02,12:05:21,
SCPA00031587,SCPA00031587,SIC0017571,PA00000001,2022-01-02,12:05:21,
SCPA00031588,SCPA00031588,SIC0013572,PA00000001,2022-01-02,12:05:21,
SCPA00031589,SCPA00031589,SIC0001223,PA00000001,2022-01-02,12:05:21,
SCPA00031590,SCPA00031590,SIC0001911,PA00000001,2022-01-02,12:05:21,
SCPA00031591,SCPA00031591,SIC0017361,PA00000001,2022-01-02,12:05:21,
SCPA00031592,SCPA00031592,SIC0005492,PA00000001,2022-01-02,12:05:21,
SCPA00031593,SCPA00031593,SIC0015011,PA00000001,2022-01-02,12:05:21,
SCPA00031594,SCPA00031594,SIC0003661,PA00000001,2022-01-02,12:05:21,
SCPA00031595,SCPA00031595,SIC0009455,PA00000001,2022-01-02,12:05:21,
SCPA00031596,SCPA00031596,SIC0001456,PA00000001,2022-01-02,12:05:21,
SCPA00031597,SCPA00031597,SIC0016415,PA00000001,2022-01-02,12:05:21,
SCPA00031598,SCPA00031598,SIC0011020,PA00000001,2022-01-02,12:05:21,
SCPA00031599,SCPA00031599,SIC0009372,PA00000001,2022-01-02,12:05:21,
SCPA00031600,SCPA00031600,SIC0014050,PA00000001,2022-01-02,12:05:21,
SCPA00031601,SCPA00031601,SIC0005345,PA00000001,2022-01-02,12:05:21,
SCPA00031602,SCPA00031602,SIC0016466,PA00000001,2022-01-02,12:05:21,
SCPA00031603,SCPA00031603,SIC0013124,PA00000001,2022-01-02,12:05:21,
SCPA00031604,SCPA00031604,SIC0010425,PA00000001,2022-01-02,12:05:21,
SCPA00031605,SCPA00031605,SIC0017305,PA00000001,2022-01-02,12:05:21,
SCPA00031606,SCPA00031606,SIC0010752,PA00000001,2022-01-02,12:05:21,
SCPA00031607,SCPA00031607,SIC0001590,PA00000001,2022-01-02,12:05:21,
SCPA00031608,SCPA00031608,SIC0002998,PA00000001,2022-01-02,12:05:21,
SCPA00031609,SCPA00031609,SIC0016233,PA00000001,2022-01-02,12:05:21,
SCPA00031610,SCPA00031610,SIC0009741,PA00000001,2022-01-02,12:05:21,
SCPA00031611,SCPA00031611,SIC0014362,PA00000001,2022-01-02,12:05:21,
SCPA00031612,SCPA00031612,SIC0004889,PA00000001,2022-01-02,12:05:21,
SCPA00031613,SCPA00031613,SIC0009579,PA00000001,2022-01-02,12:05:21,
SCPA00031614,SCPA00031614,SIC0005956,PA00000001,2022-01-02,12:05:21,
SCPA00031615,SCPA00031615,SIC0008560,PA00000001,2022-01-02,12:05:21,
SCPA00031616,SCPA00031616,SIC0006038,PA00000001,2022-01-02,12:05:21,
SCPA00031617,SCPA00031617,SIC0005882,PA00000001,2022-01-02,12:05:21,
SCPA00031618,SCPA00031618,SIC0005698,PA00000001,2022-01-02,12:05:21,
SCPA00031619,SCPA00031619,SIC0013768,PA00000001,2022-01-02,12:05:21,
SCPA00031620,SCPA00031620,SIC0011409,PA00000001,2022-01-02,12:05:21,
SCPA00031621,SCPA00031621,SIC0001403,PA00000001,2022-01-02,12:05:21,
SCPA00031622,SCPA00031622,SIC0012083,PA00000001,2022-01-02,12:05:21,
SCPA00031623,SCPA00031623,SIC0012067,PA00000001,2022-01-02,12:05:21,
SCPA00031624,SCPA00031624,SIC0012977,PA00000001,2022-01-02,12:05:21,
SCPA00031625,SCPA00031625,SIC0002928,PA00000001,2022-01-02,12:05:21,
SCPA00031626,SCPA00031626,SIC0015250,PA00000001,2022-01-02,12:05:21,
SCPA00031627,SCPA00031627,SIC0011820,PA00000001,2022-01-02,12:05:21,
SCPA00031628,SCPA00031628,SIC0002386,PA00000001,2022-01-02,12:05:21,
SCPA00031629,SCPA00031629,SIC0017704,PA00000001,2022-01-02,12:05:21,
SCPA00031630,SCPA00031630,SIC0016097,PA00000001,2022-01-02,12:05:21,
SCPA00031631,SCPA00031631,SIC0009911,PA00000001,2022-01-02,12:05:21,
SCPA00031632,SCPA00031632,SIC0014645,PA00000001,2022-01-02,12:05:21,
SCPA00031633,SCPA00031633,SIC0002669,PA00000001,2022-01-02,12:05:21,
SCPA00031634,SCPA00031634,SIC0009581,PA00000001,2022-01-02,12:05:21,
SCPA00031635,SCPA00031635,SIC0011110,PA00000001,2022-01-02,12:05:21,
SCPA00031636,SCPA00031636,SIC0011751,PA00000001,2022-01-02,12:05:21,
SCPA00031637,SCPA00031637,SIC0009899,PA00000001,2022-01-02,12:05:21,
SCPA00031638,SCPA00031638,SIC0003730,PA00000001,2022-01-02,12:05:21,
SCPA00031639,SCPA00031639,SIC0005172,PA00000001,2022-01-02,12:05:21,
SCPA00031640,SCPA00031640,SIC0002461,PA00000001,2022-01-02,12:05:21,
SCPA00031641,SCPA00031641,SIC0004560,PA00000001,2022-01-02,12:05:21,
SCPA00031642,SCPA00031642,SIC0012063,PA00000001,2022-01-02,12:05:21,
SCPA00031643,SCPA00031643,SIC0013636,PA00000001,2022-01-02,12:05:21,
SCPA00031644,SCPA00031644,SIC0001203,PA00000001,2022-01-02,12:05:21,
SCPA00031645,SCPA00031645,SIC0005922,PA00000001,2022-01-02,12:05:21,
SCPA00031646,SCPA00031646,SIC0012869,PA00000001,2022-01-02,12:05:21,
SCPA00031647,SCPA00031647,SIC0016990,PA00000001,2022-01-02,12:05:21,
SCPA00031648,SCPA00031648,SIC0010799,PA00000001,2022-01-02,12:05:21,
SCPA00031649,SCPA00031649,SIC0013302,PA00000001,2022-01-02,12:05:21,
SCPA00031650,SCPA00031650,SIC0009915,PA00000001,2022-01-02,12:05:21,
SCPA00031651,SCPA00031651,SIC0006266,PA00000001,2022-01-02,12:05:21,
SCPA00031652,SCPA00031652,SIC0006531,PA00000001,2022-01-02,12:05:21,
SCPA00031653,SCPA00031653,SIC0002673,PA00000001,2022-01-02,12:05:21,
SCPA00031654,SCPA00031654,SIC0015341,PA00000001,2022-01-02,12:05:21,
SCPA00031655,SCPA00031655,SIC0004718,PA00000001,2022-01-02,12:05:21,
SCPA00031656,SCPA00031656,SIC0013534,PA00000001,2022-01-02,12:05:21,
SCPA00031657,SCPA00031657,SIC0009500,PA00000001,2022-01-02,12:05:21,
SCPA00031658,SCPA00031658,SIC0017369,PA00000001,2022-01-02,12:05:21,
SCPA00031659,SCPA00031659,SIC0014967,PA00000001,2022-01-02,12:05:21,
SCPA00031660,SCPA00031660,SIC0009385,PA00000001,2022-01-02,12:05:21,
SCPA00031661,SCPA00031661,SIC0013411,PA00000001,2022-01-02,12:05:21,
SCPA00031662,SCPA00031662,SIC0002504,PA00000001,2022-01-02,12:05:21,
SCPA00031663,SCPA00031663,SIC0005908,PA00000001,2022-01-02,12:05:21,
SCPA00031664,SCPA00031664,SIC0012227,PA00000001,2022-01-02,12:05:21,
SCPA00031665,SCPA00031665,SIC0008664,PA00000001,2022-01-02,12:05:21,
SCPA00031666,SCPA00031666,SIC0015052,PA00000001,2022-01-02,12:05:21,
SCPA00031667,SCPA00031667,SIC0013233,PA00000001,2022-01-02,12:05:21,
SCPA00031668,SCPA00031668,SIC0017015,PA00000001,2022-01-02,12:05:21,
SCPA00031669,SCPA00031669,SIC0015973,PA00000001,2022-01-02,12:05:21,
SCPA00031670,SCPA00031670,SIC0005972,PA00000001,2022-01-02,12:05:21,
SCPA00031671,SCPA00031671,SIC0014722,PA00000001,2022-01-02,12:05:21,
SCPA00031672,SCPA00031672,SIC0010236,PA00000001,2022-01-02,12:05:21,
SCPA00031673,SCPA00031673,SIC0017427,PA00000001,2022-01-02,12:05:21,
SCPA00031674,SCPA00031674,SIC0006077,PA00000001,2022-01-02,12:05:21,
SCPA00031675,SCPA00031675,SIC0000017,PA00000001,2022-01-02,12:05:21,
SCPA00031676,SCPA00031676,SIC0000746,PA00000001,2022-01-02,12:05:21,
SCPA00031677,SCPA00031677,SIC0006433,PA00000001,2022-01-02,12:05:21,
SCPA00031678,SCPA00031678,SIC0002081,PA00000001,2022-01-02,12:05:21,
SCPA00031679,SCPA00031679,SIC0001631,PA00000001,2022-01-02,12:05:21,
SCPA00031680,SCPA00031680,SIC0014230,PA00000001,2022-01-02,12:05:21,
SCPA00031681,SCPA00031681,SIC0001396,PA00000001,2022-01-02,12:05:21,
SCPA00031682,SCPA00031682,SIC0015642,PA00000001,2022-01-02,12:05:21,
SCPA00031683,SCPA00031683,SIC0011334,PA00000001,2022-01-02,12:05:21,
SCPA00031684,SCPA00031684,SIC0015823,PA00000001,2022-01-02,12:05:21,
SCPA00031685,SCPA00031685,SIC0011716,PA00000001,2022-01-02,12:05:21,
SCPA00031686,SCPA00031686,SIC0012156,PA00000001,2022-01-02,12:05:21,
SCPA00031687,SCPA00031687,SIC0006248,PA00000001,2022-01-02,12:05:21,
SCPA00031688,SCPA00031688,SIC0014749,PA00000001,2022-01-02,12:05:21,
SCPA00031689,SCPA00031689,SIC0002584,PA00000001,2022-01-02,12:05:21,
SCPA00031690,SCPA00031690,SIC0006262,PA00000001,2022-01-02,12:05:21,
SCPA00031691,SCPA00031691,SIC0003076,PA00000001,2022-01-02,12:05:21,
SCPA00031692,SCPA00031692,SIC0003927,PA00000001,2022-01-02,12:05:21,
SCPA00031693,SCPA00031693,SIC0003165,PA00000001,2022-01-02,12:05:21,
SCPA00031694,SCPA00031694,SIC0015490,PA00000001,2022-01-02,12:05:21,
SCPA00031695,SCPA00031695,SIC0013640,PA00000001,2022-01-02,12:05:21,
SCPA00031696,SCPA00031696,SIC0011837,PA00000001,2022-01-02,12:05:21,
SCPA00031697,SCPA00031697,SIC0016889,PA00000001,2022-01-02,12:05:21,
SCPA00031698,SCPA00031698,SIC0000732,PA00000001,2022-01-02,12:05:21,
SCPA00031699,SCPA00031699,SIC0005940,PA00000001,2022-01-02,12:05:21,
SCPA00031700,SCPA00031700,SIC0002525,PA00000001,2022-01-02,12:05:21,
SCPA00031701,SCPA00031701,SIC0004001,PA00000001,2022-01-02,12:05:21,
SCPA00031702,SCPA00031702,SIC0001302,PA00000001,2022-01-02,12:05:21,
SCPA00031703,SCPA00031703,SIC0010657,PA00000001,2022-01-02,12:05:21,
SCPA00031704,SCPA00031704,SIC0013150,PA00000001,2022-01-02,12:05:21,
SCPA00031705,SCPA00031705,SIC0014847,PA00000001,2022-01-02,12:05:21,
SCPA00031706,SCPA00031706,SIC0008734,PA00000001,2022-01-02,12:05:21,
SCPA00031707,SCPA00031707,SIC0017415,PA00000001,2022-01-02,12:05:21,
SCPA00031708,SCPA00031708,SIC0001425,PA00000001,2022-01-02,12:05:21,
SCPA00031709,SCPA00031709,SIC0009218,PA00000001,2022-01-02,12:05:21,
SCPA00031710,SCPA00031710,SIC0002620,PA00000001,2022-01-02,12:05:21,
SCPA00031711,SCPA00031711,SIC0013861,PA00000001,2022-01-02,12:05:21,
SCPA00031712,SCPA00031712,SIC0009261,PA00000001,2022-01-02,12:05:21,
SCPA00031713,SCPA00031713,SIC0005728,PA00000001,2022-01-02,12:05:21,
SCPA00031714,SCPA00031714,SIC0005533,PA00000001,2022-01-02,12:05:21,
SCPA00031715,SCPA00031715,SIC0005214,PA00000001,2022-01-02,12:05:21,
SCPA00031716,SCPA00031716,SIC0010499,PA00000001,2022-01-02,12:05:21,
SCPA00031717,SCPA00031717,SIC0015294,PA00000001,2022-01-02,12:05:21,
SCPA00031718,SCPA00031718,SIC0017642,PA00000001,2022-01-02,12:05:21,
SCPA00031719,SCPA00031719,SIC0005391,PA00000001,2022-01-02,12:05:21,
SCPA00031720,SCPA00031720,SIC0010278,PA00000001,2022-01-02,12:05:21,
SCPA00031721,SCPA00031721,SIC0011583,PA00000001,2022-01-02,12:05:21,
SCPA00031722,SCPA00031722,SIC0013201,PA00000001,2022-01-02,12:05:21,
SCPA00031723,SCPA00031723,SIC0009090,PA00000001,2022-01-02,12:05:21,
SCPA00031724,SCPA00031724,SIC0017051,PA00000001,2022-01-02,12:05:21,
SCPA00031725,SCPA00031725,SIC0006103,PA00000001,2022-01-02,12:05:21,
SCPA00031726,SCPA00031726,SIC0001308,PA00000001,2022-01-02,12:05:21,
SCPA00031727,SCPA00031727,SIC0016507,PA00000001,2022-01-02,12:05:21,
SCPA00031728,SCPA00031728,SIC0012376,PA00000001,2022-01-02,12:05:21,
SCPA00031729,SCPA00031729,SIC0003505,PA00000001,2022-01-02,12:05:21,
SCPA00031730,SCPA00031730,SIC0005485,PA00000001,2022-01-02,12:05:21,
SCPA00031731,SCPA00031731,SIC0009512,PA00000001,2022-01-02,12:05:21,
SCPA00031732,SCPA00031732,SIC0015926,PA00000001,2022-01-02,12:05:21,
SCPA00031733,SCPA00031733,SIC0005367,PA00000001,2022-01-02,12:05:21,
SCPA00031734,SCPA00031734,SIC0015170,PA00000001,2022-01-02,12:05:21,
SCPA00031735,SCPA00031735,SIC0014036,PA00000001,2022-01-02,12:05:21,
SCPA00031736,SCPA00031736,SIC0017217,PA00000001,2022-01-02,12:05:21,
SCPA00031737,SCPA00031737,SIC0012130,PA00000001,2022-01-02,12:05:21,
SCPA00031738,SCPA00031738,SIC0000814,PA00000001,2022-01-02,12:05:21,
SCPA00031739,SCPA00031739,SIC0003596,PA00000001,2022-01-02,12:05:21,
SCPA00031740,SCPA00031740,SIC0005422,PA00000001,2022-01-02,12:05:21,
SCPA00031741,SCPA00031741,SIC0015914,PA00000001,2022-01-02,12:05:21,
SCPA00031742,SCPA00031742,SIC0004362,PA00000001,2022-01-02,12:05:21,
SCPA00031743,SCPA00031743,SIC0013355,PA00000001,2022-01-02,12:05:21,
SCPA00031744,SCPA00031744,SIC0005244,PA00000001,2022-01-02,12:05:21,
SCPA00031745,SCPA00031745,SIC0016220,PA00000001,2022-01-02,12:05:21,
SCPA00031746,SCPA00031746,SIC0017196,PA00000001,2022-01-02,12:05:21,
SCPA00031747,SCPA00031747,SIC0014081,PA00000001,2022-01-02,12:05:21,
SCPA00031748,SCPA00031748,SIC0011523,PA00000001,2022-01-02,12:05:21,
SCPA00031749,SCPA00031749,SIC0005521,PA00000001,2022-01-02,12:05:21,
SCPA00031750,SCPA00031750,SIC0006156,PA00000001,2022-01-02,12:05:21,
SCPA00031751,SCPA00031751,SIC0004395,PA00000001,2022-01-02,12:05:21,
SCPA00031752,SCPA00031752,SIC0012667,PA00000001,2022-01-02,12:05:21,
SCPA00031753,SCPA00031753,SIC0013672,PA00000001,2022-01-02,12:05:21,
SCPA00031754,SCPA00031754,SIC0017113,PA00000001,2022-01-02,12:05:21,
SCPA00031755,SCPA00031755,SIC0010540,PA00000001,2022-01-02,12:05:21,
SCPA00031756,SCPA00031756,SIC0008966,PA00000001,2022-01-02,12:05:21,
SCPA00031757,SCPA00031757,SIC0000692,PA00000001,2022-01-02,12:05:21,
SCPA00031758,SCPA00031758,SIC0005634,PA00000001,2022-01-02,12:05:21,
SCPA00031759,SCPA00031759,SIC0002603,PA00000001,2022-01-02,12:05:21,
SCPA00031760,SCPA00031760,SIC0014479,PA00000001,2022-01-02,12:05:21,
SCPA00031761,SCPA00031761,SIC0004220,PA00000001,2022-01-02,12:05:21,
SCPA00031762,SCPA00031762,SIC0002626,PA00000001,2022-01-02,12:05:21,
SCPA00031763,SCPA00031763,SIC0001062,PA00000001,2022-01-02,12:05:21,
SCPA00031764,SCPA00031764,SIC0011445,PA00000001,2022-01-02,12:05:21,
SCPA00031765,SCPA00031765,SIC0014692,PA00000001,2022-01-02,12:05:21,
SCPA00031766,SCPA00031766,SIC0016732,PA00000001,2022-01-02,12:05:21,
SCPA00031767,SCPA00031767,SIC0010104,PA00000001,2022-01-02,12:05:21,
SCPA00031768,SCPA00031768,SIC0012413,PA00000001,2022-01-02,12:05:21,
SCPA00031769,SCPA00031769,SIC0003557,PA00000001,2022-01-02,12:05:21,
SCPA00031770,SCPA00031770,SIC0015082,PA00000001,2022-01-02,12:05:21,
SCPA00031771,SCPA00031771,SIC0015725,PA00000001,2022-01-02,12:05:21,
SCPA00031772,SCPA00031772,SIC0000042,PA00000001,2022-01-02,12:05:21,
SCPA00031773,SCPA00031773,SIC0012385,PA00000001,2022-01-02,12:05:21,
SCPA00031774,SCPA00031774,SIC0004368,PA00000001,2022-01-02,12:05:21,
SCPA00031775,SCPA00031775,SIC0001953,PA00000001,2022-01-02,12:05:21,
SCPA00031776,SCPA00031776,SIC0004243,PA00000001,2022-01-02,12:05:21,
SCPA00031777,SCPA00031777,SIC0001245,PA00000001,2022-01-02,12:05:21,
SCPA00031778,SCPA00031778,SIC0001411,PA00000001,2022-01-02,12:05:21,
SCPA00031779,SCPA00031779,SIC0004275,PA00000001,2022-01-02,12:05:21,
SCPA00031780,SCPA00031780,SIC0009020,PA00000001,2022-01-02,12:05:21,
SCPA00031781,SCPA00031781,SIC0011529,PA00000001,2022-01-02,12:05:21,
SCPA00031782,SCPA00031782,SIC0003868,PA00000001,2022-01-02,12:05:21,
SCPA00031783,SCPA00031783,SIC0012284,PA00000001,2022-01-02,12:05:21,
SCPA00031784,SCPA00031784,SIC0003095,PA00000001,2022-01-02,12:05:21,
SCPA00031785,SCPA00031785,SIC0011996,PA00000001,2022-01-02,12:05:21,
SCPA00031786,SCPA00031786,SIC0005626,PA00000001,2022-01-02,12:05:21,
SCPA00031787,SCPA00031787,SIC0014028,PA00000001,2022-01-02,12:05:21,
SCPA00031788,SCPA00031788,SIC0002423,PA00000001,2022-01-02,12:05:21,
SCPA00031789,SCPA00031789,SIC0009634,PA00000001,2022-01-02,12:05:21,
SCPA00031790,SCPA00031790,SIC0003358,PA00000001,2022-01-02,12:05:21,
SCPA00031791,SCPA00031791,SIC0003842,PA00000001,2022-01-02,12:05:21,
SCPA00031792,SCPA00031792,SIC0005454,PA00000001,2022-01-02,12:05:21,
SCPA00031793,SCPA00031793,SIC0010739,PA00000001,2022-01-02,12:05:21,
SCPA00031794,SCPA00031794,SIC0013998,PA00000001,2022-01-02,12:05:21,
SCPA00031795,SCPA00031795,SIC0002547,PA00000001,2022-01-02,12:05:21,
SCPA00031796,SCPA00031796,SIC0001609,PA00000001,2022-01-02,12:05:21,
SCPA00031797,SCPA00031797,SIC0003529,PA00000001,2022-01-02,12:05:21,
SCPA00031798,SCPA00031798,SIC0008748,PA00000001,2022-01-02,12:05:21,
SCPA00031799,SCPA00031799,SIC0014676,PA00000001,2022-01-02,12:05:21,
SCPA00031800,SCPA00031800,SIC0009688,PA00000001,2022-01-02,12:05:21,
SCPA00031801,SCPA00031801,SIC0013585,PA00000001,2022-01-02,12:05:21,
SCPA00031802,SCPA00031802,SIC0003053,PA00000001,2022-01-02,12:05:21,
SCPA00031803,SCPA00031803,SIC0014371,PA00000001,2022-01-02,12:05:21,
SCPA00031804,SCPA00031804,SIC0001048,PA00000001,2022-01-02,12:05:21,
SCPA00031805,SCPA00031805,SIC0010028,PA00000001,2022-01-02,12:05:21,
SCPA00031806,SCPA00031806,SIC0012344,PA00000001,2022-01-02,12:05:21,
SCPA00031807,SCPA00031807,SIC0012703,PA00000001,2022-01-02,12:05:21,
SCPA00031808,SCPA00031808,SIC0010340,PA00000001,2022-01-02,12:05:21,
SCPA00031809,SCPA00031809,SIC0004842,PA00000001,2022-01-02,12:05:21,
SCPA00031810,SCPA00031810,SIC0011915,PA00000001,2022-01-02,12:05:21,
SCPA00031811,SCPA00031811,SIC0017042,PA00000001,2022-01-02,12:05:21,
SCPA00031812,SCPA00031812,SIC0005145,PA00000001,2022-01-02,12:05:21,
SCPA00031813,SCPA00031813,SIC0014928,PA00000001,2022-01-02,12:05:21,
SCPA00031814,SCPA00031814,SIC0005719,PA00000001,2022-01-02,12:05:21,
SCPA00031815,SCPA00031815,SIC0013831,PA00000001,2022-01-02,12:05:21,
SCPA00031816,SCPA00031816,SIC0012461,PA00000001,2022-01-02,12:05:21,
SCPA00031817,SCPA00031817,SIC0003352,PA00000001,2022-01-02,12:05:21,
SCPA00031818,SCPA00031818,SIC0001169,PA00000001,2022-01-02,12:05:21,
SCPA00031819,SCPA00031819,SIC0010057,PA00000001,2022-01-02,12:05:21,
SCPA00031820,SCPA00031820,SIC0003572,PA00000001,2022-01-02,12:05:21,
SCPA00031821,SCPA00031821,SIC0001446,PA00000001,2022-01-02,12:05:21,
SCPA00031822,SCPA00031822,SIC0005682,PA00000001,2022-01-02,12:05:21,
SCPA00031823,SCPA00031823,SIC0017569,PA00000001,2022-01-02,12:05:21,
SCPA00031824,SCPA00031824,SIC0009865,PA00000001,2022-01-02,12:05:21,
SCPA00031825,SCPA00031825,SIC0004219,PA00000001,2022-01-02,12:05:21,
SCPA00031826,SCPA00031826,SIC0012059,PA00000001,2022-01-02,12:05:21,
SCPA00031827,SCPA00031827,SIC0016095,PA00000001,2022-01-02,12:05:21,
SCPA00031828,SCPA00031828,SIC0017402,PA00000001,2022-01-02,12:05:21,
SCPA00031829,SCPA00031829,SIC0002391,PA00000001,2022-01-02,12:05:21,
SCPA00031830,SCPA00031830,SIC0006099,PA00000001,2022-01-02,12:05:21,
SCPA00031831,SCPA00031831,SIC0010211,PA00000001,2022-01-02,12:05:21,
SCPA00031832,SCPA00031832,SIC0016228,PA00000001,2022-01-02,12:05:21,
SCPA00031833,SCPA00031833,SIC0004676,PA00000001,2022-01-02,12:05:21,
SCPA00031834,SCPA00031834,SIC0014527,PA00000001,2022-01-02,12:05:21,
SCPA00031835,SCPA00031835,SIC0000463,PA00000001,2022-01-02,12:05:21,
SCPA00031836,SCPA00031836,SIC0013259,PA00000001,2022-01-02,12:05:21,
SCPA00031837,SCPA00031837,SIC0014899,PA00000001,2022-01-02,12:05:21,
SCPA00031838,SCPA00031838,SIC0000397,PA00000001,2022-01-02,12:05:21,
SCPA00031839,SCPA00031839,SIC0001526,PA00000001,2022-01-02,12:05:21,
SCPA00031840,SCPA00031840,SIC0017631,PA00000001,2022-01-02,12:05:21,
SCPA00031841,SCPA00031841,SIC0009658,PA00000001,2022-01-02,12:05:21,
SCPA00031842,SCPA00031842,SIC0017632,PA00000001,2022-01-02,12:05:21,
SCPA00031843,SCPA00031843,SIC0010289,PA00000001,2022-01-02,12:05:21,
SCPA00031844,SCPA00031844,SIC0011890,PA00000001,2022-01-02,12:05:21,
SCPA00031845,SCPA00031845,SIC0009054,PA00000001,2022-01-02,12:05:21,
SCPA00031846,SCPA00031846,SIC0016504,PA00000001,2022-01-02,12:05:21,
SCPA00031847,SCPA00031847,SIC0001868,PA00000001,2022-01-02,12:05:21,
SCPA00031848,SCPA00031848,SIC0016135,PA00000001,2022-01-02,12:05:21,
SCPA00031849,SCPA00031849,SIC0010407,PA00000001,2022-01-02,12:05:21,
SCPA00031850,SCPA00031850,SIC0013292,PA00000001,2022-01-02,12:05:21,
SCPA00031851,SCPA00031851,SIC0004523,PA00000001,2022-01-02,12:05:21,
SCPA00031852,SCPA00031852,SIC0013568,PA00000001,2022-01-02,12:05:21,
SCPA00031853,SCPA00031853,SIC0013486,PA00000001,2022-01-02,12:05:21,
SCPA00031854,SCPA00031854,SIC0017161,PA00000001,2022-01-02,12:05:21,
SCPA00031855,SCPA00031855,SIC0001814,PA00000001,2022-01-02,12:05:21,
SCPA00031856,SCPA00031856,SIC0001935,PA00000001,2022-01-02,12:05:21,
SCPA00031857,SCPA00031857,SIC0004293,PA00000001,2022-01-02,12:05:21,
SCPA00031858,SCPA00031858,SIC0011508,PA00000001,2022-01-02,12:05:21,
SCPA00031859,SCPA00031859,SIC0009836,PA00000001,2022-01-02,12:05:21,
SCPA00031860,SCPA00031860,SIC0011456,PA00000001,2022-01-02,12:05:21,
SCPA00031861,SCPA00031861,SIC0016032,PA00000001,2022-01-02,12:05:21,
SCPA00031862,SCPA00031862,SIC0013699,PA00000001,2022-01-02,12:05:21,
SCPA00031863,SCPA00031863,SIC0014774,PA00000001,2022-01-02,12:05:21,
SCPA00031864,SCPA00031864,SIC0010741,PA00000001,2022-01-02,12:05:21,
SCPA00031865,SCPA00031865,SIC0016770,PA00000001,2022-01-02,12:05:21,
SCPA00031866,SCPA00031866,SIC0017160,PA00000001,2022-01-02,12:05:21,
SCPA00031867,SCPA00031867,SIC0016590,PA00000001,2022-01-02,12:05:21,
SCPA00031868,SCPA00031868,SIC0014085,PA00000001,2022-01-02,12:05:21,
SCPA00031869,SCPA00031869,SIC0011017,PA00000001,2022-01-02,12:05:21,
SCPA00031870,SCPA00031870,SIC0013416,PA00000001,2022-01-02,12:05:21,
SCPA00031871,SCPA00031871,SIC0014508,PA00000001,2022-01-02,12:05:21,
SCPA00031872,SCPA00031872,SIC0009484,PA00000001,2022-01-02,12:05:21,
SCPA00031873,SCPA00031873,SIC0013377,PA00000001,2022-01-02,12:05:21,
SCPA00031874,SCPA00031874,SIC0001427,PA00000001,2022-01-02,12:05:21,
SCPA00031875,SCPA00031875,SIC0010883,PA00000001,2022-01-02,12:05:21,
SCPA00031876,SCPA00031876,SIC0014104,PA00000001,2022-01-02,12:05:21,
SCPA00031877,SCPA00031877,SIC0013988,PA00000001,2022-01-02,12:05:21,
SCPA00031878,SCPA00031878,SIC0015392,PA00000001,2022-01-02,12:05:21,
SCPA00031879,SCPA00031879,SIC0010493,PA00000001,2022-01-02,12:05:21,
SCPA00031880,SCPA00031880,SIC0006562,PA00000001,2022-01-02,12:05:21,
SCPA00031881,SCPA00031881,SIC0016216,PA00000001,2022-01-02,12:05:21,
SCPA00031882,SCPA00031882,SIC0000565,PA00000001,2022-01-02,12:05:21,
SCPA00031883,SCPA00031883,SIC0004977,PA00000001,2022-01-02,12:05:21,
SCPA00031884,SCPA00031884,SIC0017274,PA00000001,2022-01-02,12:05:21,
SCPA00031885,SCPA00031885,SIC0002041,PA00000001,2022-01-02,12:05:21,
SCPA00031886,SCPA00031886,SIC0006288,PA00000001,2022-01-02,12:05:21,
SCPA00031887,SCPA00031887,SIC0001133,PA00000001,2022-01-02,12:05:21,
SCPA00031888,SCPA00031888,SIC0011292,PA00000001,2022-01-02,12:05:21,
SCPA00031889,SCPA00031889,SIC0014480,PA00000001,2022-01-02,12:05:21,
SCPA00031890,SCPA00031890,SIC0014444,PA00000001,2022-01-02,12:05:21,
SCPA00031891,SCPA00031891,SIC0016376,PA00000001,2022-01-02,12:05:21,
SCPA00031892,SCPA00031892,SIC0016506,PA00000001,2022-01-02,12:05:21,
SCPA00031893,SCPA00031893,SIC0000835,PA00000001,2022-01-02,12:05:21,
SCPA00031894,SCPA00031894,SIC0016245,PA00000001,2022-01-02,12:05:21,
SCPA00031895,SCPA00031895,SIC0001007,PA00000001,2022-01-02,12:05:21,
SCPA00031896,SCPA00031896,SIC0005777,PA00000001,2022-01-02,12:05:21,
SCPA00031897,SCPA00031897,SIC0005540,PA00000001,2022-01-02,12:05:21,
SCPA00031898,SCPA00031898,SIC0015172,PA00000001,2022-01-02,12:05:21,
SCPA00031899,SCPA00031899,SIC0011414,PA00000001,2022-01-02,12:05:21,
SCPA00031900,SCPA00031900,SIC0001899,PA00000001,2022-01-02,12:05:21,
SCPA00031901,SCPA00031901,SIC0002483,PA00000001,2022-01-02,12:05:21,
SCPA00031902,SCPA00031902,SIC0017416,PA00000001,2022-01-02,12:05:21,
SCPA00031903,SCPA00031903,SIC0017241,PA00000001,2022-01-02,12:05:21,
SCPA00031904,SCPA00031904,SIC0013607,PA00000001,2022-01-02,12:05:21,
SCPA00031905,SCPA00031905,SIC0003308,PA00000001,2022-01-02,12:05:21,
SCPA00031906,SCPA00031906,SIC0000633,PA00000001,2022-01-02,12:05:21,
SCPA00031907,SCPA00031907,SIC0006429,PA00000001,2022-01-02,12:05:21,
SCPA00031908,SCPA00031908,SIC0010369,PA00000001,2022-01-02,12:05:21,
SCPA00031909,SCPA00031909,SIC0014646,PA00000001,2022-01-02,12:05:21,
SCPA00031910,SCPA00031910,SIC0010274,PA00000001,2022-01-02,12:05:21,
SCPA00031911,SCPA00031911,SIC0001323,PA00000001,2022-01-02,12:05:21,
SCPA00031912,SCPA00031912,SIC0003268,PA00000001,2022-01-02,12:05:21,
SCPA00031913,SCPA00031913,SIC0005910,PA00000001,2022-01-02,12:05:21,
SCPA00031914,SCPA00031914,SIC0004502,PA00000001,2022-01-02,12:05:21,
SCPA00031915,SCPA00031915,SIC0010798,PA00000001,2022-01-02,12:05:21,
SCPA00031916,SCPA00031916,SIC0017489,PA00000001,2022-01-02,12:05:21,
SCPA00031917,SCPA00031917,SIC0003145,PA00000001,2022-01-02,12:05:21,
SCPA00031918,SCPA00031918,SIC0006012,PA00000001,2022-01-02,12:05:21,
SCPA00031919,SCPA00031919,SIC0014449,PA00000001,2022-01-02,12:05:21,
SCPA00031920,SCPA00031920,SIC0010198,PA00000001,2022-01-02,12:05:21,
SCPA00031921,SCPA00031921,SIC0004974,PA00000001,2022-01-02,12:05:21,
SCPA00031922,SCPA00031922,SIC0003261,PA00000001,2022-01-02,12:05:21,
SCPA00031923,SCPA00031923,SIC0009168,PA00000001,2022-01-02,12:05:21,
SCPA00031924,SCPA00031924,SIC0006201,PA00000001,2022-01-02,12:05:21,
SCPA00031925,SCPA00031925,SIC0011985,PA00000001,2022-01-02,12:05:21,
SCPA00031926,SCPA00031926,SIC0000404,PA00000001,2022-01-02,12:05:21,
SCPA00031927,SCPA00031927,SIC0004803,PA00000001,2022-01-02,12:05:21,
SCPA00031928,SCPA00031928,SIC0006200,PA00000001,2022-01-02,12:05:21,
SCPA00031929,SCPA00031929,SIC0013406,PA00000001,2022-01-02,12:05:21,
SCPA00031930,SCPA00031930,SIC0017781,PA00000001,2022-01-02,12:05:21,
SCPA00031931,SCPA00031931,SIC0009128,PA00000001,2022-01-02,12:05:21,
SCPA00031932,SCPA00031932,SIC0003948,PA00000001,2022-01-02,12:05:21,
SCPA00031933,SCPA00031933,SIC0004288,PA00000001,2022-01-02,12:05:21,
SCPA00031934,SCPA00031934,SIC0004766,PA00000001,2022-01-02,12:05:21,
SCPA00031935,SCPA00031935,SIC0009884,PA00000001,2022-01-02,12:05:21,
SCPA00031936,SCPA00031936,SIC0004739,PA00000001,2022-01-02,12:05:21,
SCPA00031937,SCPA00031937,SIC0003091,PA00000001,2022-01-02,12:05:21,
SCPA00031938,SCPA00031938,SIC0005358,PA00000001,2022-01-02,12:05:21,
SCPA00031939,SCPA00031939,SIC0005537,PA00000001,2022-01-02,12:05:21,
SCPA00031940,SCPA00031940,SIC0004325,PA00000001,2022-01-02,12:05:21,
SCPA00031941,SCPA00031941,SIC0003968,PA00000001,2022-01-02,12:05:21,
SCPA00031942,SCPA00031942,SIC0000999,PA00000001,2022-01-02,12:05:21,
SCPA00031943,SCPA00031943,SIC0017583,PA00000001,2022-01-02,12:05:21,
SCPA00031944,SCPA00031944,SIC0010398,PA00000001,2022-01-02,12:05:21,
SCPA00031945,SCPA00031945,SIC0005734,PA00000001,2022-01-02,12:05:21,
SCPA00031946,SCPA00031946,SIC0017323,PA00000001,2022-01-02,12:05:21,
SCPA00031947,SCPA00031947,SIC0010721,PA00000001,2022-01-02,12:05:21,
SCPA00031948,SCPA00031948,SIC0002851,PA00000001,2022-01-02,12:05:21,
SCPA00031949,SCPA00031949,SIC0012961,PA00000001,2022-01-02,12:05:21,
SCPA00031950,SCPA00031950,SIC0008670,PA00000001,2022-01-02,12:05:21,
SCPA00031951,SCPA00031951,SIC0009002,PA00000001,2022-01-02,12:05:21,
SCPA00031952,SCPA00031952,SIC0004655,PA00000001,2022-01-02,12:05:21,
SCPA00031953,SCPA00031953,SIC0009285,PA00000001,2022-01-02,12:05:21,
SCPA00031954,SCPA00031954,SIC0005862,PA00000001,2022-01-02,12:05:21,
SCPA00031955,SCPA00031955,SIC0000668,PA00000001,2022-01-02,12:05:21,
SCPA00031956,SCPA00031956,SIC0002770,PA00000001,2022-01-02,12:05:21,
SCPA00031957,SCPA00031957,SIC0003638,PA00000001,2022-01-02,12:05:21,
SCPA00031958,SCPA00031958,SIC0003510,PA00000001,2022-01-02,12:05:21,
SCPA00031959,SCPA00031959,SIC0012380,PA00000001,2022-01-02,12:05:21,
SCPA00031960,SCPA00031960,SIC0008693,PA00000001,2022-01-02,12:05:21,
SCPA00031961,SCPA00031961,SIC0002481,PA00000001,2022-01-02,12:05:21,
SCPA00031962,SCPA00031962,SIC0010956,PA00000001,2022-01-02,12:05:21,
SCPA00031963,SCPA00031963,SIC0009481,PA00000001,2022-01-02,12:05:21,
SCPA00031964,SCPA00031964,SIC0017363,PA00000001,2022-01-02,12:05:21,
SCPA00031965,SCPA00031965,SIC0000200,PA00000001,2022-01-02,12:05:21,
SCPA00031966,SCPA00031966,SIC0014193,PA00000001,2022-01-02,12:05:21,
SCPA00031967,SCPA00031967,SIC0003892,PA00000001,2022-01-02,12:05:21,
SCPA00031968,SCPA00031968,SIC0017590,PA00000001,2022-01-02,12:05:21,
SCPA00031969,SCPA00031969,SIC0012998,PA00000001,2022-01-02,12:05:21,
SCPA00031970,SCPA00031970,SIC0010623,PA00000001,2022-01-02,12:05:21,
SCPA00031971,SCPA00031971,SIC0013376,PA00000001,2022-01-02,12:05:21,
SCPA00031972,SCPA00031972,SIC0010373,PA00000001,2022-01-02,12:05:21,
SCPA00031973,SCPA00031973,SIC0014322,PA00000001,2022-01-02,12:05:21,
SCPA00031974,SCPA00031974,SIC0014213,PA00000001,2022-01-02,12:05:21,
SCPA00031975,SCPA00031975,SIC0006472,PA00000001,2022-01-02,12:05:21,
SCPA00031976,SCPA00031976,SIC0015655,PA00000001,2022-01-02,12:05:21,
SCPA00031977,SCPA00031977,SIC0001945,PA00000001,2022-01-02,12:05:21,
SCPA00031978,SCPA00031978,SIC0001653,PA00000001,2022-01-02,12:05:21,
SCPA00031979,SCPA00031979,SIC0015468,PA00000001,2022-01-02,12:05:21,
SCPA00031980,SCPA00031980,SIC0008949,PA00000001,2022-01-02,12:05:21,
SCPA00031981,SCPA00031981,SIC0009975,PA00000001,2022-01-02,12:05:21,
SCPA00031982,SCPA00031982,SIC0003475,PA00000001,2022-01-02,12:05:21,
SCPA00031983,SCPA00031983,SIC0010976,PA00000001,2022-01-02,12:05:21,
SCPA00031984,SCPA00031984,SIC0003488,PA00000001,2022-01-02,12:05:21,
SCPA00031985,SCPA00031985,SIC0017194,PA00000001,2022-01-02,12:05:21,
SCPA00031986,SCPA00031986,SIC0001535,PA00000001,2022-01-02,12:05:21,
SCPA00031987,SCPA00031987,SIC0003084,PA00000001,2022-01-02,12:05:21,
SCPA00031988,SCPA00031988,SIC0017548,PA00000001,2022-01-02,12:05:21,
SCPA00031989,SCPA00031989,SIC0010035,PA00000001,2022-01-02,12:05:21,
SCPA00031990,SCPA00031990,SIC0002755,PA00000001,2022-01-02,12:05:21,
SCPA00031991,SCPA00031991,SIC0004868,PA00000001,2022-01-02,12:05:21,
SCPA00031992,SCPA00031992,SIC0005891,PA00000001,2022-01-02,12:05:21,
SCPA00031993,SCPA00031993,SIC0002730,PA00000001,2022-01-02,12:05:21,
SCPA00031994,SCPA00031994,SIC0017529,PA00000001,2022-01-02,12:05:21,
SCPA00031995,SCPA00031995,SIC0012412,PA00000001,2022-01-02,12:05:21,
SCPA00031996,SCPA00031996,SIC0009101,PA00000001,2022-01-02,12:05:21,
SCPA00031997,SCPA00031997,SIC0006300,PA00000001,2022-01-02,12:05:21,
SCPA00031998,SCPA00031998,SIC0015055,PA00000001,2022-01-02,12:05:21,
SCPA00031999,SCPA00031999,SIC0003884,PA00000001,2022-01-02,12:05:21,
SCPA00032000,SCPA00032000,SIC0009301,PA00000001,2022-01-02,12:05:21,
SCPA00032001,SCPA00032001,SIC0006612,PA00000001,2022-01-02,12:05:21,
SCPA00032002,SCPA00032002,SIC0012871,PA00000001,2022-01-02,12:05:21,
SCPA00032003,SCPA00032003,SIC0003439,PA00000001,2022-01-02,12:05:21,
SCPA00032004,SCPA00032004,SIC0009373,PA00000001,2022-01-02,12:05:21,
SCPA00032005,SCPA00032005,SIC0015410,PA00000001,2022-01-02,12:05:21,
SCPA00032006,SCPA00032006,SIC0003229,PA00000001,2022-01-02,12:05:21,
SCPA00032007,SCPA00032007,SIC0011546,PA00000001,2022-01-02,12:05:21,
SCPA00032008,SCPA00032008,SIC0014678,PA00000001,2022-01-02,12:05:21,
SCPA00032009,SCPA00032009,SIC0014316,PA00000001,2022-01-02,12:05:21,
SCPA00032010,SCPA00032010,SIC0005441,PA00000001,2022-01-02,12:05:21,
SCPA00032011,SCPA00032011,SIC0012661,PA00000001,2022-01-02,12:05:21,
SCPA00032012,SCPA00032012,SIC0001491,PA00000001,2022-01-02,12:05:21,
SCPA00032013,SCPA00032013,SIC0009932,PA00000001,2022-01-02,12:05:21,
SCPA00032014,SCPA00032014,SIC0003484,PA00000001,2022-01-02,12:05:21,
SCPA00032015,SCPA00032015,SIC0012363,PA00000001,2022-01-02,12:05:21,
SCPA00032016,SCPA00032016,SIC0011480,PA00000001,2022-01-02,12:05:21,
SCPA00032017,SCPA00032017,SIC0015674,PA00000001,2022-01-02,12:05:21,
SCPA00032018,SCPA00032018,SIC0010782,PA00000001,2022-01-02,12:05:21,
SCPA00032019,SCPA00032019,SIC0000774,PA00000001,2022-01-02,12:05:21,
SCPA00032020,SCPA00032020,SIC0016084,PA00000001,2022-01-02,12:05:21,
SCPA00032021,SCPA00032021,SIC0013142,PA00000001,2022-01-02,12:05:21,
SCPA00032022,SCPA00032022,SIC0003671,PA00000001,2022-01-02,12:05:21,
SCPA00032023,SCPA00032023,SIC0010294,PA00000001,2022-01-02,12:05:21,
SCPA00032024,SCPA00032024,SIC0004673,PA00000001,2022-01-02,12:05:21,
SCPA00032025,SCPA00032025,SIC0006021,PA00000001,2022-01-02,12:05:21,
SCPA00032026,SCPA00032026,SIC0008678,PA00000001,2022-01-02,12:05:21,
SCPA00032027,SCPA00032027,SIC0000846,PA00000001,2022-01-02,12:05:21,
SCPA00032028,SCPA00032028,SIC0014664,PA00000001,2022-01-02,12:05:21,
SCPA00032029,SCPA00032029,SIC0011129,PA00000001,2022-01-02,12:05:21,
SCPA00032030,SCPA00032030,SIC0004941,PA00000001,2022-01-02,12:05:21,
SCPA00032031,SCPA00032031,SIC0003334,PA00000001,2022-01-02,12:05:21,
SCPA00032032,SCPA00032032,SIC0004119,PA00000001,2022-01-02,12:05:21,
SCPA00032033,SCPA00032033,SIC0002095,PA00000001,2022-01-02,12:05:21,
SCPA00032034,SCPA00032034,SIC0008771,PA00000001,2022-01-02,12:05:21,
SCPA00032035,SCPA00032035,SIC0010957,PA00000001,2022-01-02,12:05:21,
SCPA00032036,SCPA00032036,SIC0002335,PA00000001,2022-01-02,12:05:21,
SCPA00032037,SCPA00032037,SIC0014339,PA00000001,2022-01-02,12:05:21,
SCPA00032038,SCPA00032038,SIC0013723,PA00000001,2022-01-02,12:05:21,
SCPA00032039,SCPA00032039,SIC0014463,PA00000001,2022-01-02,12:05:21,
SCPA00032040,SCPA00032040,SIC0017693,PA00000001,2022-01-02,12:05:21,
SCPA00032041,SCPA00032041,SIC0014309,PA00000001,2022-01-02,12:05:21,
SCPA00032042,SCPA00032042,SIC0016607,PA00000001,2022-01-02,12:05:21,
SCPA00032043,SCPA00032043,SIC0008960,PA00000001,2022-01-02,12:05:21,
SCPA00032044,SCPA00032044,SIC0003616,PA00000001,2022-01-02,12:05:21,
SCPA00032045,SCPA00032045,SIC0001781,PA00000001,2022-01-02,12:05:21,
SCPA00032046,SCPA00032046,SIC0014379,PA00000001,2022-01-02,12:05:21,
SCPA00032047,SCPA00032047,SIC0011157,PA00000001,2022-01-02,12:05:21,
SCPA00032048,SCPA00032048,SIC0006426,PA00000001,2022-01-02,12:05:21,
SCPA00032049,SCPA00032049,SIC0011758,PA00000001,2022-01-02,12:05:21,
SCPA00032050,SCPA00032050,SIC0012556,PA00000001,2022-01-02,12:05:21,
SCPA00032051,SCPA00032051,SIC0014954,PA00000001,2022-01-02,12:05:21,
SCPA00032052,SCPA00032052,SIC0003063,PA00000001,2022-01-02,12:05:21,
SCPA00032053,SCPA00032053,SIC0016629,PA00000001,2022-01-02,12:05:21,
SCPA00032054,SCPA00032054,SIC0001422,PA00000001,2022-01-02,12:05:21,
SCPA00032055,SCPA00032055,SIC0001460,PA00000001,2022-01-02,12:05:21,
SCPA00032056,SCPA00032056,SIC0011655,PA00000001,2022-01-02,12:05:21,
SCPA00032057,SCPA00032057,SIC0004734,PA00000001,2022-01-02,12:05:21,
SCPA00032058,SCPA00032058,SIC0013273,PA00000001,2022-01-02,12:05:21,
SCPA00032059,SCPA00032059,SIC0004910,PA00000001,2022-01-02,12:05:21,
SCPA00032060,SCPA00032060,SIC0017504,PA00000001,2022-01-02,12:05:21,
SCPA00032061,SCPA00032061,SIC0009118,PA00000001,2022-01-02,12:05:21,
SCPA00032062,SCPA00032062,SIC0016368,PA00000001,2022-01-02,12:05:21,
SCPA00032063,SCPA00032063,SIC0016913,PA00000001,2022-01-02,12:05:21,
SCPA00032064,SCPA00032064,SIC0002049,PA00000001,2022-01-02,12:05:21,
SCPA00032065,SCPA00032065,SIC0013833,PA00000001,2022-01-02,12:05:21,
SCPA00032066,SCPA00032066,SIC0004677,PA00000001,2022-01-02,12:05:21,
SCPA00032067,SCPA00032067,SIC0006094,PA00000001,2022-01-02,12:05:21,
SCPA00032068,SCPA00032068,SIC0011075,PA00000001,2022-01-02,12:05:21,
SCPA00032069,SCPA00032069,SIC0004893,PA00000001,2022-01-02,12:05:21,
SCPA00032070,SCPA00032070,SIC0014886,PA00000001,2022-01-02,12:05:21,
SCPA00032071,SCPA00032071,SIC0012700,PA00000001,2022-01-02,12:05:21,
SCPA00032072,SCPA00032072,SIC0011202,PA00000001,2022-01-02,12:05:21,
SCPA00032073,SCPA00032073,SIC0011335,PA00000001,2022-01-02,12:05:21,
SCPA00032074,SCPA00032074,SIC0008824,PA00000001,2022-01-02,12:05:21,
SCPA00032075,SCPA00032075,SIC0003374,PA00000001,2022-01-02,12:05:21,
SCPA00032076,SCPA00032076,SIC0005452,PA00000001,2022-01-02,12:05:21,
SCPA00032077,SCPA00032077,SIC0002627,PA00000001,2022-01-02,12:05:21,
SCPA00032078,SCPA00032078,SIC0017043,PA00000001,2022-01-02,12:05:21,
SCPA00032079,SCPA00032079,SIC0016224,PA00000001,2022-01-02,12:05:21,
SCPA00032080,SCPA00032080,SIC0009430,PA00000001,2022-01-02,12:05:21,
SCPA00032081,SCPA00032081,SIC0000368,PA00000001,2022-01-02,12:05:21,
SCPA00032082,SCPA00032082,SIC0002774,PA00000001,2022-01-02,12:05:21,
SCPA00032083,SCPA00032083,SIC0014252,PA00000001,2022-01-02,12:05:21,
SCPA00032084,SCPA00032084,SIC0003469,PA00000001,2022-01-02,12:05:21,
SCPA00032085,SCPA00032085,SIC0000704,PA00000001,2022-01-02,12:05:21,
SCPA00032086,SCPA00032086,SIC0003921,PA00000001,2022-01-02,12:05:21,
SCPA00032087,SCPA00032087,SIC0008717,PA00000001,2022-01-02,12:05:21,
SCPA00032088,SCPA00032088,SIC0009227,PA00000001,2022-01-02,12:05:21,
SCPA00032089,SCPA00032089,SIC0010511,PA00000001,2022-01-02,12:05:21,
SCPA00032090,SCPA00032090,SIC0010075,PA00000001,2022-01-02,12:05:21,
SCPA00032091,SCPA00032091,SIC0015533,PA00000001,2022-01-02,12:05:21,
SCPA00032092,SCPA00032092,SIC0010544,PA00000001,2022-01-02,12:05:21,
SCPA00032093,SCPA00032093,SIC0000961,PA00000001,2022-01-02,12:05:21,
SCPA00032094,SCPA00032094,SIC0005904,PA00000001,2022-01-02,12:05:21,
SCPA00032095,SCPA00032095,SIC0011306,PA00000001,2022-01-02,12:05:21,
SCPA00032096,SCPA00032096,SIC0001249,PA00000001,2022-01-02,12:05:21,
SCPA00032097,SCPA00032097,SIC0005180,PA00000001,2022-01-02,12:05:21,
SCPA00032098,SCPA00032098,SIC0001383,PA00000001,2022-01-02,12:05:21,
SCPA00032099,SCPA00032099,SIC0013472,PA00000001,2022-01-02,12:05:21,
SCPA00032100,SCPA00032100,SIC0003274,PA00000001,2022-01-02,12:05:21,
SCPA00032101,SCPA00032101,SIC0008508,PA00000001,2022-01-02,12:05:21,
SCPA00032102,SCPA00032102,SIC0014547,PA00000001,2022-01-02,12:05:21,
SCPA00032103,SCPA00032103,SIC0003567,PA00000001,2022-01-02,12:05:21,
SCPA00032104,SCPA00032104,SIC0012940,PA00000001,2022-01-02,12:05:21,
SCPA00032105,SCPA00032105,SIC0016125,PA00000001,2022-01-02,12:05:21,
SCPA00032106,SCPA00032106,SIC0013497,PA00000001,2022-01-02,12:05:21,
SCPA00032107,SCPA00032107,SIC0015771,PA00000001,2022-01-02,12:05:21,
SCPA00032108,SCPA00032108,SIC0002672,PA00000001,2022-01-02,12:05:21,
SCPA00032109,SCPA00032109,SIC0009464,PA00000001,2022-01-02,12:05:21,
SCPA00032110,SCPA00032110,SIC0003852,PA00000001,2022-01-02,12:05:21,
SCPA00032111,SCPA00032111,SIC0000623,PA00000001,2022-01-02,12:05:21,
SCPA00032112,SCPA00032112,SIC0011513,PA00000001,2022-01-02,12:05:21,
SCPA00032113,SCPA00032113,SIC0004564,PA00000001,2022-01-02,12:05:21,
SCPA00032114,SCPA00032114,SIC0010149,PA00000001,2022-01-02,12:05:21,
SCPA00032115,SCPA00032115,SIC0006556,PA00000001,2022-01-02,12:05:21,
SCPA00032116,SCPA00032116,SIC0006237,PA00000001,2022-01-02,12:05:21,
SCPA00032117,SCPA00032117,SIC0009089,PA00000001,2022-01-02,12:05:21,
SCPA00032118,SCPA00032118,SIC0013123,PA00000001,2022-01-02,12:05:21,
SCPA00032119,SCPA00032119,SIC0015999,PA00000001,2022-01-02,12:05:21,
SCPA00032120,SCPA00032120,SIC0005296,PA00000001,2022-01-02,12:05:21,
SCPA00032121,SCPA00032121,SIC0008753,PA00000001,2022-01-02,12:05:21,
SCPA00032122,SCPA00032122,SIC0003061,PA00000001,2022-01-02,12:05:21,
SCPA00032123,SCPA00032123,SIC0002890,PA00000001,2022-01-02,12:05:21,
SCPA00032124,SCPA00032124,SIC0005998,PA00000001,2022-01-02,12:05:21,
SCPA00032125,SCPA00032125,SIC0011494,PA00000001,2022-01-02,12:05:21,
SCPA00032126,SCPA00032126,SIC0011549,PA00000001,2022-01-02,12:05:21,
SCPA00032127,SCPA00032127,SIC0014132,PA00000001,2022-01-02,12:05:21,
SCPA00032128,SCPA00032128,SIC0010064,PA00000001,2022-01-02,12:05:21,
SCPA00032129,SCPA00032129,SIC0010336,PA00000001,2022-01-02,12:05:21,
SCPA00032130,SCPA00032130,SIC0001255,PA00000001,2022-01-02,12:05:21,
SCPA00032131,SCPA00032131,SIC0014790,PA00000001,2022-01-02,12:05:21,
SCPA00032132,SCPA00032132,SIC0000828,PA00000001,2022-01-02,12:05:21,
SCPA00032133,SCPA00032133,SIC0006655,PA00000001,2022-01-02,12:05:21,
SCPA00032134,SCPA00032134,SIC0000408,PA00000001,2022-01-02,12:05:21,
SCPA00032135,SCPA00032135,SIC0002874,PA00000001,2022-01-02,12:05:21,
SCPA00032136,SCPA00032136,SIC0004136,PA00000001,2022-01-02,12:05:21,
SCPA00032137,SCPA00032137,SIC0013916,PA00000001,2022-01-02,12:05:21,
SCPA00032138,SCPA00032138,SIC0004202,PA00000001,2022-01-02,12:05:21,
SCPA00032139,SCPA00032139,SIC0005290,PA00000001,2022-01-02,12:05:21,
SCPA00032140,SCPA00032140,SIC0016660,PA00000001,2022-01-02,12:05:21,
SCPA00032141,SCPA00032141,SIC0015004,PA00000001,2022-01-02,12:05:21,
SCPA00032142,SCPA00032142,SIC0009073,PA00000001,2022-01-02,12:05:21,
SCPA00032143,SCPA00032143,SIC0005732,PA00000001,2022-01-02,12:05:21,
SCPA00032144,SCPA00032144,SIC0013710,PA00000001,2022-01-02,12:05:21,
SCPA00032145,SCPA00032145,SIC0005773,PA00000001,2022-01-02,12:05:21,
SCPA00032146,SCPA00032146,SIC0006170,PA00000001,2022-01-02,12:05:21,
SCPA00032147,SCPA00032147,SIC0009610,PA00000001,2022-01-02,12:05:21,
SCPA00032148,SCPA00032148,SIC0016655,PA00000001,2022-01-02,12:05:21,
SCPA00032149,SCPA00032149,SIC0017398,PA00000001,2022-01-02,12:05:21,
SCPA00032150,SCPA00032150,SIC0017244,PA00000001,2022-01-02,12:05:21,
SCPA00032151,SCPA00032151,SIC0009694,PA00000001,2022-01-02,12:05:21,
SCPA00032152,SCPA00032152,SIC0010322,PA00000001,2022-01-02,12:05:21,
SCPA00032153,SCPA00032153,SIC0005487,PA00000001,2022-01-02,12:05:21,
SCPA00032154,SCPA00032154,SIC0014072,PA00000001,2022-01-02,12:05:21,
SCPA00032155,SCPA00032155,SIC0010909,PA00000001,2022-01-02,12:05:21,
SCPA00032156,SCPA00032156,SIC0006058,PA00000001,2022-01-02,12:05:21,
SCPA00032157,SCPA00032157,SIC0005935,PA00000001,2022-01-02,12:05:21,
SCPA00032158,SCPA00032158,SIC0001803,PA00000001,2022-01-02,12:05:21,
SCPA00032159,SCPA00032159,SIC0010359,PA00000001,2022-01-02,12:05:21,
SCPA00032160,SCPA00032160,SIC0001682,PA00000001,2022-01-02,12:05:21,
SCPA00032161,SCPA00032161,SIC0005853,PA00000001,2022-01-02,12:05:21,
SCPA00032162,SCPA00032162,SIC0009041,PA00000001,2022-01-02,12:05:21,
SCPA00032163,SCPA00032163,SIC0011158,PA00000001,2022-01-02,12:05:21,
SCPA00032164,SCPA00032164,SIC0012968,PA00000001,2022-01-02,12:05:21,
SCPA00032165,SCPA00032165,SIC0013140,PA00000001,2022-01-02,12:05:21,
SCPA00032166,SCPA00032166,SIC0014701,PA00000001,2022-01-02,12:05:21,
SCPA00032167,SCPA00032167,SIC0004504,PA00000001,2022-01-02,12:05:21,
SCPA00032168,SCPA00032168,SIC0003767,PA00000001,2022-01-02,12:05:21,
SCPA00032169,SCPA00032169,SIC0010484,PA00000001,2022-01-02,12:05:21,
SCPA00032170,SCPA00032170,SIC0015200,PA00000001,2022-01-02,12:05:21,
SCPA00032171,SCPA00032171,SIC0017606,PA00000001,2022-01-02,12:05:21,
SCPA00032172,SCPA00032172,SIC0017419,PA00000001,2022-01-02,12:05:21,
SCPA00032173,SCPA00032173,SIC0006391,PA00000001,2022-01-02,12:05:21,
SCPA00032174,SCPA00032174,SIC0004819,PA00000001,2022-01-02,12:05:21,
SCPA00032175,SCPA00032175,SIC0012723,PA00000001,2022-01-02,12:05:21,
SCPA00032176,SCPA00032176,SIC0013329,PA00000001,2022-01-02,12:05:21,
SCPA00032177,SCPA00032177,SIC0014797,PA00000001,2022-01-02,12:05:21,
SCPA00032178,SCPA00032178,SIC0005211,PA00000001,2022-01-02,12:05:21,
SCPA00032179,SCPA00032179,SIC0003793,PA00000001,2022-01-02,12:05:21,
SCPA00032180,SCPA00032180,SIC0015825,PA00000001,2022-01-02,12:05:21,
SCPA00032181,SCPA00032181,SIC0011840,PA00000001,2022-01-02,12:05:21,
SCPA00032182,SCPA00032182,SIC0000243,PA00000001,2022-01-02,12:05:21,
SCPA00032183,SCPA00032183,SIC0002581,PA00000001,2022-01-02,12:05:21,
SCPA00032184,SCPA00032184,SIC0005243,PA00000001,2022-01-02,12:05:21,
SCPA00032185,SCPA00032185,SIC0004466,PA00000001,2022-01-02,12:05:21,
SCPA00032186,SCPA00032186,SIC0009339,PA00000001,2022-01-02,12:05:21,
SCPA00032187,SCPA00032187,SIC0010184,PA00000001,2022-01-02,12:05:21,
SCPA00032188,SCPA00032188,SIC0001426,PA00000001,2022-01-02,12:05:21,
SCPA00032189,SCPA00032189,SIC0001300,PA00000001,2022-01-02,12:05:21,
SCPA00032190,SCPA00032190,SIC0013858,PA00000001,2022-01-02,12:05:21,
SCPA00032191,SCPA00032191,SIC0016212,PA00000001,2022-01-02,12:05:21,
SCPA00032192,SCPA00032192,SIC0011568,PA00000001,2022-01-02,12:05:21,
SCPA00032193,SCPA00032193,SIC0014411,PA00000001,2022-01-02,12:05:21,
SCPA00032194,SCPA00032194,SIC0012356,PA00000001,2022-01-02,12:05:21,
SCPA00032195,SCPA00032195,SIC0017029,PA00000001,2022-01-02,12:05:21,
SCPA00032196,SCPA00032196,SIC0015165,PA00000001,2022-01-02,12:05:21,
SCPA00032197,SCPA00032197,SIC0010041,PA00000001,2022-01-02,12:05:21,
SCPA00032198,SCPA00032198,SIC0002037,PA00000001,2022-01-02,12:05:21,
SCPA00032199,SCPA00032199,SIC0010946,PA00000001,2022-01-02,12:05:21,
SCPA00032200,SCPA00032200,SIC0012741,PA00000001,2022-01-02,12:05:21,
SCPA00032201,SCPA00032201,SIC0001509,PA00000001,2022-01-02,12:05:21,
SCPA00032202,SCPA00032202,SIC0005232,PA00000001,2022-01-02,12:05:21,
SCPA00032203,SCPA00032203,SIC0012438,PA00000001,2022-01-02,12:05:21,
SCPA00032204,SCPA00032204,SIC0002021,PA00000001,2022-01-02,12:05:21,
SCPA00032205,SCPA00032205,SIC0012115,PA00000001,2022-01-02,12:05:21,
SCPA00032206,SCPA00032206,SIC0011676,PA00000001,2022-01-02,12:05:21,
SCPA00032207,SCPA00032207,SIC0009839,PA00000001,2022-01-02,12:05:21,
SCPA00032208,SCPA00032208,SIC0013737,PA00000001,2022-01-02,12:05:21,
SCPA00032209,SCPA00032209,SIC0011901,PA00000001,2022-01-02,12:05:21,
SCPA00032210,SCPA00032210,SIC0001808,PA00000001,2022-01-02,12:05:21,
SCPA00032211,SCPA00032211,SIC0015699,PA00000001,2022-01-02,12:05:21,
SCPA00032212,SCPA00032212,SIC0014206,PA00000001,2022-01-02,12:05:21,
SCPA00032213,SCPA00032213,SIC0014292,PA00000001,2022-01-02,12:05:21,
SCPA00032214,SCPA00032214,SIC0005284,PA00000001,2022-01-02,12:05:21,
SCPA00032215,SCPA00032215,SIC0009984,PA00000001,2022-01-02,12:05:21,
SCPA00032216,SCPA00032216,SIC0006240,PA00000001,2022-01-02,12:05:21,
SCPA00032217,SCPA00032217,SIC0014751,PA00000001,2022-01-02,12:05:21,
SCPA00032218,SCPA00032218,SIC0012953,PA00000001,2022-01-02,12:05:21,
SCPA00032219,SCPA00032219,SIC0001166,PA00000001,2022-01-02,12:05:21,
SCPA00032220,SCPA00032220,SIC0004240,PA00000001,2022-01-02,12:05:21,
SCPA00032221,SCPA00032221,SIC0000340,PA00000001,2022-01-02,12:05:21,
SCPA00032222,SCPA00032222,SIC0017072,PA00000001,2022-01-02,12:05:21,
SCPA00032223,SCPA00032223,SIC0015171,PA00000001,2022-01-02,12:05:21,
SCPA00032224,SCPA00032224,SIC0017193,PA00000001,2022-01-02,12:05:21,
SCPA00032225,SCPA00032225,SIC0005555,PA00000001,2022-01-02,12:05:21,
SCPA00032226,SCPA00032226,SIC0011879,PA00000001,2022-01-02,12:05:21,
SCPA00032227,SCPA00032227,SIC0002691,PA00000001,2022-01-02,12:05:21,
SCPA00032228,SCPA00032228,SIC0006376,PA00000001,2022-01-02,12:05:21,
SCPA00032229,SCPA00032229,SIC0003249,PA00000001,2022-01-02,12:05:21,
SCPA00032230,SCPA00032230,SIC0015775,PA00000001,2022-01-02,12:05:21,
SCPA00032231,SCPA00032231,SIC0016893,PA00000001,2022-01-02,12:05:21,
SCPA00032232,SCPA00032232,SIC0012208,PA00000001,2022-01-02,12:05:21,
SCPA00032233,SCPA00032233,SIC0006314,PA00000001,2022-01-02,12:05:21,
SCPA00032234,SCPA00032234,SIC0004814,PA00000001,2022-01-02,12:05:21,
SCPA00032235,SCPA00032235,SIC0000519,PA00000001,2022-01-02,12:05:21,
SCPA00032236,SCPA00032236,SIC0011780,PA00000001,2022-01-02,12:05:21,
SCPA00032237,SCPA00032237,SIC0000219,PA00000001,2022-01-02,12:05:21,
SCPA00032238,SCPA00032238,SIC0016340,PA00000001,2022-01-02,12:05:21,
SCPA00032239,SCPA00032239,SIC0012184,PA00000001,2022-01-02,12:05:21,
SCPA00032240,SCPA00032240,SIC0003090,PA00000001,2022-01-02,12:05:21,
SCPA00032241,SCPA00032241,SIC0012004,PA00000001,2022-01-02,12:05:21,
SCPA00032242,SCPA00032242,SIC0003163,PA00000001,2022-01-02,12:05:21,
SCPA00032243,SCPA00032243,SIC0010644,PA00000001,2022-01-02,12:05:21,
SCPA00032244,SCPA00032244,SIC0000198,PA00000001,2022-01-02,12:05:21,
SCPA00032245,SCPA00032245,SIC0011312,PA00000001,2022-01-02,12:05:21,
SCPA00032246,SCPA00032246,SIC0011217,PA00000001,2022-01-02,12:05:21,
SCPA00032247,SCPA00032247,SIC0013200,PA00000001,2022-01-02,12:05:21,
SCPA00032248,SCPA00032248,SIC0010740,PA00000001,2022-01-02,12:05:21,
SCPA00032249,SCPA00032249,SIC0015447,PA00000001,2022-01-02,12:05:21,
SCPA00032250,SCPA00032250,SIC0004397,PA00000001,2022-01-02,12:05:21,
SCPA00032251,SCPA00032251,SIC0006173,PA00000001,2022-01-02,12:05:21,
SCPA00032252,SCPA00032252,SIC0010183,PA00000001,2022-01-02,12:05:21,
SCPA00032253,SCPA00032253,SIC0013693,PA00000001,2022-01-02,12:05:21,
SCPA00032254,SCPA00032254,SIC0011967,PA00000001,2022-01-02,12:05:21,
SCPA00032255,SCPA00032255,SIC0005745,PA00000001,2022-01-02,12:05:21,
SCPA00032256,SCPA00032256,SIC0009943,PA00000001,2022-01-02,12:05:21,
SCPA00032257,SCPA00032257,SIC0001831,PA00000001,2022-01-02,12:05:21,
SCPA00032258,SCPA00032258,SIC0002993,PA00000001,2022-01-02,12:05:21,
SCPA00032259,SCPA00032259,SIC0011184,PA00000001,2022-01-02,12:05:21,
SCPA00032260,SCPA00032260,SIC0016637,PA00000001,2022-01-02,12:05:21,
SCPA00032261,SCPA00032261,SIC0001602,PA00000001,2022-01-02,12:05:21,
SCPA00032262,SCPA00032262,SIC0003243,PA00000001,2022-01-02,12:05:21,
SCPA00032263,SCPA00032263,SIC0012120,PA00000001,2022-01-02,12:05:21,
SCPA00032264,SCPA00032264,SIC0010331,PA00000001,2022-01-02,12:05:21,
SCPA00032265,SCPA00032265,SIC0004691,PA00000001,2022-01-02,12:05:21,
SCPA00032266,SCPA00032266,SIC0009996,PA00000001,2022-01-02,12:05:21,
SCPA00032267,SCPA00032267,SIC0015251,PA00000001,2022-01-02,12:05:21,
SCPA00032268,SCPA00032268,SIC0003075,PA00000001,2022-01-02,12:05:21,
SCPA00032269,SCPA00032269,SIC0013928,PA00000001,2022-01-02,12:05:21,
SCPA00032270,SCPA00032270,SIC0000928,PA00000001,2022-01-02,12:05:21,
SCPA00032271,SCPA00032271,SIC0004667,PA00000001,2022-01-02,12:05:21,
SCPA00032272,SCPA00032272,SIC0004914,PA00000001,2022-01-02,12:05:21,
SCPA00032273,SCPA00032273,SIC0016741,PA00000001,2022-01-02,12:05:21,
SCPA00032274,SCPA00032274,SIC0000297,PA00000001,2022-01-02,12:05:21,
SCPA00032275,SCPA00032275,SIC0011605,PA00000001,2022-01-02,12:05:21,
SCPA00032276,SCPA00032276,SIC0014285,PA00000001,2022-01-02,12:05:21,
SCPA00032277,SCPA00032277,SIC0009150,PA00000001,2022-01-02,12:05:21,
SCPA00032278,SCPA00032278,SIC0015680,PA00000001,2022-01-02,12:05:21,
SCPA00032279,SCPA00032279,SIC0003155,PA00000001,2022-01-02,12:05:21,
SCPA00032280,SCPA00032280,SIC0005326,PA00000001,2022-01-02,12:05:21,
SCPA00032281,SCPA00032281,SIC0006663,PA00000001,2022-01-02,12:05:21,
SCPA00032282,SCPA00032282,SIC0011070,PA00000001,2022-01-02,12:05:21,
SCPA00032283,SCPA00032283,SIC0000438,PA00000001,2022-01-02,12:05:21,
SCPA00032284,SCPA00032284,SIC0000525,PA00000001,2022-01-02,12:05:21,
SCPA00032285,SCPA00032285,SIC0010822,PA00000001,2022-01-02,12:05:21,
SCPA00032286,SCPA00032286,SIC0000371,PA00000001,2022-01-02,12:05:21,
SCPA00032287,SCPA00032287,SIC0003161,PA00000001,2022-01-02,12:05:21,
SCPA00032288,SCPA00032288,SIC0012214,PA00000001,2022-01-02,12:05:21,
SCPA00032289,SCPA00032289,SIC0000108,PA00000001,2022-01-02,12:05:21,
SCPA00032290,SCPA00032290,SIC0011146,PA00000001,2022-01-02,12:05:21,
SCPA00032291,SCPA00032291,SIC0003532,PA00000001,2022-01-02,12:05:21,
SCPA00032292,SCPA00032292,SIC0000648,PA00000001,2022-01-02,12:05:21,
SCPA00032293,SCPA00032293,SIC0013394,PA00000001,2022-01-02,12:05:21,
SCPA00032294,SCPA00032294,SIC0013000,PA00000001,2022-01-02,12:05:21,
SCPA00032295,SCPA00032295,SIC0002700,PA00000001,2022-01-02,12:05:21,
SCPA00032296,SCPA00032296,SIC0006219,PA00000001,2022-01-02,12:05:21,
SCPA00032297,SCPA00032297,SIC0011815,PA00000001,2022-01-02,12:05:21,
SCPA00032298,SCPA00032298,SIC0005966,PA00000001,2022-01-02,12:05:21,
SCPA00032299,SCPA00032299,SIC0004192,PA00000001,2022-01-02,12:05:21,
SCPA00032300,SCPA00032300,SIC0011397,PA00000001,2022-01-02,12:05:21,
SCPA00032301,SCPA00032301,SIC0014175,PA00000001,2022-01-02,12:05:21,
SCPA00032302,SCPA00032302,SIC0004007,PA00000001,2022-01-02,12:05:21,
SCPA00032303,SCPA00032303,SIC0001895,PA00000001,2022-01-02,12:05:21,
SCPA00032304,SCPA00032304,SIC0009469,PA00000001,2022-01-02,12:05:21,
SCPA00032305,SCPA00032305,SIC0014204,PA00000001,2022-01-02,12:05:21,
SCPA00032306,SCPA00032306,SIC0016571,PA00000001,2022-01-02,12:05:21,
SCPA00032307,SCPA00032307,SIC0015584,PA00000001,2022-01-02,12:05:21,
SCPA00032308,SCPA00032308,SIC0011659,PA00000001,2022-01-02,12:05:21,
SCPA00032309,SCPA00032309,SIC0010060,PA00000001,2022-01-02,12:05:21,
SCPA00032310,SCPA00032310,SIC0015438,PA00000001,2022-01-02,12:05:21,
SCPA00032311,SCPA00032311,SIC0013281,PA00000001,2022-01-02,12:05:21,
SCPA00032312,SCPA00032312,SIC0013628,PA00000001,2022-01-02,12:05:21,
SCPA00032313,SCPA00032313,SIC0015030,PA00000001,2022-01-02,12:05:21,
SCPA00032314,SCPA00032314,SIC0006463,PA00000001,2022-01-02,12:05:21,
SCPA00032315,SCPA00032315,SIC0000111,PA00000001,2022-01-02,12:05:21,
SCPA00032316,SCPA00032316,SIC0003967,PA00000001,2022-01-02,12:05:21,
SCPA00032317,SCPA00032317,SIC0004421,PA00000001,2022-01-02,12:05:21,
SCPA00032318,SCPA00032318,SIC0016439,PA00000001,2022-01-02,12:05:21,
SCPA00032319,SCPA00032319,SIC0012485,PA00000001,2022-01-02,12:05:21,
SCPA00032320,SCPA00032320,SIC0005278,PA00000001,2022-01-02,12:05:21,
SCPA00032321,SCPA00032321,SIC0005502,PA00000001,2022-01-02,12:05:21,
SCPA00032322,SCPA00032322,SIC0012089,PA00000001,2022-01-02,12:05:21,
SCPA00032323,SCPA00032323,SIC0004543,PA00000001,2022-01-02,12:05:21,
SCPA00032324,SCPA00032324,SIC0009387,PA00000001,2022-01-02,12:05:21,
SCPA00032325,SCPA00032325,SIC0009868,PA00000001,2022-01-02,12:05:21,
SCPA00032326,SCPA00032326,SIC0003658,PA00000001,2022-01-02,12:05:21,
SCPA00032327,SCPA00032327,SIC0015992,PA00000001,2022-01-02,12:05:21,
SCPA00032328,SCPA00032328,SIC0002694,PA00000001,2022-01-02,12:05:21,
SCPA00032329,SCPA00032329,SIC0002266,PA00000001,2022-01-02,12:05:21,
SCPA00032330,SCPA00032330,SIC0001961,PA00000001,2022-01-02,12:05:21,
SCPA00032331,SCPA00032331,SIC0015967,PA00000001,2022-01-02,12:05:21,
SCPA00032332,SCPA00032332,SIC0011220,PA00000001,2022-01-02,12:05:21,
SCPA00032333,SCPA00032333,SIC0009523,PA00000001,2022-01-02,12:05:21,
SCPA00032334,SCPA00032334,SIC0013547,PA00000001,2022-01-02,12:05:21,
SCPA00032335,SCPA00032335,SIC0004779,PA00000001,2022-01-02,12:05:21,
SCPA00032336,SCPA00032336,SIC0004557,PA00000001,2022-01-02,12:05:21,
SCPA00032337,SCPA00032337,SIC0015371,PA00000001,2022-01-02,12:05:21,
SCPA00032338,SCPA00032338,SIC0009305,PA00000001,2022-01-02,12:05:21,
SCPA00032339,SCPA00032339,SIC0001353,PA00000001,2022-01-02,12:05:21,
SCPA00032340,SCPA00032340,SIC0000504,PA00000001,2022-01-02,12:05:21,
SCPA00032341,SCPA00032341,SIC0014207,PA00000001,2022-01-02,12:05:21,
SCPA00032342,SCPA00032342,SIC0011132,PA00000001,2022-01-02,12:05:21,
SCPA00032343,SCPA00032343,SIC0012343,PA00000001,2022-01-02,12:05:21,
SCPA00032344,SCPA00032344,SIC0005462,PA00000001,2022-01-02,12:05:21,
SCPA00032345,SCPA00032345,SIC0015673,PA00000001,2022-01-02,12:05:21,
SCPA00032346,SCPA00032346,SIC0012982,PA00000001,2022-01-02,12:05:21,
SCPA00032347,SCPA00032347,SIC0011403,PA00000001,2022-01-02,12:05:21,
SCPA00032348,SCPA00032348,SIC0008627,PA00000001,2022-01-02,12:05:21,
SCPA00032349,SCPA00032349,SIC0013649,PA00000001,2022-01-02,12:05:21,
SCPA00032350,SCPA00032350,SIC0011505,PA00000001,2022-01-02,12:05:21,
SCPA00032351,SCPA00032351,SIC0009307,PA00000001,2022-01-02,12:05:21,
SCPA00032352,SCPA00032352,SIC0000816,PA00000001,2022-01-02,12:05:21,
SCPA00032353,SCPA00032353,SIC0017485,PA00000001,2022-01-02,12:05:21,
SCPA00032354,SCPA00032354,SIC0013604,PA00000001,2022-01-02,12:05:21,
SCPA00032355,SCPA00032355,SIC0003293,PA00000001,2022-01-02,12:05:21,
SCPA00032356,SCPA00032356,SIC0014261,PA00000001,2022-01-02,12:05:21,
SCPA00032357,SCPA00032357,SIC0008648,PA00000001,2022-01-02,12:05:21,
SCPA00032358,SCPA00032358,SIC0010239,PA00000001,2022-01-02,12:05:21,
SCPA00032359,SCPA00032359,SIC0010091,PA00000001,2022-01-02,12:05:21,
SCPA00032360,SCPA00032360,SIC0003581,PA00000001,2022-01-02,12:05:21,
SCPA00032361,SCPA00032361,SIC0003201,PA00000001,2022-01-02,12:05:21,
SCPA00032362,SCPA00032362,SIC0001856,PA00000001,2022-01-02,12:05:21,
SCPA00032363,SCPA00032363,SIC0016766,PA00000001,2022-01-02,12:05:21,
SCPA00032364,SCPA00032364,SIC0003551,PA00000001,2022-01-02,12:05:21,
SCPA00032365,SCPA00032365,SIC0012081,PA00000001,2022-01-02,12:05:21,
SCPA00032366,SCPA00032366,SIC0006650,PA00000001,2022-01-02,12:05:21,
SCPA00032367,SCPA00032367,SIC0017617,PA00000001,2022-01-02,12:05:21,
SCPA00032368,SCPA00032368,SIC0009791,PA00000001,2022-01-02,12:05:21,
SCPA00032369,SCPA00032369,SIC0010551,PA00000001,2022-01-02,12:05:21,
SCPA00032370,SCPA00032370,SIC0006496,PA00000001,2022-01-02,12:05:21,
SCPA00032371,SCPA00032371,SIC0009584,PA00000001,2022-01-02,12:05:21,
SCPA00032372,SCPA00032372,SIC0006210,PA00000001,2022-01-02,12:05:21,
SCPA00032373,SCPA00032373,SIC0003741,PA00000001,2022-01-02,12:05:21,
SCPA00032374,SCPA00032374,SIC0002943,PA00000001,2022-01-02,12:05:21,
SCPA00032375,SCPA00032375,SIC0016275,PA00000001,2022-01-02,12:05:21,
SCPA00032376,SCPA00032376,SIC0011048,PA00000001,2022-01-02,12:05:21,
SCPA00032377,SCPA00032377,SIC0015266,PA00000001,2022-01-02,12:05:21,
SCPA00032378,SCPA00032378,SIC0013579,PA00000001,2022-01-02,12:05:21,
SCPA00032379,SCPA00032379,SIC0014177,PA00000001,2022-01-02,12:05:21,
SCPA00032380,SCPA00032380,SIC0004641,PA00000001,2022-01-02,12:05:21,
SCPA00032381,SCPA00032381,SIC0014606,PA00000001,2022-01-02,12:05:21,
SCPA00032382,SCPA00032382,SIC0009069,PA00000001,2022-01-02,12:05:21,
SCPA00032383,SCPA00032383,SIC0015755,PA00000001,2022-01-02,12:05:21,
SCPA00032384,SCPA00032384,SIC0004322,PA00000001,2022-01-02,12:05:21,
SCPA00032385,SCPA00032385,SIC0017365,PA00000001,2022-01-02,12:05:21,
SCPA00032386,SCPA00032386,SIC0010695,PA00000001,2022-01-02,12:05:21,
SCPA00032387,SCPA00032387,SIC0012325,PA00000001,2022-01-02,12:05:21,
SCPA00032388,SCPA00032388,SIC0001712,PA00000001,2022-01-02,12:05:21,
SCPA00032389,SCPA00032389,SIC0011835,PA00000001,2022-01-02,12:05:21,
SCPA00032390,SCPA00032390,SIC0009061,PA00000001,2022-01-02,12:05:21,
SCPA00032391,SCPA00032391,SIC0016498,PA00000001,2022-01-02,12:05:21,
SCPA00032392,SCPA00032392,SIC0009545,PA00000001,2022-01-02,12:05:21,
SCPA00032393,SCPA00032393,SIC0016333,PA00000001,2022-01-02,12:05:21,
SCPA00032394,SCPA00032394,SIC0002739,PA00000001,2022-01-02,12:05:21,
SCPA00032395,SCPA00032395,SIC0016749,PA00000001,2022-01-02,12:05:21,
SCPA00032396,SCPA00032396,SIC0004669,PA00000001,2022-01-02,12:05:21,
SCPA00032397,SCPA00032397,SIC0011603,PA00000001,2022-01-02,12:05:21,
SCPA00032398,SCPA00032398,SIC0012669,PA00000001,2022-01-02,12:05:21,
SCPA00032399,SCPA00032399,SIC0013689,PA00000001,2022-01-02,12:05:21,
SCPA00032400,SCPA00032400,SIC0002726,PA00000001,2022-01-02,12:05:21,
SCPA00032401,SCPA00032401,SIC0002841,PA00000001,2022-01-02,12:05:21,
SCPA00032402,SCPA00032402,SIC0002030,PA00000001,2022-01-02,12:05:21,
SCPA00032403,SCPA00032403,SIC0010077,PA00000001,2022-01-02,12:05:21,
SCPA00032404,SCPA00032404,SIC0016833,PA00000001,2022-01-02,12:05:21,
SCPA00032405,SCPA00032405,SIC0006511,PA00000001,2022-01-02,12:05:21,
SCPA00032406,SCPA00032406,SIC0001992,PA00000001,2022-01-02,12:05:21,
SCPA00032407,SCPA00032407,SIC0013353,PA00000001,2022-01-02,12:05:21,
SCPA00032408,SCPA00032408,SIC0013845,PA00000001,2022-01-02,12:05:21,
SCPA00032409,SCPA00032409,SIC0017142,PA00000001,2022-01-02,12:05:21,
SCPA00032410,SCPA00032410,SIC0003136,PA00000001,2022-01-02,12:05:21,
SCPA00032411,SCPA00032411,SIC0010914,PA00000001,2022-01-02,12:05:21,
SCPA00032412,SCPA00032412,SIC0012882,PA00000001,2022-01-02,12:05:21,
SCPA00032413,SCPA00032413,SIC0000790,PA00000001,2022-01-02,12:05:21,
SCPA00032414,SCPA00032414,SIC0005280,PA00000001,2022-01-02,12:05:21,
SCPA00032415,SCPA00032415,SIC0005078,PA00000001,2022-01-02,12:05:21,
SCPA00032416,SCPA00032416,SIC0016221,PA00000001,2022-01-02,12:05:21,
SCPA00032417,SCPA00032417,SIC0015338,PA00000001,2022-01-02,12:05:21,
SCPA00032418,SCPA00032418,SIC0015100,PA00000001,2022-01-02,12:05:21,
SCPA00032419,SCPA00032419,SIC0000468,PA00000001,2022-01-02,12:05:21,
SCPA00032420,SCPA00032420,SIC0013275,PA00000001,2022-01-02,12:05:21,
SCPA00032421,SCPA00032421,SIC0011298,PA00000001,2022-01-02,12:05:21,
SCPA00032422,SCPA00032422,SIC0010601,PA00000001,2022-01-02,12:05:21,
SCPA00032423,SCPA00032423,SIC0011581,PA00000001,2022-01-02,12:05:21,
SCPA00032424,SCPA00032424,SIC0008594,PA00000001,2022-01-02,12:05:21,
SCPA00032425,SCPA00032425,SIC0016945,PA00000001,2022-01-02,12:05:21,
SCPA00032426,SCPA00032426,SIC0012999,PA00000001,2022-01-02,12:05:21,
SCPA00032427,SCPA00032427,SIC0009986,PA00000001,2022-01-02,12:05:21,
SCPA00032428,SCPA00032428,SIC0014262,PA00000001,2022-01-02,12:05:21,
SCPA00032429,SCPA00032429,SIC0012712,PA00000001,2022-01-02,12:05:21,
SCPA00032430,SCPA00032430,SIC0001189,PA00000001,2022-01-02,12:05:21,
SCPA00032431,SCPA00032431,SIC0009369,PA00000001,2022-01-02,12:05:21,
SCPA00032432,SCPA00032432,SIC0002204,PA00000001,2022-01-02,12:05:21,
SCPA00032433,SCPA00032433,SIC0005918,PA00000001,2022-01-02,12:05:21,
SCPA00032434,SCPA00032434,SIC0013480,PA00000001,2022-01-02,12:05:21,
SCPA00032435,SCPA00032435,SIC0015252,PA00000001,2022-01-02,12:05:21,
SCPA00032436,SCPA00032436,SIC0004776,PA00000001,2022-01-02,12:05:21,
SCPA00032437,SCPA00032437,SIC0014724,PA00000001,2022-01-02,12:05:21,
SCPA00032438,SCPA00032438,SIC0016902,PA00000001,2022-01-02,12:05:21,
SCPA00032439,SCPA00032439,SIC0009216,PA00000001,2022-01-02,12:05:21,
SCPA00032440,SCPA00032440,SIC0000331,PA00000001,2022-01-02,12:05:21,
SCPA00032441,SCPA00032441,SIC0001643,PA00000001,2022-01-02,12:05:21,
SCPA00032442,SCPA00032442,SIC0012653,PA00000001,2022-01-02,12:05:21,
SCPA00032443,SCPA00032443,SIC0017256,PA00000001,2022-01-02,12:05:21,
SCPA00032444,SCPA00032444,SIC0000053,PA00000001,2022-01-02,12:05:21,
SCPA00032445,SCPA00032445,SIC0001842,PA00000001,2022-01-02,12:05:21,
SCPA00032446,SCPA00032446,SIC0011544,PA00000001,2022-01-02,12:05:21,
SCPA00032447,SCPA00032447,SIC0010022,PA00000001,2022-01-02,12:05:21,
SCPA00032448,SCPA00032448,SIC0009837,PA00000001,2022-01-02,12:05:21,
SCPA00032449,SCPA00032449,SIC0017442,PA00000001,2022-01-02,12:05:21,
SCPA00032450,SCPA00032450,SIC0010145,PA00000001,2022-01-02,12:05:21,
SCPA00032451,SCPA00032451,SIC0015724,PA00000001,2022-01-02,12:05:21,
SCPA00032452,SCPA00032452,SIC0004234,PA00000001,2022-01-02,12:05:21,
SCPA00032453,SCPA00032453,SIC0002293,PA00000001,2022-01-02,12:05:21,
SCPA00032454,SCPA00032454,SIC0010571,PA00000001,2022-01-02,12:05:21,
SCPA00032455,SCPA00032455,SIC0000637,PA00000001,2022-01-02,12:05:21,
SCPA00032456,SCPA00032456,SIC0000951,PA00000001,2022-01-02,12:05:21,
SCPA00032457,SCPA00032457,SIC0011291,PA00000001,2022-01-02,12:05:21,
SCPA00032458,SCPA00032458,SIC0017480,PA00000001,2022-01-02,12:05:21,
SCPA00032459,SCPA00032459,SIC0017421,PA00000001,2022-01-02,12:05:21,
SCPA00032460,SCPA00032460,SIC0016939,PA00000001,2022-01-02,12:05:21,
SCPA00032461,SCPA00032461,SIC0013706,PA00000001,2022-01-02,12:05:21,
SCPA00032462,SCPA00032462,SIC0015116,PA00000001,2022-01-02,12:05:21,
SCPA00032463,SCPA00032463,SIC0004712,PA00000001,2022-01-02,12:05:21,
SCPA00032464,SCPA00032464,SIC0014872,PA00000001,2022-01-02,12:05:21,
SCPA00032465,SCPA00032465,SIC0009346,PA00000001,2022-01-02,12:05:21,
SCPA00032466,SCPA00032466,SIC0012305,PA00000001,2022-01-02,12:05:21,
SCPA00032467,SCPA00032467,SIC0001350,PA00000001,2022-01-02,12:05:21,
SCPA00032468,SCPA00032468,SIC0014564,PA00000001,2022-01-02,12:05:21,
SCPA00032469,SCPA00032469,SIC0015614,PA00000001,2022-01-02,12:05:21,
SCPA00032470,SCPA00032470,SIC0005622,PA00000001,2022-01-02,12:05:21,
SCPA00032471,SCPA00032471,SIC0017213,PA00000001,2022-01-02,12:05:21,
SCPA00032472,SCPA00032472,SIC0002339,PA00000001,2022-01-02,12:05:21,
SCPA00032473,SCPA00032473,SIC0015750,PA00000001,2022-01-02,12:05:21,
SCPA00032474,SCPA00032474,SIC0001861,PA00000001,2022-01-02,12:05:21,
SCPA00032475,SCPA00032475,SIC0012672,PA00000001,2022-01-02,12:05:21,
SCPA00032476,SCPA00032476,SIC0011947,PA00000001,2022-01-02,12:05:21,
SCPA00032477,SCPA00032477,SIC0012795,PA00000001,2022-01-02,12:05:21,
