[{"municipio":"ABALA","seccion_localidades":"ABALA","numero":"1","tipo":"urbano","primera_fuerza":"PRI","votos_primera_fuerza":664,"segunda_fuerza":"PAN","votos_segunda_fuerza":647,"sistema":"PVEM","votos_sistema":4,"PAN":647,"PRI":664,"PRD":2,"PVEM":4,"PT":5,"MC":6,"NA":2,"MORENA":174,"PES":1,"votos_can_nreg":"0","votos_nulos":"11","votos_totales":1525,"lista_nominal":"1655","rentabilidad":1521,"rentabilidad_posicion":6,"competividad":-660,"competividad_posicion":5,"semaforo":"rojo","ciudadanos_registrados":"118","acciones_obras":"0","apoyos_programas":"59","funcionarios":"0","militantes":"5","juntas":"0","visitas":"0","caminatas":"0"},{"municipio":"ABALA","seccion_localidades":"CACAO","numero":"2","tipo":"rural","primera_fuerza":"PRI","votos_primera_fuerza":81,"segunda_fuerza":"PAN","votos_segunda_fuerza":68,"sistema":"PVEM","votos_sistema":0,"PAN":68,"PRI":81,"PRD":0,"PVEM":0,"PT":0,"MC":0,"NA":1,"MORENA":24,"PES":0,"votos_can_nreg":"0","votos_nulos":"0","votos_totales":177,"lista_nominal":"182","rentabilidad":177,"rentabilidad_posicion":2,"competividad":-81,"competividad_posicion":1,"semaforo":"rojo","ciudadanos_registrados":"15","acciones_obras":"0","apoyos_programas":"6","funcionarios":"0","militantes":"2","juntas":"0","visitas":"0","caminatas":"0"},{"municipio":"ABALA","seccion_localidades":"PEBA","numero":"3","tipo":"rural","primera_fuerza":"PAN","votos_primera_fuerza":92,"segunda_fuerza":"PRI","votos_segunda_fuerza":69,"sistema":"PVEM","votos_sistema":1,"PAN":92,"PRI":69,"PRD":0,"PVEM":1,"PT":3,"MC":1,"NA":0,"MORENA":0,"PES":0,"votos_can_nreg":"0","votos_nulos":"1","votos_totales":170,"lista_nominal":"203","rentabilidad":169,"rentabilidad_posicion":1,"competividad":-91,"competividad_posicion":2,"semaforo":"rojo","ciudadanos_registrados":"14","acciones_obras":"0","apoyos_programas":"12","funcionarios":"0","militantes":"1","juntas":"0","visitas":"0","caminatas":"0"},{"municipio":"ABALA","seccion_localidades":"RANCHO 3 CENOTES - RANCHO SAN ANTONIO TEBAKAL - SINHUNCHEN - TEMOZON SUR","numero":"4","tipo":"rural","primera_fuerza":"PRI","votos_primera_fuerza":329,"segunda_fuerza":"PAN","votos_segunda_fuerza":293,"sistema":"PVEM","votos_sistema":1,"PAN":293,"PRI":329,"PRD":0,"PVEM":1,"PT":6,"MC":3,"NA":0,"MORENA":76,"PES":0,"votos_can_nreg":"0","votos_nulos":"0","votos_totales":708,"lista_nominal":"778","rentabilidad":707,"rentabilidad_posicion":4,"competividad":-328,"competividad_posicion":4,"semaforo":"rojo","ciudadanos_registrados":"48","acciones_obras":"0","apoyos_programas":"21","funcionarios":"0","militantes":"1","juntas":"0","visitas":"0","caminatas":"0"},{"municipio":"ABALA","seccion_localidades":"UAYALCEH DE PEON","numero":"5","tipo":"urbano","primera_fuerza":"PAN","votos_primera_fuerza":756,"segunda_fuerza":"PRI","votos_segunda_fuerza":474,"sistema":"PVEM","votos_sistema":2,"PAN":756,"PRI":474,"PRD":1,"PVEM":2,"PT":5,"MC":12,"NA":3,"MORENA":173,"PES":3,"votos_can_nreg":"0","votos_nulos":"20","votos_totales":1459,"lista_nominal":"1693","rentabilidad":1457,"rentabilidad_posicion":5,"competividad":-754,"competividad_posicion":6,"semaforo":"rojo","ciudadanos_registrados":"143","acciones_obras":"0","apoyos_programas":"72","funcionarios":"0","militantes":"7","juntas":"0","visitas":"0","caminatas":"0"},{"municipio":"ABALA","seccion_localidades":"MUKUYCHE","numero":"6","tipo":"rural","primera_fuerza":"PAN","votos_primera_fuerza":177,"segunda_fuerza":"PRI","votos_segunda_fuerza":140,"sistema":"PVEM","votos_sistema":0,"PAN":177,"PRI":140,"PRD":0,"PVEM":0,"PT":4,"MC":1,"NA":0,"MORENA":28,"PES":2,"votos_can_nreg":"0","votos_nulos":"4","votos_totales":356,"lista_nominal":"381","rentabilidad":356,"rentabilidad_posicion":3,"competividad":-177,"competividad_posicion":3,"semaforo":"rojo","ciudadanos_registrados":"33","acciones_obras":"0","apoyos_programas":"10","funcionarios":"0","militantes":"1","juntas":"0","visitas":"0","caminatas":"0"}]