[{"row":"municipio","nombre":"Municipio","tipo":"string","fill":"#397CB5"},{"row":"seccion_localidades","nombre":"Localidad(es)","tipo":"string","fill":"#397CB5"},{"row":"numero","nombre":"Secci\u00f3n","tipo":"integer","fill":"#397CB5"},{"row":"tipo","nombre":"Tipo Secci\u00f3n","tipo":"string","fill":"#397CB5"},{"row":"primera_fuerza","nombre":"Primera Fuerza","tipo":"string","fill":"#213415"},{"row":"votos_primera_fuerza","nombre":"Votos Primera Fuerza","tipo":"integer","fill":"#213415"},{"row":"segunda_fuerza","nombre":"Segunda Fuerza","tipo":"string","fill":"#355b7d"},{"row":"votos_segunda_fuerza","nombre":"Votos Segunda Fuerza","tipo":"integer","fill":"#355b7d"},{"row":"sistema","nombre":"Sistema","tipo":"string","fill":"#8B8000"},{"row":"votos_sistema","nombre":"Votos Sistema","tipo":"integer","fill":"#8B8000"},{"row":"PAN","nombre":"PAN","tipo":"integer","fill":"#06338e"},{"row":"PRI","nombre":"PRI","tipo":"integer","fill":"#d23026"},{"row":"PRD","nombre":"PRD","tipo":"integer","fill":"#ffcb01"},{"row":"PVEM","nombre":"PVEM","tipo":"integer","fill":"#50b747"},{"row":"PT","nombre":"PT","tipo":"integer","fill":"#eee500"},{"row":"MC","nombre":"MC","tipo":"integer","fill":"#ff8300"},{"row":"MORENA","nombre":"MORENA","tipo":"integer","fill":"#b5261e"},{"row":"MAS","nombre":"MAS","tipo":"integer","fill":"#0eb5c6"},{"row":"CQROO","nombre":"CQROO","tipo":"integer","fill":"#31859c"},{"row":"PES","nombre":"PES","tipo":"integer","fill":"#5a2a7c"},{"row":"RSP","nombre":"RSP","tipo":"integer","fill":"#c82039"},{"row":"FMEX","nombre":"FMEX","tipo":"integer","fill":"#ec62a0"},{"row":"CAND_IND_1","nombre":"CAND_IND_1","tipo":"integer","fill":"#a0a0a0"},{"row":"CAND_IND_2","nombre":"CAND_IND_2","tipo":"integer","fill":"#a0a0a0"},{"row":"CAND_IND_3","nombre":"CAND_IND_3","tipo":"integer","fill":"#a0a0a0"},{"row":"CAND_IND_4","nombre":"CAND_IND_4","tipo":"integer","fill":"#a0a0a0"},{"row":"votos_can_nreg","nombre":"Votos Can Nrg","tipo":"integer","fill":"#397CB5"},{"row":"votos_nulos","nombre":"Votos Nulos","tipo":"integer","fill":"#397CB5"},{"row":"votos_totales","nombre":"Votos Totales","tipo":"integer","fill":"#397CB5"},{"row":"lista_nominal","nombre":"Lista Nominal","tipo":"integer","fill":"#397CB5"},{"row":"rentabilidad","nombre":"Rentabilidad Votos Validos - MORENA","tipo":"integer","fill":"#397CB5"},{"row":"rentabilidad_posicion","nombre":"Rentabilidad","tipo":"integer","fill":"#397CB5"},{"row":"competividad","nombre":"Competividad Primera Fuerza - Segunda Fuerza","tipo":"integer","fill":"#397CB5"},{"row":"competividad_posicion","nombre":"Competividad","tipo":"integer","fill":"#397CB5"},{"row":"semaforo","nombre":"Sem\u00e1foro","tipo":"string","fill":"#397CB5"},{"row":"ciudadanos_registrados","nombre":"Ciudadanos Registrados","tipo":"integer","fill":"#397CB5"},{"row":"acciones_obras","nombre":"Programas de Inversi\u00f3n","tipo":"integer","fill":"#397CB5"},{"row":"apoyos_programas","nombre":"Programas de Gobierno","tipo":"integer","fill":"#397CB5"},{"row":"funcionarios","nombre":"Funcionarios","tipo":"integer","fill":"#397CB5"},{"row":"militantes","nombre":"Militantes","tipo":"integer","fill":"#397CB5"},{"row":"juntas","nombre":"Juntas","tipo":"integer","fill":"#397CB5"},{"row":"visitas","nombre":"Visitas","tipo":"integer","fill":"#397CB5"},{"row":"caminatas","nombre":"Caminatas","tipo":"integer","fill":"#397CB5"}]