[{"municipio":"COZUMEL","seccion_localidades":"COZUMEL - COZUMEL COUNTRY CLUB - ISLA LA PASION - PUNTA NORTE - RANCHO LOS LAURELES","numero":"182","tipo":"rural","primera_fuerza":"PRI","votos_primera_fuerza":458,"segunda_fuerza":"MORENA","votos_segunda_fuerza":328,"sistema":"PAN","votos_sistema":127,"PAN":127,"PRI":458,"PRD":17,"PVEM":10,"PT":13,"MC":8,"MORENA":328,"MAS":4,"CQROO":6,"PES":12,"RSP":14,"FMEX":9,"CAND_IND_1":0,"CAND_IND_2":22,"CAND_IND_3":0,"CAND_IND_4":0,"votos_can_nreg":"0","votos_nulos":"24","votos_totales":1096,"lista_nominal":"2160","rentabilidad":969,"rentabilidad_posicion":7,"competividad":-331,"competividad_posicion":5,"semaforo":"rojo","ciudadanos_registrados":"220","acciones_obras":"0","apoyos_programas":"108","funcionarios":"0","militantes":"47","juntas":"0","visitas":"0","caminatas":"0"},{"municipio":"COZUMEL","seccion_localidades":"COZUMEL","numero":"183","tipo":"urbano","primera_fuerza":"MORENA","votos_primera_fuerza":450,"segunda_fuerza":"PRI","votos_segunda_fuerza":394,"sistema":"PAN","votos_sistema":66,"PAN":66,"PRI":394,"PRD":6,"PVEM":12,"PT":13,"MC":11,"MORENA":450,"MAS":8,"CQROO":4,"PES":12,"RSP":4,"FMEX":23,"CAND_IND_1":0,"CAND_IND_2":19,"CAND_IND_3":0,"CAND_IND_4":0,"votos_can_nreg":"0","votos_nulos":"28","votos_totales":1083,"lista_nominal":"2159","rentabilidad":1017,"rentabilidad_posicion":8,"competividad":-384,"competividad_posicion":8,"semaforo":"rojo","ciudadanos_registrados":"226","acciones_obras":"0","apoyos_programas":"111","funcionarios":"0","militantes":"34","juntas":"0","visitas":"0","caminatas":"0"},{"municipio":"COZUMEL","seccion_localidades":"COZUMEL","numero":"184","tipo":"urbano","primera_fuerza":"MORENA","votos_primera_fuerza":494,"segunda_fuerza":"PRI","votos_segunda_fuerza":366,"sistema":"PAN","votos_sistema":69,"PAN":69,"PRI":366,"PRD":10,"PVEM":23,"PT":13,"MC":6,"MORENA":494,"MAS":13,"CQROO":2,"PES":24,"RSP":23,"FMEX":11,"CAND_IND_1":0,"CAND_IND_2":11,"CAND_IND_3":0,"CAND_IND_4":0,"votos_can_nreg":"0","votos_nulos":"44","votos_totales":1161,"lista_nominal":"1981","rentabilidad":1092,"rentabilidad_posicion":12,"competividad":-425,"competividad_posicion":13,"semaforo":"rojo","ciudadanos_registrados":"219","acciones_obras":"0","apoyos_programas":"113","funcionarios":"0","militantes":"29","juntas":"0","visitas":"0","caminatas":"0"},{"municipio":"COZUMEL","seccion_localidades":"COZUMEL","numero":"185","tipo":"urbano","primera_fuerza":"MORENA","votos_primera_fuerza":566,"segunda_fuerza":"PRI","votos_segunda_fuerza":502,"sistema":"PAN","votos_sistema":72,"PAN":72,"PRI":502,"PRD":15,"PVEM":20,"PT":19,"MC":9,"MORENA":566,"MAS":15,"CQROO":10,"PES":22,"RSP":9,"FMEX":17,"CAND_IND_1":0,"CAND_IND_2":17,"CAND_IND_3":0,"CAND_IND_4":0,"votos_can_nreg":"0","votos_nulos":"32","votos_totales":1377,"lista_nominal":"2371","rentabilidad":1305,"rentabilidad_posicion":15,"competividad":-494,"competividad_posicion":16,"semaforo":"rojo","ciudadanos_registrados":"233","acciones_obras":"0","apoyos_programas":"107","funcionarios":"0","militantes":"41","juntas":"0","visitas":"0","caminatas":"1"},{"municipio":"COZUMEL","seccion_localidades":"CHAN CAAMAL - COZUMEL - FARO PUNTA MOLAS - SANTA RITA","numero":"186","tipo":"rural","primera_fuerza":"MORENA","votos_primera_fuerza":272,"segunda_fuerza":"PRI","votos_segunda_fuerza":241,"sistema":"PAN","votos_sistema":21,"PAN":21,"PRI":241,"PRD":8,"PVEM":16,"PT":11,"MC":1,"MORENA":272,"MAS":8,"CQROO":5,"PES":6,"RSP":4,"FMEX":7,"CAND_IND_1":0,"CAND_IND_2":9,"CAND_IND_3":0,"CAND_IND_4":0,"votos_can_nreg":"0","votos_nulos":"28","votos_totales":655,"lista_nominal":"972","rentabilidad":634,"rentabilidad_posicion":2,"competividad":-251,"competividad_posicion":2,"semaforo":"rojo","ciudadanos_registrados":"109","acciones_obras":"0","apoyos_programas":"58","funcionarios":"0","militantes":"19","juntas":"0","visitas":"0","caminatas":"0"},{"municipio":"COZUMEL","seccion_localidades":"COZUMEL","numero":"187","tipo":"urbano","primera_fuerza":"MORENA","votos_primera_fuerza":483,"segunda_fuerza":"PRI","votos_segunda_fuerza":370,"sistema":"PAN","votos_sistema":35,"PAN":35,"PRI":370,"PRD":11,"PVEM":16,"PT":23,"MC":8,"MORENA":483,"MAS":14,"CQROO":9,"PES":6,"RSP":12,"FMEX":18,"CAND_IND_1":0,"CAND_IND_2":15,"CAND_IND_3":0,"CAND_IND_4":0,"votos_can_nreg":"1","votos_nulos":"38","votos_totales":1121,"lista_nominal":"1899","rentabilidad":1086,"rentabilidad_posicion":11,"competividad":-448,"competividad_posicion":14,"semaforo":"rojo","ciudadanos_registrados":"213","acciones_obras":"0","apoyos_programas":"86","funcionarios":"0","militantes":"38","juntas":"0","visitas":"0","caminatas":"0"},{"municipio":"COZUMEL","seccion_localidades":"COZUMEL","numero":"188","tipo":"urbano","primera_fuerza":"MORENA","votos_primera_fuerza":519,"segunda_fuerza":"PRI","votos_segunda_fuerza":371,"sistema":"PAN","votos_sistema":39,"PAN":39,"PRI":371,"PRD":10,"PVEM":16,"PT":18,"MC":19,"MORENA":519,"MAS":13,"CQROO":7,"PES":16,"RSP":9,"FMEX":32,"CAND_IND_1":0,"CAND_IND_2":13,"CAND_IND_3":0,"CAND_IND_4":0,"votos_can_nreg":"0","votos_nulos":"37","votos_totales":1180,"lista_nominal":"2048","rentabilidad":1141,"rentabilidad_posicion":13,"competividad":-480,"competividad_posicion":15,"semaforo":"rojo","ciudadanos_registrados":"208","acciones_obras":"0","apoyos_programas":"101","funcionarios":"0","militantes":"50","juntas":"0","visitas":"0","caminatas":"0"},{"municipio":"COZUMEL","seccion_localidades":"COZUMEL","numero":"189","tipo":"urbano","primera_fuerza":"MORENA","votos_primera_fuerza":469,"segunda_fuerza":"PRI","votos_segunda_fuerza":359,"sistema":"PAN","votos_sistema":72,"PAN":72,"PRI":359,"PRD":3,"PVEM":24,"PT":11,"MC":9,"MORENA":469,"MAS":6,"CQROO":4,"PES":19,"RSP":17,"FMEX":22,"CAND_IND_1":0,"CAND_IND_2":17,"CAND_IND_3":0,"CAND_IND_4":0,"votos_can_nreg":"0","votos_nulos":"36","votos_totales":1107,"lista_nominal":"1972","rentabilidad":1035,"rentabilidad_posicion":9,"competividad":-397,"competividad_posicion":9,"semaforo":"rojo","ciudadanos_registrados":"217","acciones_obras":"0","apoyos_programas":"113","funcionarios":"0","militantes":"42","juntas":"0","visitas":"0","caminatas":"0"},{"municipio":"COZUMEL","seccion_localidades":"COZUMEL","numero":"190","tipo":"urbano","primera_fuerza":"MORENA","votos_primera_fuerza":406,"segunda_fuerza":"PRI","votos_segunda_fuerza":355,"sistema":"PAN","votos_sistema":55,"PAN":55,"PRI":355,"PRD":5,"PVEM":19,"PT":8,"MC":4,"MORENA":406,"MAS":11,"CQROO":1,"PES":15,"RSP":11,"FMEX":17,"CAND_IND_1":0,"CAND_IND_2":7,"CAND_IND_3":0,"CAND_IND_4":0,"votos_can_nreg":"0","votos_nulos":"22","votos_totales":980,"lista_nominal":"1744","rentabilidad":925,"rentabilidad_posicion":6,"competividad":-351,"competividad_posicion":6,"semaforo":"rojo","ciudadanos_registrados":"181","acciones_obras":"0","apoyos_programas":"87","funcionarios":"0","militantes":"30","juntas":"0","visitas":"0","caminatas":"0"},{"municipio":"COZUMEL","seccion_localidades":"COZUMEL","numero":"191","tipo":"urbano","primera_fuerza":"PRI","votos_primera_fuerza":253,"segunda_fuerza":"MORENA","votos_segunda_fuerza":198,"sistema":"PAN","votos_sistema":40,"PAN":40,"PRI":253,"PRD":9,"PVEM":9,"PT":8,"MC":5,"MORENA":198,"MAS":0,"CQROO":3,"PES":12,"RSP":15,"FMEX":8,"CAND_IND_1":0,"CAND_IND_2":10,"CAND_IND_3":0,"CAND_IND_4":0,"votos_can_nreg":"2","votos_nulos":"14","votos_totales":608,"lista_nominal":"1154","rentabilidad":568,"rentabilidad_posicion":1,"competividad":-213,"competividad_posicion":1,"semaforo":"rojo","ciudadanos_registrados":"145","acciones_obras":"0","apoyos_programas":"75","funcionarios":"0","militantes":"25","juntas":"0","visitas":"0","caminatas":"0"},{"municipio":"COZUMEL","seccion_localidades":"CANTERA SACTUN CALICA - COZUMEL - XEL-HA","numero":"192","tipo":"rural","primera_fuerza":"PRI","votos_primera_fuerza":311,"segunda_fuerza":"MORENA","votos_segunda_fuerza":307,"sistema":"PAN","votos_sistema":57,"PAN":57,"PRI":311,"PRD":4,"PVEM":11,"PT":19,"MC":2,"MORENA":307,"MAS":4,"CQROO":2,"PES":8,"RSP":8,"FMEX":5,"CAND_IND_1":0,"CAND_IND_2":8,"CAND_IND_3":0,"CAND_IND_4":0,"votos_can_nreg":"1","votos_nulos":"17","votos_totales":798,"lista_nominal":"1671","rentabilidad":741,"rentabilidad_posicion":3,"competividad":-254,"competividad_posicion":3,"semaforo":"rojo","ciudadanos_registrados":"180","acciones_obras":"0","apoyos_programas":"68","funcionarios":"0","militantes":"40","juntas":"0","visitas":"0","caminatas":"0"},{"municipio":"COZUMEL","seccion_localidades":"COZUMEL","numero":"193","tipo":"urbano","primera_fuerza":"MORENA","votos_primera_fuerza":384,"segunda_fuerza":"PRI","votos_segunda_fuerza":344,"sistema":"PAN","votos_sistema":54,"PAN":54,"PRI":344,"PRD":9,"PVEM":14,"PT":10,"MC":6,"MORENA":384,"MAS":7,"CQROO":4,"PES":14,"RSP":11,"FMEX":2,"CAND_IND_1":0,"CAND_IND_2":34,"CAND_IND_3":0,"CAND_IND_4":0,"votos_can_nreg":"2","votos_nulos":"15","votos_totales":943,"lista_nominal":"1715","rentabilidad":889,"rentabilidad_posicion":5,"competividad":-330,"competividad_posicion":4,"semaforo":"rojo","ciudadanos_registrados":"190","acciones_obras":"0","apoyos_programas":"97","funcionarios":"0","militantes":"35","juntas":"0","visitas":"0","caminatas":"0"},{"municipio":"COZUMEL","seccion_localidades":"COZUMEL","numero":"194","tipo":"urbano","primera_fuerza":"MORENA","votos_primera_fuerza":402,"segunda_fuerza":"PRI","votos_segunda_fuerza":284,"sistema":"PAN","votos_sistema":34,"PAN":34,"PRI":284,"PRD":9,"PVEM":14,"PT":19,"MC":4,"MORENA":402,"MAS":8,"CQROO":5,"PES":8,"RSP":12,"FMEX":11,"CAND_IND_1":0,"CAND_IND_2":18,"CAND_IND_3":0,"CAND_IND_4":0,"votos_can_nreg":"0","votos_nulos":"22","votos_totales":882,"lista_nominal":"1616","rentabilidad":848,"rentabilidad_posicion":4,"competividad":-368,"competividad_posicion":7,"semaforo":"rojo","ciudadanos_registrados":"149","acciones_obras":"0","apoyos_programas":"73","funcionarios":"0","militantes":"30","juntas":"0","visitas":"0","caminatas":"0"},{"municipio":"COZUMEL","seccion_localidades":"ABARROTES JESSI - ALFONSO POOT - ALMALUJA KM 8.900 - AMADO PEREZ - AMP FRACC FELIX GONZALEZ CANTO - ANEXO NUEVA LULU - ARTESANIAS EL MEXICANO - ARTESANIAS KUKULKAN - ARTESANIAS LA REYNA IX-CHEL - BOSH BALAM - BUCCHOCH - CANELO - CASA PALOMA NEGRA - CHEN RIO - CHUMUL - COLONIA RANCHITOS (VILLAS COZUMEL) - COLONIA SAN LORENZO - COLONIA TRANSVERSAL - COZUMEL - DOROTEO RAMIREZ JUAREZ - DOS ARBOLITOS - EL BOSQUE - EL PEDREGAL DE SAN MIGUEL - ESPERANZA - FELIPE BETANCOURT - FELIPE CHE - FERNANDO VILLAMOR - FERRINGO - FINCAS - FRATERNIDAD PE\u00d1A BOHEMIA - HACIENDA ANTIGUA - INNOMINADO GABRIEL - JORGE CERVERA - JOSE MAURO MATU - JULIAN XACUR - KARINA - KILOMETRO 10 - KILOMETRO 4 - KILOMETRO 5 - KILOMETRO 6 - KILOMETRO 9 - LA AMISTAD - LA CASA DE LOS ABUELOS - LA ESCONDIDA (REYNALDO) - LA ESPERANZA 1 - LA GUADALUPANA - LA HUERTA (KM. 6.5) - LA ILUSION - LA VICTORIA - LINDA VISTA - LOS 5 CAAMAL - LOS ABUELOS - LOS ARBOLITOS - LOS LAURELES - MAPE - MARIA MAGDALENA - MEZCALITOS - NUESTRA SE\u00d1ORA DE GUADALUPE - PERSEVERANC","numero":"195","tipo":"rural","primera_fuerza":"MORENA","votos_primera_fuerza":3189,"segunda_fuerza":"PRI","votos_segunda_fuerza":2444,"sistema":"PAN","votos_sistema":344,"PAN":344,"PRI":2444,"PRD":48,"PVEM":98,"PT":86,"MC":67,"MORENA":3189,"MAS":58,"CQROO":63,"PES":74,"RSP":107,"FMEX":108,"CAND_IND_1":0,"CAND_IND_2":74,"CAND_IND_3":0,"CAND_IND_4":0,"votos_can_nreg":"7","votos_nulos":"157","votos_totales":7137,"lista_nominal":"13453","rentabilidad":6793,"rentabilidad_posicion":22,"competividad":-2845,"competividad_posicion":22,"semaforo":"rojo","ciudadanos_registrados":"932","acciones_obras":"0","apoyos_programas":"452","funcionarios":"0","militantes":"171","juntas":"1","visitas":"0","caminatas":"0"},{"municipio":"COZUMEL","seccion_localidades":"COZUMEL","numero":"196","tipo":"urbano","primera_fuerza":"MORENA","votos_primera_fuerza":1612,"segunda_fuerza":"PRI","votos_segunda_fuerza":1290,"sistema":"PAN","votos_sistema":204,"PAN":204,"PRI":1290,"PRD":29,"PVEM":71,"PT":49,"MC":29,"MORENA":1612,"MAS":29,"CQROO":16,"PES":43,"RSP":44,"FMEX":52,"CAND_IND_1":0,"CAND_IND_2":60,"CAND_IND_3":0,"CAND_IND_4":0,"votos_can_nreg":"2","votos_nulos":"106","votos_totales":3764,"lista_nominal":"6816","rentabilidad":3560,"rentabilidad_posicion":20,"competividad":-1408,"competividad_posicion":20,"semaforo":"rojo","ciudadanos_registrados":"732","acciones_obras":"0","apoyos_programas":"403","funcionarios":"0","militantes":"158","juntas":"0","visitas":"0","caminatas":"0"},{"municipio":"COZUMEL","seccion_localidades":"COZUMEL","numero":"197","tipo":"urbano","primera_fuerza":"MORENA","votos_primera_fuerza":490,"segunda_fuerza":"PRI","votos_segunda_fuerza":367,"sistema":"PAN","votos_sistema":85,"PAN":85,"PRI":367,"PRD":10,"PVEM":20,"PT":18,"MC":16,"MORENA":490,"MAS":13,"CQROO":3,"PES":14,"RSP":13,"FMEX":8,"CAND_IND_1":0,"CAND_IND_2":30,"CAND_IND_3":0,"CAND_IND_4":0,"votos_can_nreg":"0","votos_nulos":"31","votos_totales":1166,"lista_nominal":"2195","rentabilidad":1081,"rentabilidad_posicion":10,"competividad":-405,"competividad_posicion":10,"semaforo":"rojo","ciudadanos_registrados":"237","acciones_obras":"0","apoyos_programas":"112","funcionarios":"0","militantes":"37","juntas":"0","visitas":"0","caminatas":"0"},{"municipio":"COZUMEL","seccion_localidades":"COZUMEL","numero":"198","tipo":"urbano","primera_fuerza":"MORENA","votos_primera_fuerza":498,"segunda_fuerza":"PRI","votos_segunda_fuerza":456,"sistema":"PAN","votos_sistema":79,"PAN":79,"PRI":456,"PRD":11,"PVEM":25,"PT":22,"MC":9,"MORENA":498,"MAS":17,"CQROO":5,"PES":15,"RSP":12,"FMEX":15,"CAND_IND_1":0,"CAND_IND_2":32,"CAND_IND_3":0,"CAND_IND_4":0,"votos_can_nreg":"0","votos_nulos":"31","votos_totales":1257,"lista_nominal":"2514","rentabilidad":1178,"rentabilidad_posicion":14,"competividad":-419,"competividad_posicion":11,"semaforo":"rojo","ciudadanos_registrados":"247","acciones_obras":"0","apoyos_programas":"112","funcionarios":"0","militantes":"44","juntas":"0","visitas":"0","caminatas":"0"},{"municipio":"COZUMEL","seccion_localidades":"ALEGRO RESORT - BASURERO MUNICIPAL - BUENAVISTA - CALETA - CALETITA - CASA DEL MAR - CASA GORDON - CASA KAKAL PEECH - CASA MONDO PALANCAR - CASA TUNICH - CHANKANAB - CLUB DE PLAYA VILLA BLANCA - COL PUEBLO NUEVO - COND THE LANDMARK - COND VILLAS LAS UVAS - COZUMEL - EL CEDRAL - EL GALEON - EL PALANCAR - EL PALMAR - FIESTAMERICANA - GRAND OCCIDENTAL - HOTEL CLUB DEL SOL - HOTEL PRESIDENTE - IBEROSTAR - LA CEIBA - LAGUNA COLUMBIA - LAS MARIPOSAS - MARITIMA CHANCANAB - MEX CAR RENT - MR. SANCHOS - NACHI COCOM - PARADISE CAFE - PLAYA CORONA - PLAYA MAYA - PLAYA MIA - PLAZA MAYA - PUERTA MAYA - PUNTA CELARAIN - PUNTA CHIQUEROS - PUNTA SUR - RANCHO PALMITAS - RASTAS REGGAE BAR - RESIDENCIAS REFF - RESTAURANTE SAN FRANCISCO - SANTA TERESA - SEA HORSE - SUITES COZUMEL - THE REEF - VILLA DZUL HA - VILLA MAFI - VILLAS IGUANAS RANAS","numero":"199","tipo":"rural","primera_fuerza":"PRI","votos_primera_fuerza":588,"segunda_fuerza":"MORENA","votos_segunda_fuerza":514,"sistema":"PAN","votos_sistema":165,"PAN":165,"PRI":588,"PRD":24,"PVEM":24,"PT":25,"MC":13,"MORENA":514,"MAS":27,"CQROO":6,"PES":22,"RSP":25,"FMEX":12,"CAND_IND_1":0,"CAND_IND_2":37,"CAND_IND_3":0,"CAND_IND_4":0,"votos_can_nreg":"1","votos_nulos":"18","votos_totales":1541,"lista_nominal":"2916","rentabilidad":1376,"rentabilidad_posicion":16,"competividad":-423,"competividad_posicion":12,"semaforo":"rojo","ciudadanos_registrados":"284","acciones_obras":"0","apoyos_programas":"165","funcionarios":"0","militantes":"60","juntas":"0","visitas":"1","caminatas":"0"},{"municipio":"COZUMEL","seccion_localidades":"COZUMEL","numero":"200","tipo":"urbano","primera_fuerza":"MORENA","votos_primera_fuerza":789,"segunda_fuerza":"PRI","votos_segunda_fuerza":644,"sistema":"PAN","votos_sistema":142,"PAN":142,"PRI":644,"PRD":15,"PVEM":24,"PT":32,"MC":18,"MORENA":789,"MAS":11,"CQROO":7,"PES":23,"RSP":24,"FMEX":25,"CAND_IND_1":0,"CAND_IND_2":49,"CAND_IND_3":0,"CAND_IND_4":0,"votos_can_nreg":"4","votos_nulos":"50","votos_totales":1918,"lista_nominal":"3707","rentabilidad":1776,"rentabilidad_posicion":19,"competividad":-647,"competividad_posicion":19,"semaforo":"rojo","ciudadanos_registrados":"390","acciones_obras":"0","apoyos_programas":"206","funcionarios":"0","militantes":"78","juntas":"0","visitas":"0","caminatas":"0"},{"municipio":"COZUMEL","seccion_localidades":"COZUMEL","numero":"201","tipo":"urbano","primera_fuerza":"MORENA","votos_primera_fuerza":698,"segunda_fuerza":"PRI","votos_segunda_fuerza":485,"sistema":"PAN","votos_sistema":67,"PAN":67,"PRI":485,"PRD":8,"PVEM":32,"PT":11,"MC":13,"MORENA":698,"MAS":12,"CQROO":11,"PES":15,"RSP":22,"FMEX":9,"CAND_IND_1":0,"CAND_IND_2":17,"CAND_IND_3":0,"CAND_IND_4":0,"votos_can_nreg":"1","votos_nulos":"57","votos_totales":1541,"lista_nominal":"2340","rentabilidad":1474,"rentabilidad_posicion":18,"competividad":-631,"competividad_posicion":18,"semaforo":"rojo","ciudadanos_registrados":"271","acciones_obras":"0","apoyos_programas":"107","funcionarios":"0","militantes":"44","juntas":"0","visitas":"0","caminatas":"0"},{"municipio":"COZUMEL","seccion_localidades":"COZUMEL","numero":"202","tipo":"urbano","primera_fuerza":"MORENA","votos_primera_fuerza":646,"segunda_fuerza":"PRI","votos_segunda_fuerza":483,"sistema":"PAN","votos_sistema":87,"PAN":87,"PRI":483,"PRD":8,"PVEM":19,"PT":15,"MC":8,"MORENA":646,"MAS":17,"CQROO":12,"PES":15,"RSP":20,"FMEX":17,"CAND_IND_1":0,"CAND_IND_2":22,"CAND_IND_3":0,"CAND_IND_4":0,"votos_can_nreg":"0","votos_nulos":"43","votos_totales":1475,"lista_nominal":"2383","rentabilidad":1388,"rentabilidad_posicion":17,"competividad":-559,"competividad_posicion":17,"semaforo":"rojo","ciudadanos_registrados":"275","acciones_obras":"0","apoyos_programas":"121","funcionarios":"0","militantes":"58","juntas":"0","visitas":"0","caminatas":"0"},{"municipio":"COZUMEL","seccion_localidades":"COZUMEL","numero":"203","tipo":"urbano","primera_fuerza":"MORENA","votos_primera_fuerza":2581,"segunda_fuerza":"PRI","votos_segunda_fuerza":2147,"sistema":"PAN","votos_sistema":327,"PAN":327,"PRI":2147,"PRD":44,"PVEM":85,"PT":83,"MC":67,"MORENA":2581,"MAS":53,"CQROO":42,"PES":75,"RSP":94,"FMEX":68,"CAND_IND_1":0,"CAND_IND_2":91,"CAND_IND_3":0,"CAND_IND_4":0,"votos_can_nreg":"13","votos_nulos":"145","votos_totales":6109,"lista_nominal":"11201","rentabilidad":5782,"rentabilidad_posicion":21,"competividad":-2254,"competividad_posicion":21,"semaforo":"rojo","ciudadanos_registrados":"1181","acciones_obras":"0","apoyos_programas":"592","funcionarios":"0","militantes":"221","juntas":"0","visitas":"0","caminatas":"1"}]