[{"municipio":"ABALA","seccion_localidades":"ABALA","numero":"1","tipo":"urbano","primera_fuerza":"PRI","votos_primera_fuerza":678,"segunda_fuerza":"PAN","votos_segunda_fuerza":585,"sistema":"PVEM","votos_sistema":30,"PAN":585,"PRI":678,"PRD":0,"PVEM":30,"PT":101,"MC":50,"MORENA":119,"PES":0,"RSP":0,"FXM":1,"NA":0,"CAND-IND-1":0,"votos_can_nreg":"0","votos_nulos":"0","votos_totales":1564,"lista_nominal":"1751","rentabilidad":1534,"rentabilidad_posicion":6,"competividad":-648,"competividad_posicion":5,"semaforo":"rojo","ciudadanos_registrados":"118","acciones_obras":"0","apoyos_programas":"59","funcionarios":"0","militantes":"5","juntas":"0","visitas":"0","caminatas":"0"},{"municipio":"ABALA","seccion_localidades":"CACAO","numero":"2","tipo":"rural","primera_fuerza":"PRI","votos_primera_fuerza":67,"segunda_fuerza":"PAN","votos_segunda_fuerza":62,"sistema":"PVEM","votos_sistema":0,"PAN":62,"PRI":67,"PRD":0,"PVEM":0,"PT":6,"MC":0,"MORENA":24,"PES":0,"RSP":0,"FXM":0,"NA":0,"CAND-IND-1":0,"votos_can_nreg":"0","votos_nulos":"0","votos_totales":159,"lista_nominal":"174","rentabilidad":159,"rentabilidad_posicion":1,"competividad":-67,"competividad_posicion":1,"semaforo":"rojo","ciudadanos_registrados":"15","acciones_obras":"0","apoyos_programas":"6","funcionarios":"0","militantes":"2","juntas":"0","visitas":"0","caminatas":"0"},{"municipio":"ABALA","seccion_localidades":"PEBA","numero":"3","tipo":"rural","primera_fuerza":"PRI","votos_primera_fuerza":79,"segunda_fuerza":"PAN","votos_segunda_fuerza":61,"sistema":"PVEM","votos_sistema":8,"PAN":61,"PRI":79,"PRD":0,"PVEM":8,"PT":9,"MC":1,"MORENA":23,"PES":0,"RSP":0,"FXM":0,"NA":3,"CAND-IND-1":0,"votos_can_nreg":"0","votos_nulos":"0","votos_totales":185,"lista_nominal":"202","rentabilidad":177,"rentabilidad_posicion":2,"competividad":-71,"competividad_posicion":2,"semaforo":"rojo","ciudadanos_registrados":"14","acciones_obras":"0","apoyos_programas":"12","funcionarios":"0","militantes":"1","juntas":"0","visitas":"0","caminatas":"0"},{"municipio":"ABALA","seccion_localidades":"RANCHO 3 CENOTES - RANCHO SAN ANTONIO TEBAKAL - SINHUNCHEN - TEMOZON SUR","numero":"4","tipo":"rural","primera_fuerza":"PRI","votos_primera_fuerza":372,"segunda_fuerza":"PAN","votos_segunda_fuerza":254,"sistema":"PVEM","votos_sistema":12,"PAN":254,"PRI":372,"PRD":0,"PVEM":12,"PT":31,"MC":0,"MORENA":42,"PES":0,"RSP":0,"FXM":1,"NA":0,"CAND-IND-1":0,"votos_can_nreg":"0","votos_nulos":"0","votos_totales":712,"lista_nominal":"803","rentabilidad":700,"rentabilidad_posicion":4,"competividad":-360,"competividad_posicion":4,"semaforo":"rojo","ciudadanos_registrados":"48","acciones_obras":"0","apoyos_programas":"21","funcionarios":"0","militantes":"1","juntas":"0","visitas":"0","caminatas":"0"},{"municipio":"ABALA","seccion_localidades":"UAYALCEH DE PEON","numero":"5","tipo":"urbano","primera_fuerza":"PRI","votos_primera_fuerza":712,"segunda_fuerza":"PAN","votos_segunda_fuerza":468,"sistema":"PVEM","votos_sistema":7,"PAN":468,"PRI":712,"PRD":0,"PVEM":7,"PT":22,"MC":3,"MORENA":208,"PES":0,"RSP":0,"FXM":3,"NA":2,"CAND-IND-1":0,"votos_can_nreg":"0","votos_nulos":"0","votos_totales":1425,"lista_nominal":"1746","rentabilidad":1418,"rentabilidad_posicion":5,"competividad":-705,"competividad_posicion":6,"semaforo":"rojo","ciudadanos_registrados":"143","acciones_obras":"0","apoyos_programas":"72","funcionarios":"0","militantes":"7","juntas":"0","visitas":"0","caminatas":"0"},{"municipio":"ABALA","seccion_localidades":"MUKUYCHE","numero":"6","tipo":"rural","primera_fuerza":"PRI","votos_primera_fuerza":187,"segunda_fuerza":"PAN","votos_segunda_fuerza":119,"sistema":"PVEM","votos_sistema":1,"PAN":119,"PRI":187,"PRD":0,"PVEM":1,"PT":25,"MC":3,"MORENA":29,"PES":0,"RSP":0,"FXM":1,"NA":0,"CAND-IND-1":0,"votos_can_nreg":"0","votos_nulos":"0","votos_totales":365,"lista_nominal":"393","rentabilidad":364,"rentabilidad_posicion":3,"competividad":-186,"competividad_posicion":3,"semaforo":"rojo","ciudadanos_registrados":"33","acciones_obras":"0","apoyos_programas":"10","funcionarios":"0","militantes":"1","juntas":"0","visitas":"0","caminatas":"0"}]