{"partidos":{"PAN":{"id":"1","clave":"PAN","nombre_corto":"PAN","nombre":"Partido Acci\u00f3n Nacional","principal":"1","logo":"pan.png","color_border":"06338e","color_background":"06338e","votos_individual":"2241","coaliciones_sin_orden":{"PAN":{"id":"1","clave":"PTD18001","nombre_corto":"PAN","nombre":"Partido Acci\u00f3n Nacional","logo":"pan.png","color_border":"06338e","color_background":"06338e","votos":"2241","principal":"1"},"PRI":{"id":"2","clave":"PTD18002","nombre_corto":"PRI","nombre":"Partido Revolucionario Institucional","logo":"pri.png","color_border":"00923f","color_background":"d23026","votos":"13512"},"PRD":{"id":"3","clave":"PTD18003","nombre_corto":"PRD","nombre":"Partido de la Revoluci\u00f3n Democr\u00e1tica","logo":"prd.png","color_border":"ffcb01","color_background":"ffcb01","votos":"313"},"CQROO":{"id":"9","clave":"PTD18009","nombre_corto":"CQROO","nombre":"Confianza por Quintana Roo","logo":"cqroo.png","color_border":"4a206a","color_background":"31859c","votos":"227"}},"votos_coaliciones":613,"coaliciones_orden_votos_individual":{"PRI":13512,"PAN":2241,"PRD":313,"CQROO":227},"votos_coaliciones_individual":14052,"votos_totales":16906},"PRI":{"id":"2","clave":"PRI","nombre_corto":"PRI","nombre":"Partido Revolucionario Institucional","principal":null,"logo":"pri.png","color_border":"00923f","color_background":"d23026","votos_individual":"13512","coaliciones_sin_orden":{"PAN":{"id":"1","clave":"PTD18001","nombre_corto":"PAN","nombre":"Partido Acci\u00f3n Nacional","logo":"pan.png","color_border":"06338e","color_background":"06338e","votos":"2241","principal":"1"},"PRI":{"id":"2","clave":"PTD18002","nombre_corto":"PRI","nombre":"Partido Revolucionario Institucional","logo":"pri.png","color_border":"00923f","color_background":"d23026","votos":"13512"},"PRD":{"id":"3","clave":"PTD18003","nombre_corto":"PRD","nombre":"Partido de la Revoluci\u00f3n Democr\u00e1tica","logo":"prd.png","color_border":"ffcb01","color_background":"ffcb01","votos":"313"},"CQROO":{"id":"9","clave":"PTD18009","nombre_corto":"CQROO","nombre":"Confianza por Quintana Roo","logo":"cqroo.png","color_border":"4a206a","color_background":"31859c","votos":"227"}},"votos_coaliciones":646,"coaliciones_orden_votos_individual":{"PRI":13512,"PAN":2241,"PRD":313,"CQROO":227},"votos_coaliciones_individual":2781,"votos_totales":16939},"PRD":{"id":"3","clave":"PRD","nombre_corto":"PRD","nombre":"Partido de la Revoluci\u00f3n Democr\u00e1tica","principal":null,"logo":"prd.png","color_border":"ffcb01","color_background":"ffcb01","votos_individual":"313","coaliciones_sin_orden":{"PAN":{"id":"1","clave":"PTD18001","nombre_corto":"PAN","nombre":"Partido Acci\u00f3n Nacional","logo":"pan.png","color_border":"06338e","color_background":"06338e","votos":"2241","principal":"1"},"PRI":{"id":"2","clave":"PTD18002","nombre_corto":"PRI","nombre":"Partido Revolucionario Institucional","logo":"pri.png","color_border":"00923f","color_background":"d23026","votos":"13512"},"PRD":{"id":"3","clave":"PTD18003","nombre_corto":"PRD","nombre":"Partido de la Revoluci\u00f3n Democr\u00e1tica","logo":"prd.png","color_border":"ffcb01","color_background":"ffcb01","votos":"313"},"CQROO":{"id":"9","clave":"PTD18009","nombre_corto":"CQROO","nombre":"Confianza por Quintana Roo","logo":"cqroo.png","color_border":"4a206a","color_background":"31859c","votos":"227"}},"votos_coaliciones":374,"coaliciones_orden_votos_individual":{"PRI":13512,"PAN":2241,"PRD":313,"CQROO":227},"votos_coaliciones_individual":15980,"votos_totales":16667},"PVEM":{"id":"4","clave":"PVEM","nombre_corto":"PVEM","nombre":"Partido Verde Ecologista de M\u00e9xico","principal":null,"logo":"pvem.png","color_border":"50b747","color_background":"50b747","votos_individual":"602","coaliciones_sin_orden":{"PVEM":{"id":"4","clave":"PTD18004","nombre_corto":"PVEM","nombre":"Partido Verde Ecologista de M\u00e9xico","logo":"pvem.png","color_border":"50b747","color_background":"50b747","votos":"602"},"PT":{"id":"5","clave":"PTD18005","nombre_corto":"PT","nombre":"Partido del Trabajo","logo":"pt.png","color_border":"da251d","color_background":"eee500","votos":"526"},"MORENA":{"id":"7","clave":"PTD18007","nombre_corto":"MORENA","nombre":"Movimiento de Regeneraci\u00f3n Nacional","logo":"morena.png","color_border":"b5261e","color_background":"b5261e","votos":"16295"},"MAS":{"id":"8","clave":"PTD18008","nombre_corto":"MAS","nombre":"Movimiento Autentico Social","logo":"mas.png","color_border":"d95943","color_background":"0eb5c6","votos":"348"}},"votos_coaliciones":449,"coaliciones_orden_votos_individual":{"MORENA":16295,"PVEM":602,"PT":526,"MAS":348},"votos_coaliciones_individual":17169,"votos_totales":18220},"PT":{"id":"5","clave":"PT","nombre_corto":"PT","nombre":"Partido del Trabajo","principal":null,"logo":"pt.png","color_border":"da251d","color_background":"eee500","votos_individual":"526","coaliciones_sin_orden":{"PVEM":{"id":"4","clave":"PTD18004","nombre_corto":"PVEM","nombre":"Partido Verde Ecologista de M\u00e9xico","logo":"pvem.png","color_border":"50b747","color_background":"50b747","votos":"602"},"PT":{"id":"5","clave":"PTD18005","nombre_corto":"PT","nombre":"Partido del Trabajo","logo":"pt.png","color_border":"da251d","color_background":"eee500","votos":"526"},"MORENA":{"id":"7","clave":"PTD18007","nombre_corto":"MORENA","nombre":"Movimiento de Regeneraci\u00f3n Nacional","logo":"morena.png","color_border":"b5261e","color_background":"b5261e","votos":"16295"},"MAS":{"id":"8","clave":"PTD18008","nombre_corto":"MAS","nombre":"Movimiento Autentico Social","logo":"mas.png","color_border":"d95943","color_background":"0eb5c6","votos":"348"}},"votos_coaliciones":455,"coaliciones_orden_votos_individual":{"MORENA":16295,"PVEM":602,"PT":526,"MAS":348},"votos_coaliciones_individual":17245,"votos_totales":18226},"MC":{"id":"6","clave":"MC","nombre_corto":"MC","nombre":"Movimiento Ciudadano","principal":null,"logo":"mc.png","color_border":"ff8300","color_background":"ff8300","votos_individual":"332","coaliciones_sin_orden":null,"votos_coaliciones":0,"votos_coaliciones_individual":0,"votos_totales":332},"MORENA":{"id":"7","clave":"MORENA","nombre_corto":"MORENA","nombre":"Movimiento de Regeneraci\u00f3n Nacional","principal":null,"logo":"morena.png","color_border":"b5261e","color_background":"b5261e","votos_individual":"16295","coaliciones_sin_orden":{"PVEM":{"id":"4","clave":"PTD18004","nombre_corto":"PVEM","nombre":"Partido Verde Ecologista de M\u00e9xico","logo":"pvem.png","color_border":"50b747","color_background":"50b747","votos":"602"},"PT":{"id":"5","clave":"PTD18005","nombre_corto":"PT","nombre":"Partido del Trabajo","logo":"pt.png","color_border":"da251d","color_background":"eee500","votos":"526"},"MORENA":{"id":"7","clave":"PTD18007","nombre_corto":"MORENA","nombre":"Movimiento de Regeneraci\u00f3n Nacional","logo":"morena.png","color_border":"b5261e","color_background":"b5261e","votos":"16295"},"MAS":{"id":"8","clave":"PTD18008","nombre_corto":"MAS","nombre":"Movimiento Autentico Social","logo":"mas.png","color_border":"d95943","color_background":"0eb5c6","votos":"348"}},"votos_coaliciones":678,"coaliciones_orden_votos_individual":{"MORENA":16295,"PVEM":602,"PT":526,"MAS":348},"votos_coaliciones_individual":1476,"votos_totales":18449},"MAS":{"id":"8","clave":"MAS","nombre_corto":"MAS","nombre":"Movimiento Autentico Social","principal":null,"logo":"mas.png","color_border":"d95943","color_background":"0eb5c6","votos_individual":"348","coaliciones_sin_orden":{"PVEM":{"id":"4","clave":"PTD18004","nombre_corto":"PVEM","nombre":"Partido Verde Ecologista de M\u00e9xico","logo":"pvem.png","color_border":"50b747","color_background":"50b747","votos":"602"},"PT":{"id":"5","clave":"PTD18005","nombre_corto":"PT","nombre":"Partido del Trabajo","logo":"pt.png","color_border":"da251d","color_background":"eee500","votos":"526"},"MORENA":{"id":"7","clave":"PTD18007","nombre_corto":"MORENA","nombre":"Movimiento de Regeneraci\u00f3n Nacional","logo":"morena.png","color_border":"b5261e","color_background":"b5261e","votos":"16295"},"MAS":{"id":"8","clave":"PTD18008","nombre_corto":"MAS","nombre":"Movimiento Autentico Social","logo":"mas.png","color_border":"d95943","color_background":"0eb5c6","votos":"348"}},"votos_coaliciones":269,"coaliciones_orden_votos_individual":{"MORENA":16295,"PVEM":602,"PT":526,"MAS":348},"votos_coaliciones_individual":17423,"votos_totales":18040},"CQROO":{"id":"9","clave":"CQROO","nombre_corto":"CQROO","nombre":"Confianza por Quintana Roo","principal":null,"logo":"cqroo.png","color_border":"4a206a","color_background":"31859c","votos_individual":"227","coaliciones_sin_orden":{"PAN":{"id":"1","clave":"PTD18001","nombre_corto":"PAN","nombre":"Partido Acci\u00f3n Nacional","logo":"pan.png","color_border":"06338e","color_background":"06338e","votos":"2241","principal":"1"},"PRI":{"id":"2","clave":"PTD18002","nombre_corto":"PRI","nombre":"Partido Revolucionario Institucional","logo":"pri.png","color_border":"00923f","color_background":"d23026","votos":"13512"},"PRD":{"id":"3","clave":"PTD18003","nombre_corto":"PRD","nombre":"Partido de la Revoluci\u00f3n Democr\u00e1tica","logo":"prd.png","color_border":"ffcb01","color_background":"ffcb01","votos":"313"},"CQROO":{"id":"9","clave":"PTD18009","nombre_corto":"CQROO","nombre":"Confianza por Quintana Roo","logo":"cqroo.png","color_border":"4a206a","color_background":"31859c","votos":"227"}},"votos_coaliciones":98,"coaliciones_orden_votos_individual":{"PRI":13512,"PAN":2241,"PRD":313,"CQROO":227},"votos_coaliciones_individual":16066,"votos_totales":16391},"PES":{"id":"10","clave":"PES","nombre_corto":"PES","nombre":"Partido Encuentro Social","principal":null,"logo":"pes.png","color_border":"5a2a7c","color_background":"5a2a7c","votos_individual":"470","coaliciones_sin_orden":null,"votos_coaliciones":0,"votos_coaliciones_individual":0,"votos_totales":470},"RSP":{"id":"11","clave":"RSP","nombre_corto":"RSP","nombre":"Redes Sociales Progresistas","principal":null,"logo":"rsp.png","color_border":"2e3233","color_background":"c82039","votos_individual":"510","coaliciones_sin_orden":null,"votos_coaliciones":0,"votos_coaliciones_individual":0,"votos_totales":510},"FMEX":{"id":"12","clave":"FMEX","nombre_corto":"FMEX","nombre":"Fuerza por M\u00e9xico","principal":null,"logo":"fmex.png","color_border":"ec62a0","color_background":"ec62a0","votos_individual":"496","coaliciones_sin_orden":null,"votos_coaliciones":0,"votos_coaliciones_individual":0,"votos_totales":496},"CAND_IND_1":{"id":"13","clave":"CAND_IND_1","nombre_corto":"CAND_IND_1","nombre":"Candidatos Independientes","principal":null,"logo":"ci.png","color_border":"a0a0a0","color_background":"a0a0a0","votos_individual":"0","coaliciones_sin_orden":null,"votos_coaliciones":0,"votos_coaliciones_individual":0,"votos_totales":0},"CAND_IND_2":{"id":"14","clave":"CAND_IND_2","nombre_corto":"CAND_IND_2","nombre":"Candidatos Independientes","principal":null,"logo":"ci.png","color_border":"a0a0a0","color_background":"a0a0a0","votos_individual":"612","coaliciones_sin_orden":null,"votos_coaliciones":0,"votos_coaliciones_individual":0,"votos_totales":612},"CAND_IND_3":{"id":"15","clave":"CAND_IND_3","nombre_corto":"CAND_IND_3","nombre":"Candidatos Independientes","principal":null,"logo":"ci.png","color_border":"a0a0a0","color_background":"a0a0a0","votos_individual":"0","coaliciones_sin_orden":null,"votos_coaliciones":0,"votos_coaliciones_individual":0,"votos_totales":0},"CAND_IND_4":{"id":"16","clave":"CAND_IND_4","nombre_corto":"CAND_IND_4","nombre":"Candidatos Independientes","principal":null,"logo":"ci.png","color_border":"a0a0a0","color_background":"a0a0a0","votos_individual":"0","coaliciones_sin_orden":null,"votos_coaliciones":0,"votos_coaliciones_individual":0,"votos_totales":0}},"orden_votos_individual":{"partidos":{"MORENA":16295,"PRI":13512,"PAN":2241,"CAND_IND_2":612,"PVEM":602,"PT":526,"RSP":510,"FMEX":496,"PES":470,"MAS":348,"MC":332,"PRD":313,"CQROO":227,"CAND_IND_1":0,"CAND_IND_3":0,"CAND_IND_4":0},"graficas":{"partidos":["MORENA","PRI","PAN","CAND_IND_2","PVEM","PT","RSP","FMEX","PES","MAS","MC","PRD","CQROO","CAND_IND_1","CAND_IND_3","CAND_IND_4"],"votos":[16295,13512,2241,612,602,526,510,496,470,348,332,313,227,0,0,0],"background":["#b5261e","#d23026","#06338e","#a0a0a0","#50b747","#eee500","#c82039","#ec62a0","#5a2a7c","#0eb5c6","#ff8300","#ffcb01","#31859c","#a0a0a0","#a0a0a0","#a0a0a0"]},"primera_fuerza":"MORENA","segunda_fuerza":"PRI","sistema":"PAN","diferencia_votos_fuerzas":2783,"diferencia_votos_sistema":16295},"orden_votos_totales":{"partidos":{"MORENA":18449,"PT":18226,"PVEM":18220,"MAS":18040,"PRI":16939,"PAN":16906,"PRD":16667,"CQROO":16391,"CAND_IND_2":612,"RSP":510,"FMEX":496,"PES":470,"MC":332,"CAND_IND_1":0,"CAND_IND_3":0,"CAND_IND_4":0},"graficas":{"partidos":["MORENA","PT","PVEM","MAS","PRI","PAN","PRD","CQROO","CAND_IND_2","RSP","FMEX","PES","MC","CAND_IND_1","CAND_IND_3","CAND_IND_4"],"votos":[18449,18226,18220,18040,16939,16906,16667,16391,612,510,496,470,332,0,0,0],"background":["#b5261e","#eee500","#50b747","#0eb5c6","#d23026","#06338e","#ffcb01","#31859c","#a0a0a0","#c82039","#ec62a0","#5a2a7c","#ff8300","#a0a0a0","#a0a0a0","#a0a0a0"]},"primera_fuerza":"MORENA","segunda_fuerza":"PRI","sistema":"PAN","diferencia_votos_fuerzas":1510,"diferencia_votos_sistema":18449},"orden_votos_individual_menor_mayor":{"partidos":{"CAND_IND_1":0,"CAND_IND_3":0,"CAND_IND_4":0,"CQROO":227,"PRD":313,"MC":332,"MAS":348,"PES":470,"FMEX":496,"RSP":510,"PT":526,"PVEM":602,"CAND_IND_2":612,"PAN":2241,"PRI":13512,"MORENA":16295},"graficas":{"partidos":["CAND_IND_1","CAND_IND_3","CAND_IND_4","CQROO","PRD","MC","MAS","PES","FMEX","RSP","PT","PVEM","CAND_IND_2","PAN","PRI","MORENA"],"votos":[0,0,0,227,313,332,348,470,496,510,526,602,612,2241,13512,16295],"background":["#a0a0a0","#a0a0a0","#a0a0a0","#31859c","#ffcb01","#ff8300","#0eb5c6","#5a2a7c","#ec62a0","#c82039","#eee500","#50b747","#a0a0a0","#06338e","#d23026","#b5261e"]}},"orden_votos_totales_menor_mayor":{"partidos":{"CAND_IND_1":0,"CAND_IND_3":0,"CAND_IND_4":0,"MC":332,"PES":470,"FMEX":496,"RSP":510,"CAND_IND_2":612,"CQROO":16391,"PRD":16667,"PAN":16906,"PRI":16939,"MAS":18040,"PVEM":18220,"PT":18226,"MORENA":18449},"graficas":{"partidos":["CAND_IND_1","CAND_IND_3","CAND_IND_4","MC","PES","FMEX","RSP","CAND_IND_2","CQROO","PRD","PAN","PRI","MAS","PVEM","PT","MORENA"],"votos":[0,0,0,332,470,496,510,612,16391,16667,16906,16939,18040,18220,18226,18449],"background":["#a0a0a0","#a0a0a0","#a0a0a0","#ff8300","#5a2a7c","#ec62a0","#c82039","#a0a0a0","#31859c","#ffcb01","#06338e","#d23026","#0eb5c6","#50b747","#eee500","#b5261e"]}}}