{"partidos":{"PAN":{"id":"1","clave":"PAN","nombre_corto":"PAN","nombre":"Partido Acci\u00f3n Nacional","principal":null,"logo":"pan.png","color_border":"06338e","color_background":"06338e","votos_individual":"17836","coaliciones_sin_orden":{"PAN":{"id":"1","clave":"PTD18001","nombre_corto":"PAN","nombre":"Partido Acci\u00f3n Nacional","logo":"pan.png","color_border":"06338e","color_background":"06338e","votos":"17836"},"PRI":{"id":"2","clave":"PTD18002","nombre_corto":"PRI","nombre":"Partido Revolucionario Institucional","logo":"pri.png","color_border":"00923f","color_background":"d23026","votos":"4610"},"PRD":{"id":"3","clave":"PTD18003","nombre_corto":"PRD","nombre":"Partido de la Revoluci\u00f3n Democr\u00e1tica","logo":"prd.png","color_border":"ffcb01","color_background":"ffcb01","votos":"1437"},"CQROO":{"id":"9","clave":"PTD18009","nombre_corto":"CQROO","nombre":"Confianza por Quintana Roo","logo":"cqroo.png","color_border":"4a206a","color_background":"31859c","votos":"1245"}},"votos_coaliciones":1190,"coaliciones_orden_votos_individual":{"PAN":17836,"PRI":4610,"PRD":1437,"CQROO":1245},"votos_coaliciones_individual":7292,"votos_totales":26318},"PRI":{"id":"2","clave":"PRI","nombre_corto":"PRI","nombre":"Partido Revolucionario Institucional","principal":null,"logo":"pri.png","color_border":"00923f","color_background":"d23026","votos_individual":"4610","coaliciones_sin_orden":{"PAN":{"id":"1","clave":"PTD18001","nombre_corto":"PAN","nombre":"Partido Acci\u00f3n Nacional","logo":"pan.png","color_border":"06338e","color_background":"06338e","votos":"17836"},"PRI":{"id":"2","clave":"PTD18002","nombre_corto":"PRI","nombre":"Partido Revolucionario Institucional","logo":"pri.png","color_border":"00923f","color_background":"d23026","votos":"4610"},"PRD":{"id":"3","clave":"PTD18003","nombre_corto":"PRD","nombre":"Partido de la Revoluci\u00f3n Democr\u00e1tica","logo":"prd.png","color_border":"ffcb01","color_background":"ffcb01","votos":"1437"},"CQROO":{"id":"9","clave":"PTD18009","nombre_corto":"CQROO","nombre":"Confianza por Quintana Roo","logo":"cqroo.png","color_border":"4a206a","color_background":"31859c","votos":"1245"}},"votos_coaliciones":1087,"coaliciones_orden_votos_individual":{"PAN":17836,"PRI":4610,"PRD":1437,"CQROO":1245},"votos_coaliciones_individual":20518,"votos_totales":26215},"PRD":{"id":"3","clave":"PRD","nombre_corto":"PRD","nombre":"Partido de la Revoluci\u00f3n Democr\u00e1tica","principal":null,"logo":"prd.png","color_border":"ffcb01","color_background":"ffcb01","votos_individual":"1437","coaliciones_sin_orden":{"PAN":{"id":"1","clave":"PTD18001","nombre_corto":"PAN","nombre":"Partido Acci\u00f3n Nacional","logo":"pan.png","color_border":"06338e","color_background":"06338e","votos":"17836"},"PRI":{"id":"2","clave":"PTD18002","nombre_corto":"PRI","nombre":"Partido Revolucionario Institucional","logo":"pri.png","color_border":"00923f","color_background":"d23026","votos":"4610"},"PRD":{"id":"3","clave":"PTD18003","nombre_corto":"PRD","nombre":"Partido de la Revoluci\u00f3n Democr\u00e1tica","logo":"prd.png","color_border":"ffcb01","color_background":"ffcb01","votos":"1437"},"CQROO":{"id":"9","clave":"PTD18009","nombre_corto":"CQROO","nombre":"Confianza por Quintana Roo","logo":"cqroo.png","color_border":"4a206a","color_background":"31859c","votos":"1245"}},"votos_coaliciones":927,"coaliciones_orden_votos_individual":{"PAN":17836,"PRI":4610,"PRD":1437,"CQROO":1245},"votos_coaliciones_individual":23691,"votos_totales":26055},"PVEM":{"id":"4","clave":"PVEM","nombre_corto":"PVEM","nombre":"Partido Verde Ecologista de M\u00e9xico","principal":null,"logo":"pvem.png","color_border":"50b747","color_background":"50b747","votos_individual":"1629","coaliciones_sin_orden":{"PVEM":{"id":"4","clave":"PTD18004","nombre_corto":"PVEM","nombre":"Partido Verde Ecologista de M\u00e9xico","logo":"pvem.png","color_border":"50b747","color_background":"50b747","votos":"1629"},"PT":{"id":"5","clave":"PTD18005","nombre_corto":"PT","nombre":"Partido del Trabajo","logo":"pt.png","color_border":"da251d","color_background":"eee500","votos":"1738"},"MORENA":{"id":"7","clave":"PTD18007","nombre_corto":"MORENA","nombre":"Movimiento de Regeneraci\u00f3n Nacional","logo":"morena.png","color_border":"b5261e","color_background":"b5261e","votos":"18120","principal":"1"},"MAS":{"id":"8","clave":"PTD18008","nombre_corto":"MAS","nombre":"Movimiento Autentico Social","logo":"mas.png","color_border":"d95943","color_background":"0eb5c6","votos":"627"}},"votos_coaliciones":417,"coaliciones_orden_votos_individual":{"MORENA":18120,"PT":1738,"PVEM":1629,"MAS":627},"votos_coaliciones_individual":20485,"votos_totales":22531},"PT":{"id":"5","clave":"PT","nombre_corto":"PT","nombre":"Partido del Trabajo","principal":null,"logo":"pt.png","color_border":"da251d","color_background":"eee500","votos_individual":"1738","coaliciones_sin_orden":{"PVEM":{"id":"4","clave":"PTD18004","nombre_corto":"PVEM","nombre":"Partido Verde Ecologista de M\u00e9xico","logo":"pvem.png","color_border":"50b747","color_background":"50b747","votos":"1629"},"PT":{"id":"5","clave":"PTD18005","nombre_corto":"PT","nombre":"Partido del Trabajo","logo":"pt.png","color_border":"da251d","color_background":"eee500","votos":"1738"},"MORENA":{"id":"7","clave":"PTD18007","nombre_corto":"MORENA","nombre":"Movimiento de Regeneraci\u00f3n Nacional","logo":"morena.png","color_border":"b5261e","color_background":"b5261e","votos":"18120","principal":"1"},"MAS":{"id":"8","clave":"PTD18008","nombre_corto":"MAS","nombre":"Movimiento Autentico Social","logo":"mas.png","color_border":"d95943","color_background":"0eb5c6","votos":"627"}},"votos_coaliciones":488,"coaliciones_orden_votos_individual":{"MORENA":18120,"PT":1738,"PVEM":1629,"MAS":627},"votos_coaliciones_individual":20376,"votos_totales":22602},"MC":{"id":"6","clave":"MC","nombre_corto":"MC","nombre":"Movimiento Ciudadano","principal":null,"logo":"mc.png","color_border":"ff8300","color_background":"ff8300","votos_individual":"8163","coaliciones_sin_orden":null,"votos_coaliciones":0,"votos_coaliciones_individual":0,"votos_totales":8163},"MORENA":{"id":"7","clave":"MORENA","nombre_corto":"MORENA","nombre":"Movimiento de Regeneraci\u00f3n Nacional","principal":"1","logo":"morena.png","color_border":"b5261e","color_background":"b5261e","votos_individual":"18120","coaliciones_sin_orden":{"PVEM":{"id":"4","clave":"PTD18004","nombre_corto":"PVEM","nombre":"Partido Verde Ecologista de M\u00e9xico","logo":"pvem.png","color_border":"50b747","color_background":"50b747","votos":"1629"},"PT":{"id":"5","clave":"PTD18005","nombre_corto":"PT","nombre":"Partido del Trabajo","logo":"pt.png","color_border":"da251d","color_background":"eee500","votos":"1738"},"MORENA":{"id":"7","clave":"PTD18007","nombre_corto":"MORENA","nombre":"Movimiento de Regeneraci\u00f3n Nacional","logo":"morena.png","color_border":"b5261e","color_background":"b5261e","votos":"18120","principal":"1"},"MAS":{"id":"8","clave":"PTD18008","nombre_corto":"MAS","nombre":"Movimiento Autentico Social","logo":"mas.png","color_border":"d95943","color_background":"0eb5c6","votos":"627"}},"votos_coaliciones":743,"coaliciones_orden_votos_individual":{"MORENA":18120,"PT":1738,"PVEM":1629,"MAS":627},"votos_coaliciones_individual":3994,"votos_totales":22857},"MAS":{"id":"8","clave":"MAS","nombre_corto":"MAS","nombre":"Movimiento Autentico Social","principal":null,"logo":"mas.png","color_border":"d95943","color_background":"0eb5c6","votos_individual":"627","coaliciones_sin_orden":{"PVEM":{"id":"4","clave":"PTD18004","nombre_corto":"PVEM","nombre":"Partido Verde Ecologista de M\u00e9xico","logo":"pvem.png","color_border":"50b747","color_background":"50b747","votos":"1629"},"PT":{"id":"5","clave":"PTD18005","nombre_corto":"PT","nombre":"Partido del Trabajo","logo":"pt.png","color_border":"da251d","color_background":"eee500","votos":"1738"},"MORENA":{"id":"7","clave":"PTD18007","nombre_corto":"MORENA","nombre":"Movimiento de Regeneraci\u00f3n Nacional","logo":"morena.png","color_border":"b5261e","color_background":"b5261e","votos":"18120","principal":"1"},"MAS":{"id":"8","clave":"PTD18008","nombre_corto":"MAS","nombre":"Movimiento Autentico Social","logo":"mas.png","color_border":"d95943","color_background":"0eb5c6","votos":"627"}},"votos_coaliciones":248,"coaliciones_orden_votos_individual":{"MORENA":18120,"PT":1738,"PVEM":1629,"MAS":627},"votos_coaliciones_individual":21487,"votos_totales":22362},"CQROO":{"id":"9","clave":"CQROO","nombre_corto":"CQROO","nombre":"Confianza por Quintana Roo","principal":null,"logo":"cqroo.png","color_border":"4a206a","color_background":"31859c","votos_individual":"1245","coaliciones_sin_orden":{"PAN":{"id":"1","clave":"PTD18001","nombre_corto":"PAN","nombre":"Partido Acci\u00f3n Nacional","logo":"pan.png","color_border":"06338e","color_background":"06338e","votos":"17836"},"PRI":{"id":"2","clave":"PTD18002","nombre_corto":"PRI","nombre":"Partido Revolucionario Institucional","logo":"pri.png","color_border":"00923f","color_background":"d23026","votos":"4610"},"PRD":{"id":"3","clave":"PTD18003","nombre_corto":"PRD","nombre":"Partido de la Revoluci\u00f3n Democr\u00e1tica","logo":"prd.png","color_border":"ffcb01","color_background":"ffcb01","votos":"1437"},"CQROO":{"id":"9","clave":"PTD18009","nombre_corto":"CQROO","nombre":"Confianza por Quintana Roo","logo":"cqroo.png","color_border":"4a206a","color_background":"31859c","votos":"1245"}},"votos_coaliciones":420,"coaliciones_orden_votos_individual":{"PAN":17836,"PRI":4610,"PRD":1437,"CQROO":1245},"votos_coaliciones_individual":23883,"votos_totales":25548},"PES":{"id":"10","clave":"PES","nombre_corto":"PES","nombre":"Partido Encuentro Social","principal":null,"logo":"pes.png","color_border":"5a2a7c","color_background":"5a2a7c","votos_individual":"1159","coaliciones_sin_orden":null,"votos_coaliciones":0,"votos_coaliciones_individual":0,"votos_totales":1159},"RSP":{"id":"11","clave":"RSP","nombre_corto":"RSP","nombre":"Redes Sociales Progresistas","principal":null,"logo":"rsp.png","color_border":"2e3233","color_background":"c82039","votos_individual":"1619","coaliciones_sin_orden":null,"votos_coaliciones":0,"votos_coaliciones_individual":0,"votos_totales":1619},"FMEX":{"id":"12","clave":"FMEX","nombre_corto":"FMEX","nombre":"Fuerza por M\u00e9xico","principal":null,"logo":"fmex.png","color_border":"ec62a0","color_background":"ec62a0","votos_individual":"12481","coaliciones_sin_orden":null,"votos_coaliciones":0,"votos_coaliciones_individual":0,"votos_totales":12481},"CAND_IND_1":{"id":"13","clave":"CAND_IND_1","nombre_corto":"CAND_IND_1","nombre":"Candidatos Independientes","principal":null,"logo":"ci.png","color_border":"a0a0a0","color_background":"a0a0a0","votos_individual":"0","coaliciones_sin_orden":null,"votos_coaliciones":0,"votos_coaliciones_individual":0,"votos_totales":0},"CAND_IND_2":{"id":"14","clave":"CAND_IND_2","nombre_corto":"CAND_IND_2","nombre":"Candidatos Independientes","principal":null,"logo":"ci.png","color_border":"a0a0a0","color_background":"a0a0a0","votos_individual":"0","coaliciones_sin_orden":null,"votos_coaliciones":0,"votos_coaliciones_individual":0,"votos_totales":0},"CAND_IND_3":{"id":"15","clave":"CAND_IND_3","nombre_corto":"CAND_IND_3","nombre":"Candidatos Independientes","principal":null,"logo":"ci.png","color_border":"a0a0a0","color_background":"a0a0a0","votos_individual":"0","coaliciones_sin_orden":null,"votos_coaliciones":0,"votos_coaliciones_individual":0,"votos_totales":0},"CAND_IND_4":{"id":"16","clave":"CAND_IND_4","nombre_corto":"CAND_IND_4","nombre":"Candidatos Independientes","principal":null,"logo":"ci.png","color_border":"a0a0a0","color_background":"a0a0a0","votos_individual":"4290","coaliciones_sin_orden":null,"votos_coaliciones":0,"votos_coaliciones_individual":0,"votos_totales":4290}},"orden_votos_individual":{"partidos":{"MORENA":18120,"PAN":17836,"FMEX":12481,"MC":8163,"PRI":4610,"CAND_IND_4":4290,"PT":1738,"PVEM":1629,"RSP":1619,"PRD":1437,"CQROO":1245,"PES":1159,"MAS":627,"CAND_IND_1":0,"CAND_IND_2":0,"CAND_IND_3":0},"graficas":{"partidos":["MORENA","PAN","FMEX","MC","PRI","CAND_IND_4","PT","PVEM","RSP","PRD","CQROO","PES","MAS","CAND_IND_1","CAND_IND_2","CAND_IND_3"],"votos":[18120,17836,12481,8163,4610,4290,1738,1629,1619,1437,1245,1159,627,0,0,0],"background":["#b5261e","#06338e","#ec62a0","#ff8300","#d23026","#a0a0a0","#eee500","#50b747","#c82039","#ffcb01","#31859c","#5a2a7c","#0eb5c6","#a0a0a0","#a0a0a0","#a0a0a0"]},"primera_fuerza":"MORENA","segunda_fuerza":"PAN","diferencia_votos_fuerzas":284,"diferencia_votos_sistema":18120},"orden_votos_totales":{"partidos":{"PAN":26318,"PRI":26215,"PRD":26055,"CQROO":25548,"MORENA":22857,"PT":22602,"PVEM":22531,"MAS":22362,"FMEX":12481,"MC":8163,"CAND_IND_4":4290,"RSP":1619,"PES":1159,"CAND_IND_1":0,"CAND_IND_2":0,"CAND_IND_3":0},"graficas":{"partidos":["PAN","PRI","PRD","CQROO","MORENA","PT","PVEM","MAS","FMEX","MC","CAND_IND_4","RSP","PES","CAND_IND_1","CAND_IND_2","CAND_IND_3"],"votos":[26318,26215,26055,25548,22857,22602,22531,22362,12481,8163,4290,1619,1159,0,0,0],"background":["#06338e","#d23026","#ffcb01","#31859c","#b5261e","#eee500","#50b747","#0eb5c6","#ec62a0","#ff8300","#a0a0a0","#c82039","#5a2a7c","#a0a0a0","#a0a0a0","#a0a0a0"]},"primera_fuerza":"PAN","segunda_fuerza":"MORENA","diferencia_votos_fuerzas":3461,"diferencia_votos_sistema":26318},"orden_votos_individual_menor_mayor":{"partidos":{"CAND_IND_1":0,"CAND_IND_2":0,"CAND_IND_3":0,"MAS":627,"PES":1159,"CQROO":1245,"PRD":1437,"RSP":1619,"PVEM":1629,"PT":1738,"CAND_IND_4":4290,"PRI":4610,"MC":8163,"FMEX":12481,"PAN":17836,"MORENA":18120},"graficas":{"partidos":["CAND_IND_1","CAND_IND_2","CAND_IND_3","MAS","PES","CQROO","PRD","RSP","PVEM","PT","CAND_IND_4","PRI","MC","FMEX","PAN","MORENA"],"votos":[0,0,0,627,1159,1245,1437,1619,1629,1738,4290,4610,8163,12481,17836,18120],"background":["#a0a0a0","#a0a0a0","#a0a0a0","#0eb5c6","#5a2a7c","#31859c","#ffcb01","#c82039","#50b747","#eee500","#a0a0a0","#d23026","#ff8300","#ec62a0","#06338e","#b5261e"]}},"orden_votos_totales_menor_mayor":{"partidos":{"CAND_IND_1":0,"CAND_IND_2":0,"CAND_IND_3":0,"PES":1159,"RSP":1619,"CAND_IND_4":4290,"MC":8163,"FMEX":12481,"MAS":22362,"PVEM":22531,"PT":22602,"MORENA":22857,"CQROO":25548,"PRD":26055,"PRI":26215,"PAN":26318},"graficas":{"partidos":["CAND_IND_1","CAND_IND_2","CAND_IND_3","PES","RSP","CAND_IND_4","MC","FMEX","MAS","PVEM","PT","MORENA","CQROO","PRD","PRI","PAN"],"votos":[0,0,0,1159,1619,4290,8163,12481,22362,22531,22602,22857,25548,26055,26215,26318],"background":["#a0a0a0","#a0a0a0","#a0a0a0","#5a2a7c","#c82039","#a0a0a0","#ff8300","#ec62a0","#0eb5c6","#50b747","#eee500","#b5261e","#31859c","#ffcb01","#d23026","#06338e"]}}}