{"partidos":{"PAN":{"id":"1","clave":"PAN","nombre_corto":"PAN","nombre":"Partido Acci\u00f3n Nacional","principal":null,"logo":"pan.png","color_border":"06338e","color_background":"06338e","votos_individual":"11494","coaliciones_sin_orden":{"PAN":{"id":"1","clave":"PTD21001","nombre_corto":"PAN","nombre":"Partido Acci\u00f3n Nacional","logo":"pan.png","color_border":"06338e","color_background":"06338e","votos":"11494"},"PRD":{"id":"3","clave":"PTD21003","nombre_corto":"PRD","nombre":"Partido de la Revoluci\u00f3n Democr\u00e1tica","logo":"prd.png","color_border":"ffcb01","color_background":"ffcb01","votos":"582"},"CXQROO":{"id":"9","clave":"PTD21009","nombre_corto":"CXQROO","nombre":"Confianza por Quintana Roo","logo":"cxqroo.png","color_border":"31859c","color_background":"4a206a","votos":"1200"}},"votos_coaliciones":491,"coaliciones_orden_votos_individual":{"PAN":11494,"CXQROO":1200,"PRD":582},"votos_coaliciones_individual":1782,"votos_totales":13767},"PRI":{"id":"2","clave":"PRI","nombre_corto":"PRI","nombre":"Partido Revolucionario Institucional","principal":null,"logo":"pri.png","color_border":"d23026","color_background":"00923f","votos_individual":"1242","coaliciones_sin_orden":null,"votos_coaliciones":0,"votos_coaliciones_individual":0,"votos_totales":1242},"PRD":{"id":"3","clave":"PRD","nombre_corto":"PRD","nombre":"Partido de la Revoluci\u00f3n Democr\u00e1tica","principal":null,"logo":"prd.png","color_border":"ffcb01","color_background":"ffcb01","votos_individual":"582","coaliciones_sin_orden":{"PAN":{"id":"1","clave":"PTD21001","nombre_corto":"PAN","nombre":"Partido Acci\u00f3n Nacional","logo":"pan.png","color_border":"06338e","color_background":"06338e","votos":"11494"},"PRD":{"id":"3","clave":"PTD21003","nombre_corto":"PRD","nombre":"Partido de la Revoluci\u00f3n Democr\u00e1tica","logo":"prd.png","color_border":"ffcb01","color_background":"ffcb01","votos":"582"},"CXQROO":{"id":"9","clave":"PTD21009","nombre_corto":"CXQROO","nombre":"Confianza por Quintana Roo","logo":"cxqroo.png","color_border":"31859c","color_background":"4a206a","votos":"1200"}},"votos_coaliciones":409,"coaliciones_orden_votos_individual":{"PAN":11494,"CXQROO":1200,"PRD":582},"votos_coaliciones_individual":12694,"votos_totales":13685},"PVEM":{"id":"4","clave":"PVEM","nombre_corto":"PVEM","nombre":"Partido Verde Ecologista de M\u00e9xico","principal":null,"logo":"pvem.png","color_border":"50b747","color_background":"50b747","votos_individual":"13290","coaliciones_sin_orden":{"PVEM":{"id":"4","clave":"PTD21004","nombre_corto":"PVEM","nombre":"Partido Verde Ecologista de M\u00e9xico","logo":"pvem.png","color_border":"50b747","color_background":"50b747","votos":"13290"},"PT":{"id":"5","clave":"PTD21005","nombre_corto":"PT","nombre":"Partido del Trabajo","logo":"pt.png","color_border":"eee500","color_background":"da251d","votos":"1482"},"MORENA":{"id":"7","clave":"PTD21007","nombre_corto":"MORENA","nombre":"Movimiento de Regeneraci\u00f3n Nacional","logo":"morena.png","color_border":"b5261e","color_background":"b5261e","votos":"20248","principal":"1"},"FXMQROO":{"id":"10","clave":"PTD21010","nombre_corto":"FXMQROO","nombre":"Fuerza por M\u00e9xico","logo":"fxmqroo.png","color_border":"ec62a0","color_background":"ec62a0","votos":"546"}},"votos_coaliciones":939,"coaliciones_orden_votos_individual":{"MORENA":20248,"PVEM":13290,"PT":1482,"FXMQROO":546},"votos_coaliciones_individual":22276,"votos_totales":36505},"PT":{"id":"5","clave":"PT","nombre_corto":"PT","nombre":"Partido del Trabajo","principal":null,"logo":"pt.png","color_border":"eee500","color_background":"da251d","votos_individual":"1482","coaliciones_sin_orden":{"PVEM":{"id":"4","clave":"PTD21004","nombre_corto":"PVEM","nombre":"Partido Verde Ecologista de M\u00e9xico","logo":"pvem.png","color_border":"50b747","color_background":"50b747","votos":"13290"},"PT":{"id":"5","clave":"PTD21005","nombre_corto":"PT","nombre":"Partido del Trabajo","logo":"pt.png","color_border":"eee500","color_background":"da251d","votos":"1482"},"MORENA":{"id":"7","clave":"PTD21007","nombre_corto":"MORENA","nombre":"Movimiento de Regeneraci\u00f3n Nacional","logo":"morena.png","color_border":"b5261e","color_background":"b5261e","votos":"20248","principal":"1"},"FXMQROO":{"id":"10","clave":"PTD21010","nombre_corto":"FXMQROO","nombre":"Fuerza por M\u00e9xico","logo":"fxmqroo.png","color_border":"ec62a0","color_background":"ec62a0","votos":"546"}},"votos_coaliciones":606,"coaliciones_orden_votos_individual":{"MORENA":20248,"PVEM":13290,"PT":1482,"FXMQROO":546},"votos_coaliciones_individual":34084,"votos_totales":36172},"MC":{"id":"6","clave":"MC","nombre_corto":"MC","nombre":"Movimiento Ciudadano","principal":null,"logo":"mc.png","color_border":"ff8300","color_background":"ff8300","votos_individual":"7280","coaliciones_sin_orden":null,"votos_coaliciones":0,"votos_coaliciones_individual":0,"votos_totales":7280},"MORENA":{"id":"7","clave":"MORENA","nombre_corto":"MORENA","nombre":"Movimiento de Regeneraci\u00f3n Nacional","principal":"1","logo":"morena.png","color_border":"b5261e","color_background":"b5261e","votos_individual":"20248","coaliciones_sin_orden":{"PVEM":{"id":"4","clave":"PTD21004","nombre_corto":"PVEM","nombre":"Partido Verde Ecologista de M\u00e9xico","logo":"pvem.png","color_border":"50b747","color_background":"50b747","votos":"13290"},"PT":{"id":"5","clave":"PTD21005","nombre_corto":"PT","nombre":"Partido del Trabajo","logo":"pt.png","color_border":"eee500","color_background":"da251d","votos":"1482"},"MORENA":{"id":"7","clave":"PTD21007","nombre_corto":"MORENA","nombre":"Movimiento de Regeneraci\u00f3n Nacional","logo":"morena.png","color_border":"b5261e","color_background":"b5261e","votos":"20248","principal":"1"},"FXMQROO":{"id":"10","clave":"PTD21010","nombre_corto":"FXMQROO","nombre":"Fuerza por M\u00e9xico","logo":"fxmqroo.png","color_border":"ec62a0","color_background":"ec62a0","votos":"546"}},"votos_coaliciones":1031,"coaliciones_orden_votos_individual":{"MORENA":20248,"PVEM":13290,"PT":1482,"FXMQROO":546},"votos_coaliciones_individual":15318,"votos_totales":36597},"MAS":{"id":"8","clave":"MAS","nombre_corto":"MAS","nombre":"Movimiento Autentico Social","principal":null,"logo":"mas.png","color_border":"0eb5c6","color_background":"d95943","votos_individual":"3182","coaliciones_sin_orden":null,"votos_coaliciones":0,"votos_coaliciones_individual":0,"votos_totales":3182},"CXQROO":{"id":"9","clave":"CXQROO","nombre_corto":"CXQROO","nombre":"Confianza por Quintana Roo","principal":null,"logo":"cxqroo.png","color_border":"31859c","color_background":"4a206a","votos_individual":"1200","coaliciones_sin_orden":{"PAN":{"id":"1","clave":"PTD21001","nombre_corto":"PAN","nombre":"Partido Acci\u00f3n Nacional","logo":"pan.png","color_border":"06338e","color_background":"06338e","votos":"11494"},"PRD":{"id":"3","clave":"PTD21003","nombre_corto":"PRD","nombre":"Partido de la Revoluci\u00f3n Democr\u00e1tica","logo":"prd.png","color_border":"ffcb01","color_background":"ffcb01","votos":"582"},"CXQROO":{"id":"9","clave":"PTD21009","nombre_corto":"CXQROO","nombre":"Confianza por Quintana Roo","logo":"cxqroo.png","color_border":"31859c","color_background":"4a206a","votos":"1200"}},"votos_coaliciones":370,"coaliciones_orden_votos_individual":{"PAN":11494,"CXQROO":1200,"PRD":582},"votos_coaliciones_individual":12076,"votos_totales":13646},"FXMQROO":{"id":"10","clave":"FXMQROO","nombre_corto":"FXMQROO","nombre":"Fuerza por M\u00e9xico","principal":null,"logo":"fxmqroo.png","color_border":"ec62a0","color_background":"ec62a0","votos_individual":"546","coaliciones_sin_orden":{"PVEM":{"id":"4","clave":"PTD21004","nombre_corto":"PVEM","nombre":"Partido Verde Ecologista de M\u00e9xico","logo":"pvem.png","color_border":"50b747","color_background":"50b747","votos":"13290"},"PT":{"id":"5","clave":"PTD21005","nombre_corto":"PT","nombre":"Partido del Trabajo","logo":"pt.png","color_border":"eee500","color_background":"da251d","votos":"1482"},"MORENA":{"id":"7","clave":"PTD21007","nombre_corto":"MORENA","nombre":"Movimiento de Regeneraci\u00f3n Nacional","logo":"morena.png","color_border":"b5261e","color_background":"b5261e","votos":"20248","principal":"1"},"FXMQROO":{"id":"10","clave":"PTD21010","nombre_corto":"FXMQROO","nombre":"Fuerza por M\u00e9xico","logo":"fxmqroo.png","color_border":"ec62a0","color_background":"ec62a0","votos":"546"}},"votos_coaliciones":325,"coaliciones_orden_votos_individual":{"MORENA":20248,"PVEM":13290,"PT":1482,"FXMQROO":546},"votos_coaliciones_individual":35020,"votos_totales":35891}},"orden_votos_individual":{"partidos":{"MORENA":20248,"PVEM":13290,"PAN":11494,"MC":7280,"MAS":3182,"PT":1482,"PRI":1242,"CXQROO":1200,"PRD":582,"FXMQROO":546},"graficas":{"partidos":["MORENA","PVEM","PAN","MC","MAS","PT","PRI","CXQROO","PRD","FXMQROO"],"votos":[20248,13290,11494,7280,3182,1482,1242,1200,582,546],"background":["#b5261e","#50b747","#06338e","#ff8300","#d95943","#da251d","#00923f","#4a206a","#ffcb01","#ec62a0"]},"primera_fuerza":"MORENA","segunda_fuerza":"PVEM","diferencia_votos_fuerzas":6958,"diferencia_votos_sistema":20248},"orden_votos_totales":{"partidos":{"MORENA":36597,"PVEM":36505,"PT":36172,"FXMQROO":35891,"PAN":13767,"PRD":13685,"CXQROO":13646,"MC":7280,"MAS":3182,"PRI":1242},"graficas":{"partidos":["MORENA","PVEM","PT","FXMQROO","PAN","PRD","CXQROO","MC","MAS","PRI"],"votos":[36597,36505,36172,35891,13767,13685,13646,7280,3182,1242],"background":["#b5261e","#50b747","#da251d","#ec62a0","#06338e","#ffcb01","#4a206a","#ff8300","#d95943","#00923f"]},"primera_fuerza":"MORENA","segunda_fuerza":"PAN","diferencia_votos_fuerzas":22830,"diferencia_votos_sistema":36597},"orden_votos_individual_menor_mayor":{"partidos":{"FXMQROO":546,"PRD":582,"CXQROO":1200,"PRI":1242,"PT":1482,"MAS":3182,"MC":7280,"PAN":11494,"PVEM":13290,"MORENA":20248},"graficas":{"partidos":["FXMQROO","PRD","CXQROO","PRI","PT","MAS","MC","PAN","PVEM","MORENA"],"votos":[546,582,1200,1242,1482,3182,7280,11494,13290,20248],"background":["#ec62a0","#ffcb01","#4a206a","#00923f","#da251d","#d95943","#ff8300","#06338e","#50b747","#b5261e"]}},"orden_votos_totales_menor_mayor":{"partidos":{"PRI":1242,"MAS":3182,"MC":7280,"CXQROO":13646,"PRD":13685,"PAN":13767,"FXMQROO":35891,"PT":36172,"PVEM":36505,"MORENA":36597},"graficas":{"partidos":["PRI","MAS","MC","CXQROO","PRD","PAN","FXMQROO","PT","PVEM","MORENA"],"votos":[1242,3182,7280,13646,13685,13767,35891,36172,36505,36597],"background":["#00923f","#d95943","#ff8300","#4a206a","#ffcb01","#06338e","#ec62a0","#da251d","#50b747","#b5261e"]}}}