{"partidos":{"PAN":{"id":"1","clave":"PAN","nombre_corto":"PAN","nombre":"Partido Acci\u00f3n Nacional","principal":null,"logo":"pan.png","color_border":"06338e","color_background":"06338e","votos_individual":"1549","coaliciones_sin_orden":{"PAN":{"id":"1","clave":"PTD21001","nombre_corto":"PAN","nombre":"Partido Acci\u00f3n Nacional","logo":"pan.png","color_border":"06338e","color_background":"06338e","votos":"1549"},"PRD":{"id":"3","clave":"PTD21003","nombre_corto":"PRD","nombre":"Partido de la Revoluci\u00f3n Democr\u00e1tica","logo":"prd.png","color_border":"ffcb01","color_background":"ffcb01","votos":"0"},"NA":{"id":"11","clave":"PTD21011","nombre_corto":"NA","nombre":"Nueva Alianza","logo":"na.png","color_border":"00a4ac","color_background":"00a4ac","votos":"5"}},"votos_coaliciones":1,"coaliciones_orden_votos_individual":{"PAN":1549,"NA":5,"PRD":0},"votos_coaliciones_individual":5,"votos_totales":1555},"PRI":{"id":"2","clave":"PRI","nombre_corto":"PRI","nombre":"Partido Revolucionario Institucional","principal":null,"logo":"pri.png","color_border":"d23026","color_background":"00923f","votos_individual":"2095","coaliciones_sin_orden":{"PRI":{"id":"2","clave":"PTD21002","nombre_corto":"PRI","nombre":"Partido Revolucionario Institucional","logo":"pri.png","color_border":"d23026","color_background":"00923f","votos":"2095"},"PRD":{"id":"3","clave":"PTD21003","nombre_corto":"PRD","nombre":"Partido de la Revoluci\u00f3n Democr\u00e1tica","logo":"prd.png","color_border":"ffcb01","color_background":"ffcb01","votos":"0"},"NA":{"id":"11","clave":"PTD21011","nombre_corto":"NA","nombre":"Nueva Alianza","logo":"na.png","color_border":"00a4ac","color_background":"00a4ac","votos":"5"}},"votos_coaliciones":0,"coaliciones_orden_votos_individual":{"PRI":2095,"NA":5,"PRD":0},"votos_coaliciones_individual":5,"votos_totales":2100},"PRD":{"id":"3","clave":"PRD","nombre_corto":"PRD","nombre":"Partido de la Revoluci\u00f3n Democr\u00e1tica","principal":null,"logo":"prd.png","color_border":"ffcb01","color_background":"ffcb01","votos_individual":"0","coaliciones_sin_orden":{"PAN":{"id":"1","clave":"PTD21001","nombre_corto":"PAN","nombre":"Partido Acci\u00f3n Nacional","logo":"pan.png","color_border":"06338e","color_background":"06338e","votos":"1549"},"PRD":{"id":"3","clave":"PTD21003","nombre_corto":"PRD","nombre":"Partido de la Revoluci\u00f3n Democr\u00e1tica","logo":"prd.png","color_border":"ffcb01","color_background":"ffcb01","votos":"0"},"NA":{"id":"11","clave":"PTD21011","nombre_corto":"NA","nombre":"Nueva Alianza","logo":"na.png","color_border":"00a4ac","color_background":"00a4ac","votos":"5"},"PRI":{"id":"2","clave":"PTD21002","nombre_corto":"PRI","nombre":"Partido Revolucionario Institucional","logo":"pri.png","color_border":"d23026","color_background":"00923f","votos":"2095"}},"votos_coaliciones":0,"coaliciones_orden_votos_individual":{"PRI":2095,"PAN":1549,"NA":5,"PRD":0},"votos_coaliciones_individual":3649,"votos_totales":3649},"PVEM":{"id":"4","clave":"PVEM","nombre_corto":"PVEM","nombre":"Partido Verde Ecologista de M\u00e9xico","principal":"1","logo":"pvem.png","color_border":"50b747","color_background":"50b747","votos_individual":"58","coaliciones_sin_orden":null,"votos_coaliciones":0,"votos_coaliciones_individual":0,"votos_totales":58},"PT":{"id":"5","clave":"PT","nombre_corto":"PT","nombre":"Partido del Trabajo","principal":null,"logo":"pt.png","color_border":"eee500","color_background":"da251d","votos_individual":"194","coaliciones_sin_orden":null,"votos_coaliciones":0,"votos_coaliciones_individual":0,"votos_totales":194},"MC":{"id":"6","clave":"MC","nombre_corto":"MC","nombre":"Movimiento Ciudadano","principal":null,"logo":"mc.png","color_border":"ff8300","color_background":"ff8300","votos_individual":"57","coaliciones_sin_orden":null,"votos_coaliciones":0,"votos_coaliciones_individual":0,"votos_totales":57},"MORENA":{"id":"7","clave":"MORENA","nombre_corto":"MORENA","nombre":"Movimiento de Regeneraci\u00f3n Nacional","principal":null,"logo":"morena.png","color_border":"b5261e","color_background":"b5261e","votos_individual":"445","coaliciones_sin_orden":null,"votos_coaliciones":0,"votos_coaliciones_individual":0,"votos_totales":445},"PES":{"id":"8","clave":"PES","nombre_corto":"PES","nombre":"Partido Encuentro Social","principal":null,"logo":"pes.png","color_border":"5a2a7c","color_background":"5a2a7c","votos_individual":"0","coaliciones_sin_orden":null,"votos_coaliciones":0,"votos_coaliciones_individual":0,"votos_totales":0},"RSP":{"id":"9","clave":"RSP","nombre_corto":"RSP","nombre":"Redes Sociales Progresistas","principal":null,"logo":"rsp.png","color_border":"c82039","color_background":"2e3233","votos_individual":"0","coaliciones_sin_orden":null,"votos_coaliciones":0,"votos_coaliciones_individual":0,"votos_totales":0},"FXM":{"id":"10","clave":"FXM","nombre_corto":"FXM","nombre":"Fuerza por M\u00e9xico","principal":null,"logo":"fxm.png","color_border":"ec62a0","color_background":"ec62a0","votos_individual":"6","coaliciones_sin_orden":null,"votos_coaliciones":0,"votos_coaliciones_individual":0,"votos_totales":6},"NA":{"id":"11","clave":"NA","nombre_corto":"NA","nombre":"Nueva Alianza","principal":null,"logo":"na.png","color_border":"00a4ac","color_background":"00a4ac","votos_individual":"5","coaliciones_sin_orden":{"PAN":{"id":"1","clave":"PTD21001","nombre_corto":"PAN","nombre":"Partido Acci\u00f3n Nacional","logo":"pan.png","color_border":"06338e","color_background":"06338e","votos":"1549"},"PRD":{"id":"3","clave":"PTD21003","nombre_corto":"PRD","nombre":"Partido de la Revoluci\u00f3n Democr\u00e1tica","logo":"prd.png","color_border":"ffcb01","color_background":"ffcb01","votos":"0"},"NA":{"id":"11","clave":"PTD21011","nombre_corto":"NA","nombre":"Nueva Alianza","logo":"na.png","color_border":"00a4ac","color_background":"00a4ac","votos":"5"},"PRI":{"id":"2","clave":"PTD21002","nombre_corto":"PRI","nombre":"Partido Revolucionario Institucional","logo":"pri.png","color_border":"d23026","color_background":"00923f","votos":"2095"}},"votos_coaliciones":1,"coaliciones_orden_votos_individual":{"PRI":2095,"PAN":1549,"NA":5,"PRD":0},"votos_coaliciones_individual":3644,"votos_totales":3650},"CAND-IND-1":{"id":"12","clave":"CAND-IND-1","nombre_corto":"CAND-IND-1","nombre":"Candidatos Independientes","principal":null,"logo":"cand-ind-1.png","color_border":"a0a0a0","color_background":"a0a0a0","votos_individual":"0","coaliciones_sin_orden":null,"votos_coaliciones":0,"votos_coaliciones_individual":0,"votos_totales":0}},"orden_votos_individual":{"partidos":{"PRI":2095,"PAN":1549,"MORENA":445,"PT":194,"PVEM":58,"MC":57,"FXM":6,"NA":5,"PRD":0,"PES":0,"RSP":0,"CAND-IND-1":0},"graficas":{"partidos":["PRI","PAN","MORENA","PT","PVEM","MC","FXM","NA","PRD","PES","RSP","CAND-IND-1"],"votos":[2095,1549,445,194,58,57,6,5,0,0,0,0],"background":["#00923f","#06338e","#b5261e","#da251d","#50b747","#ff8300","#ec62a0","#00a4ac","#ffcb01","#5a2a7c","#2e3233","#a0a0a0"]},"primera_fuerza":"PRI","segunda_fuerza":"PAN","sistema":"PVEM","diferencia_votos_fuerzas":546,"diferencia_votos_sistema":2095},"orden_votos_totales":{"partidos":{"NA":3650,"PRD":3649,"PRI":2100,"PAN":1555,"MORENA":445,"PT":194,"PVEM":58,"MC":57,"FXM":6,"PES":0,"RSP":0,"CAND-IND-1":0},"graficas":{"partidos":["NA","PRD","PRI","PAN","MORENA","PT","PVEM","MC","FXM","PES","RSP","CAND-IND-1"],"votos":[3650,3649,2100,1555,445,194,58,57,6,0,0,0],"background":["#00a4ac","#ffcb01","#00923f","#06338e","#b5261e","#da251d","#50b747","#ff8300","#ec62a0","#5a2a7c","#2e3233","#a0a0a0"]},"primera_fuerza":"NA","segunda_fuerza":"MORENA","sistema":"PVEM","diferencia_votos_fuerzas":3205,"diferencia_votos_sistema":3650},"orden_votos_individual_menor_mayor":{"partidos":{"PRD":0,"PES":0,"RSP":0,"CAND-IND-1":0,"NA":5,"FXM":6,"MC":57,"PVEM":58,"PT":194,"MORENA":445,"PAN":1549,"PRI":2095},"graficas":{"partidos":["PRD","PES","RSP","CAND-IND-1","NA","FXM","MC","PVEM","PT","MORENA","PAN","PRI"],"votos":[0,0,0,0,5,6,57,58,194,445,1549,2095],"background":["#ffcb01","#5a2a7c","#2e3233","#a0a0a0","#00a4ac","#ec62a0","#ff8300","#50b747","#da251d","#b5261e","#06338e","#00923f"]}},"orden_votos_totales_menor_mayor":{"partidos":{"PES":0,"RSP":0,"CAND-IND-1":0,"FXM":6,"MC":57,"PVEM":58,"PT":194,"MORENA":445,"PAN":1555,"PRI":2100,"PRD":3649,"NA":3650},"graficas":{"partidos":["PES","RSP","CAND-IND-1","FXM","MC","PVEM","PT","MORENA","PAN","PRI","PRD","NA"],"votos":[0,0,0,6,57,58,194,445,1555,2100,3649,3650],"background":["#5a2a7c","#2e3233","#a0a0a0","#ec62a0","#ff8300","#50b747","#da251d","#b5261e","#06338e","#00923f","#ffcb01","#00a4ac"]}}}