{"1":{"id":"1","clave":"1","numero":"1","latitud":"20.6477073","longitud":"-89.681705","tipo":"1","id_municipio":"2305","municipio":"ABALA","seccion_localidades":"ABALA","casillas":"3","lista_nominal":"1751","votos_nulos":"0","votos_can_nreg":"0","votos_validos":"1564","ciudadanos_registrados":"118","apoyos_programas":"59","acciones_obras":"0","grupos_interes":"1","militantes":"5","funcionarios":"0","juntas":"0","visitas":"0","caminatas":"0","consulta_rvm_lista_nominal":"6201","consulta_rvm_casillas":"4","consulta_rvm_votos_nulos":"21","consulta_rvm_votos_can_nreg":"0","consulta_rvm_votos_validos":"1197","consulta_rvm_votos_totales":1218,"votos_totales":1564,"participacion_ciudadana":89.32,"partidos":{"PAN":{"id":"1","clave":"PAN","nombre_corto":"PAN","nombre":"Partido Acci\u00f3n Nacional","principal":null,"logo":"pan.png","color_border":"06338e","color_background":"06338e","votos_individual":"585","coaliciones_sin_orden":{"PAN":{"id":"1","clave":"PTD21001","nombre_corto":"PAN","nombre":"Partido Acci\u00f3n Nacional","logo":"pan.png","color_border":"06338e","color_background":"06338e","votos":"585","id_municipio":"2305","id_seccion_ine":"1"},"PRD":{"id":"3","clave":"PTD21003","nombre_corto":"PRD","nombre":"Partido de la Revoluci\u00f3n Democr\u00e1tica","logo":"prd.png","color_border":"ffcb01","color_background":"ffcb01","votos":"0","id_municipio":"2305","id_seccion_ine":"1"},"NA":{"id":"11","clave":"PTD21011","nombre_corto":"NA","nombre":"Nueva Alianza","logo":"na.png","color_border":"00a4ac","color_background":"00a4ac","votos":"0","id_municipio":"2305","id_seccion_ine":"1"}},"votos_coaliciones":0,"coaliciones_orden_votos_individual":{"PAN":585,"PRD":0},"votos_coaliciones_individual":0,"votos_totales":585},"PRI":{"id":"2","clave":"PRI","nombre_corto":"PRI","nombre":"Partido Revolucionario Institucional","principal":null,"logo":"pri.png","color_border":"d23026","color_background":"00923f","votos_individual":"678","coaliciones_sin_orden":{"PRI":{"id":"2","clave":"PTD21002","nombre_corto":"PRI","nombre":"Partido Revolucionario Institucional","logo":"pri.png","color_border":"d23026","color_background":"00923f","votos":"678","id_municipio":"2305","id_seccion_ine":"1"},"PRD":{"id":"3","clave":"PTD21003","nombre_corto":"PRD","nombre":"Partido de la Revoluci\u00f3n Democr\u00e1tica","logo":"prd.png","color_border":"ffcb01","color_background":"ffcb01","votos":"0","id_municipio":"2305","id_seccion_ine":"1"},"NA":{"id":"11","clave":"PTD21011","nombre_corto":"NA","nombre":"Nueva Alianza","logo":"na.png","color_border":"00a4ac","color_background":"00a4ac","votos":"0","id_municipio":"2305","id_seccion_ine":"1"}},"votos_coaliciones":0,"coaliciones_orden_votos_individual":{"PRI":678,"PRD":0},"votos_coaliciones_individual":0,"votos_totales":678},"PRD":{"id":"3","clave":"PRD","nombre_corto":"PRD","nombre":"Partido de la Revoluci\u00f3n Democr\u00e1tica","principal":null,"logo":"prd.png","color_border":"ffcb01","color_background":"ffcb01","votos_individual":"0","coaliciones_sin_orden":{"PAN":{"id":"1","clave":"PTD21001","nombre_corto":"PAN","nombre":"Partido Acci\u00f3n Nacional","logo":"pan.png","color_border":"06338e","color_background":"06338e","votos":"585","id_municipio":"2305","id_seccion_ine":"1"},"PRD":{"id":"3","clave":"PTD21003","nombre_corto":"PRD","nombre":"Partido de la Revoluci\u00f3n Democr\u00e1tica","logo":"prd.png","color_border":"ffcb01","color_background":"ffcb01","votos":"0","id_municipio":"2305","id_seccion_ine":"1"},"NA":{"id":"11","clave":"PTD21011","nombre_corto":"NA","nombre":"Nueva Alianza","logo":"na.png","color_border":"00a4ac","color_background":"00a4ac","votos":"0","id_municipio":"2305","id_seccion_ine":"1"},"PRI":{"id":"2","clave":"PTD21002","nombre_corto":"PRI","nombre":"Partido Revolucionario Institucional","logo":"pri.png","color_border":"d23026","color_background":"00923f","votos":"678","id_municipio":"2305","id_seccion_ine":"1"}},"votos_coaliciones":0,"coaliciones_orden_votos_individual":{"PRI":678,"PAN":585,"PRD":0},"votos_coaliciones_individual":1263,"votos_totales":1263},"PVEM":{"id":"4","clave":"PVEM","nombre_corto":"PVEM","nombre":"Partido Verde Ecologista de M\u00e9xico","principal":"1","logo":"pvem.png","color_border":"50b747","color_background":"50b747","votos_individual":"30","coaliciones_sin_orden":null,"votos_coaliciones":0,"votos_coaliciones_individual":0,"votos_totales":30},"PT":{"id":"5","clave":"PT","nombre_corto":"PT","nombre":"Partido del Trabajo","principal":null,"logo":"pt.png","color_border":"eee500","color_background":"da251d","votos_individual":"101","coaliciones_sin_orden":null,"votos_coaliciones":0,"votos_coaliciones_individual":0,"votos_totales":101},"MC":{"id":"6","clave":"MC","nombre_corto":"MC","nombre":"Movimiento Ciudadano","principal":null,"logo":"mc.png","color_border":"ff8300","color_background":"ff8300","votos_individual":"50","coaliciones_sin_orden":null,"votos_coaliciones":0,"votos_coaliciones_individual":0,"votos_totales":50},"MORENA":{"id":"7","clave":"MORENA","nombre_corto":"MORENA","nombre":"Movimiento de Regeneraci\u00f3n Nacional","principal":null,"logo":"morena.png","color_border":"b5261e","color_background":"b5261e","votos_individual":"119","coaliciones_sin_orden":null,"votos_coaliciones":0,"votos_coaliciones_individual":0,"votos_totales":119},"PES":{"id":"8","clave":"PES","nombre_corto":"PES","nombre":"Partido Encuentro Social","principal":null,"logo":"pes.png","color_border":"5a2a7c","color_background":"5a2a7c","votos_individual":"0","coaliciones_sin_orden":null,"votos_coaliciones":0,"votos_coaliciones_individual":0,"votos_totales":0},"RSP":{"id":"9","clave":"RSP","nombre_corto":"RSP","nombre":"Redes Sociales Progresistas","principal":null,"logo":"rsp.png","color_border":"c82039","color_background":"2e3233","votos_individual":"0","coaliciones_sin_orden":null,"votos_coaliciones":0,"votos_coaliciones_individual":0,"votos_totales":0},"FXM":{"id":"10","clave":"FXM","nombre_corto":"FXM","nombre":"Fuerza por M\u00e9xico","principal":null,"logo":"fxm.png","color_border":"ec62a0","color_background":"ec62a0","votos_individual":"1","coaliciones_sin_orden":null,"votos_coaliciones":0,"votos_coaliciones_individual":0,"votos_totales":1},"NA":{"id":"11","clave":"NA","nombre_corto":"NA","nombre":"Nueva Alianza","principal":null,"logo":"na.png","color_border":"00a4ac","color_background":"00a4ac","votos_individual":"0","coaliciones_sin_orden":{"PAN":{"id":"1","clave":"PTD21001","nombre_corto":"PAN","nombre":"Partido Acci\u00f3n Nacional","logo":"pan.png","color_border":"06338e","color_background":"06338e","votos":"585","id_municipio":"2305","id_seccion_ine":"1"},"PRD":{"id":"3","clave":"PTD21003","nombre_corto":"PRD","nombre":"Partido de la Revoluci\u00f3n Democr\u00e1tica","logo":"prd.png","color_border":"ffcb01","color_background":"ffcb01","votos":"0","id_municipio":"2305","id_seccion_ine":"1"},"NA":{"id":"11","clave":"PTD21011","nombre_corto":"NA","nombre":"Nueva Alianza","logo":"na.png","color_border":"00a4ac","color_background":"00a4ac","votos":"0","id_municipio":"2305","id_seccion_ine":"1"},"PRI":{"id":"2","clave":"PTD21002","nombre_corto":"PRI","nombre":"Partido Revolucionario Institucional","logo":"pri.png","color_border":"d23026","color_background":"00923f","votos":"678","id_municipio":"2305","id_seccion_ine":"1"}},"votos_coaliciones":0,"coaliciones_orden_votos_individual":{"PRI":678,"PAN":585,"PRD":0},"votos_coaliciones_individual":1263,"votos_totales":1263},"CAND-IND-1":{"id":"12","clave":"CAND-IND-1","nombre_corto":"CAND-IND-1","nombre":"Candidatos Independientes","principal":null,"logo":"cand-ind-1.png","color_border":"a0a0a0","color_background":"a0a0a0","votos_individual":"0","coaliciones_sin_orden":null,"votos_coaliciones":0,"votos_coaliciones_individual":0,"votos_totales":0}},"orden_votos_individual":{"partidos":{"PRI":678,"PAN":585,"MORENA":119,"PT":101,"MC":50,"PVEM":30,"FXM":1,"PRD":0,"PES":0,"RSP":0,"NA":0,"CAND-IND-1":0},"graficas":{"partidos":["PRI","PAN","MORENA","PT","MC","PVEM","FXM","PRD","PES","RSP","NA","CAND-IND-1"],"votos":[678,585,119,101,50,30,1,0,0,0,0,0],"background":["#00923f","#06338e","#b5261e","#da251d","#ff8300","#50b747","#ec62a0","#ffcb01","#5a2a7c","#2e3233","#00a4ac","#a0a0a0"]},"primera_fuerza":"PRI","segunda_fuerza":"PAN","semaforo":{"color":"rojo","rentabilidad":1534,"competitividad":-648,"rentabilidad_orden":6,"competitividad_orden":5}},"orden_votos_totales":{"partidos":{"PRI":678,"PAN":585,"MORENA":119,"PT":101,"MC":50,"PVEM":30,"FXM":1,"PRD":0,"PES":0,"RSP":0,"NA":0,"CAND-IND-1":0},"graficas":{"partidos":["PRI","PAN","MORENA","PT","MC","PVEM","FXM","PRD","PES","RSP","NA","CAND-IND-1"],"votos":[678,585,119,101,50,30,1,0,0,0,0,0],"background":["#00923f","#06338e","#b5261e","#da251d","#ff8300","#50b747","#ec62a0","#ffcb01","#5a2a7c","#2e3233","#00a4ac","#a0a0a0"]},"primera_fuerza":"PRI","segunda_fuerza":"PAN","semaforo":{"partidos":"PRI:678-PAN:585","color":"rojo","rentabilidad":1564,"competitividad":-93}},"orden_votos_individual_menor_mayor":{"partidos":{"PRD":0,"PES":0,"RSP":0,"NA":0,"CAND-IND-1":0,"FXM":1,"PVEM":30,"MC":50,"PT":101,"MORENA":119,"PAN":585,"PRI":678},"graficas":{"partidos":["PRD","PES","RSP","NA","CAND-IND-1","FXM","PVEM","MC","PT","MORENA","PAN","PRI"],"votos":[0,0,0,0,0,1,30,50,101,119,585,678],"background":["#ffcb01","#5a2a7c","#2e3233","#00a4ac","#a0a0a0","#ec62a0","#50b747","#ff8300","#da251d","#b5261e","#06338e","#00923f"]}},"orden_votos_totales_menor_mayor":{"partidos":{"PRD":0,"PES":0,"RSP":0,"NA":0,"CAND-IND-1":0,"FXM":1,"PVEM":30,"MC":50,"PT":101,"MORENA":119,"PAN":585,"PRI":678},"graficas":{"partidos":["PRD","PES","RSP","NA","CAND-IND-1","FXM","PVEM","MC","PT","MORENA","PAN","PRI"],"votos":[0,0,0,0,0,1,30,50,101,119,585,678],"background":["#ffcb01","#5a2a7c","#2e3233","#00a4ac","#a0a0a0","#ec62a0","#50b747","#ff8300","#da251d","#b5261e","#06338e","#00923f"]}},"revocacion_mandato":{"preguntas":{"SIGA":{"id_pregunta_2022_revocacion_mandato":"2","clave":"PRV22002","nombre_corto":"SIGA","logo":"siga.png","votos":"1170","id_seccion_ine":"1"},"NO_SIGA":{"id_pregunta_2022_revocacion_mandato":"1","clave":"PRV22001","nombre_corto":"NO_SIGA","logo":"no_siga.png","votos":"27","id_seccion_ine":"1"}},"orden_preguntas":{"SIGA":1170,"NO_SIGA":27},"principales":{"prinicipal":"SIGA","secundaria":"NO_SIGA"}}},"2":{"id":"2","clave":"2","numero":"2","latitud":"20.7134689","longitud":"-89.753218","tipo":"0","id_municipio":"2305","municipio":"ABALA","seccion_localidades":"CACAO","casillas":"1","lista_nominal":"174","votos_nulos":"0","votos_can_nreg":"0","votos_validos":"159","ciudadanos_registrados":"15","apoyos_programas":"6","acciones_obras":"0","grupos_interes":"1","militantes":"2","funcionarios":"0","juntas":"0","visitas":"0","caminatas":"0","consulta_rvm_lista_nominal":null,"consulta_rvm_casillas":"0","consulta_rvm_votos_nulos":null,"consulta_rvm_votos_can_nreg":null,"consulta_rvm_votos_validos":null,"consulta_rvm_votos_totales":0,"votos_totales":159,"participacion_ciudadana":91.37,"partidos":{"PAN":{"id":"1","clave":"PAN","nombre_corto":"PAN","nombre":"Partido Acci\u00f3n Nacional","principal":null,"logo":"pan.png","color_border":"06338e","color_background":"06338e","votos_individual":"62","coaliciones_sin_orden":{"PAN":{"id":"1","clave":"PTD21001","nombre_corto":"PAN","nombre":"Partido Acci\u00f3n Nacional","logo":"pan.png","color_border":"06338e","color_background":"06338e","votos":"62","id_municipio":"2305","id_seccion_ine":"2"},"PRD":{"id":"3","clave":"PTD21003","nombre_corto":"PRD","nombre":"Partido de la Revoluci\u00f3n Democr\u00e1tica","logo":"prd.png","color_border":"ffcb01","color_background":"ffcb01","votos":"0","id_municipio":"2305","id_seccion_ine":"2"},"NA":{"id":"11","clave":"PTD21011","nombre_corto":"NA","nombre":"Nueva Alianza","logo":"na.png","color_border":"00a4ac","color_background":"00a4ac","votos":"0","id_municipio":"2305","id_seccion_ine":"2"}},"votos_coaliciones":0,"coaliciones_orden_votos_individual":{"PAN":62,"PRD":0},"votos_coaliciones_individual":0,"votos_totales":62},"PRI":{"id":"2","clave":"PRI","nombre_corto":"PRI","nombre":"Partido Revolucionario Institucional","principal":null,"logo":"pri.png","color_border":"d23026","color_background":"00923f","votos_individual":"67","coaliciones_sin_orden":{"PRI":{"id":"2","clave":"PTD21002","nombre_corto":"PRI","nombre":"Partido Revolucionario Institucional","logo":"pri.png","color_border":"d23026","color_background":"00923f","votos":"67","id_municipio":"2305","id_seccion_ine":"2"},"PRD":{"id":"3","clave":"PTD21003","nombre_corto":"PRD","nombre":"Partido de la Revoluci\u00f3n Democr\u00e1tica","logo":"prd.png","color_border":"ffcb01","color_background":"ffcb01","votos":"0","id_municipio":"2305","id_seccion_ine":"2"},"NA":{"id":"11","clave":"PTD21011","nombre_corto":"NA","nombre":"Nueva Alianza","logo":"na.png","color_border":"00a4ac","color_background":"00a4ac","votos":"0","id_municipio":"2305","id_seccion_ine":"2"}},"votos_coaliciones":0,"coaliciones_orden_votos_individual":{"PRI":67,"PRD":0},"votos_coaliciones_individual":0,"votos_totales":67},"PRD":{"id":"3","clave":"PRD","nombre_corto":"PRD","nombre":"Partido de la Revoluci\u00f3n Democr\u00e1tica","principal":null,"logo":"prd.png","color_border":"ffcb01","color_background":"ffcb01","votos_individual":"0","coaliciones_sin_orden":{"PAN":{"id":"1","clave":"PTD21001","nombre_corto":"PAN","nombre":"Partido Acci\u00f3n Nacional","logo":"pan.png","color_border":"06338e","color_background":"06338e","votos":"62","id_municipio":"2305","id_seccion_ine":"2"},"PRD":{"id":"3","clave":"PTD21003","nombre_corto":"PRD","nombre":"Partido de la Revoluci\u00f3n Democr\u00e1tica","logo":"prd.png","color_border":"ffcb01","color_background":"ffcb01","votos":"0","id_municipio":"2305","id_seccion_ine":"2"},"NA":{"id":"11","clave":"PTD21011","nombre_corto":"NA","nombre":"Nueva Alianza","logo":"na.png","color_border":"00a4ac","color_background":"00a4ac","votos":"0","id_municipio":"2305","id_seccion_ine":"2"},"PRI":{"id":"2","clave":"PTD21002","nombre_corto":"PRI","nombre":"Partido Revolucionario Institucional","logo":"pri.png","color_border":"d23026","color_background":"00923f","votos":"67","id_municipio":"2305","id_seccion_ine":"2"}},"votos_coaliciones":0,"coaliciones_orden_votos_individual":{"PRI":67,"PAN":62,"PRD":0},"votos_coaliciones_individual":129,"votos_totales":129},"PVEM":{"id":"4","clave":"PVEM","nombre_corto":"PVEM","nombre":"Partido Verde Ecologista de M\u00e9xico","principal":"1","logo":"pvem.png","color_border":"50b747","color_background":"50b747","votos_individual":"0","coaliciones_sin_orden":null,"votos_coaliciones":0,"votos_coaliciones_individual":0,"votos_totales":0},"PT":{"id":"5","clave":"PT","nombre_corto":"PT","nombre":"Partido del Trabajo","principal":null,"logo":"pt.png","color_border":"eee500","color_background":"da251d","votos_individual":"6","coaliciones_sin_orden":null,"votos_coaliciones":0,"votos_coaliciones_individual":0,"votos_totales":6},"MC":{"id":"6","clave":"MC","nombre_corto":"MC","nombre":"Movimiento Ciudadano","principal":null,"logo":"mc.png","color_border":"ff8300","color_background":"ff8300","votos_individual":"0","coaliciones_sin_orden":null,"votos_coaliciones":0,"votos_coaliciones_individual":0,"votos_totales":0},"MORENA":{"id":"7","clave":"MORENA","nombre_corto":"MORENA","nombre":"Movimiento de Regeneraci\u00f3n Nacional","principal":null,"logo":"morena.png","color_border":"b5261e","color_background":"b5261e","votos_individual":"24","coaliciones_sin_orden":null,"votos_coaliciones":0,"votos_coaliciones_individual":0,"votos_totales":24},"PES":{"id":"8","clave":"PES","nombre_corto":"PES","nombre":"Partido Encuentro Social","principal":null,"logo":"pes.png","color_border":"5a2a7c","color_background":"5a2a7c","votos_individual":"0","coaliciones_sin_orden":null,"votos_coaliciones":0,"votos_coaliciones_individual":0,"votos_totales":0},"RSP":{"id":"9","clave":"RSP","nombre_corto":"RSP","nombre":"Redes Sociales Progresistas","principal":null,"logo":"rsp.png","color_border":"c82039","color_background":"2e3233","votos_individual":"0","coaliciones_sin_orden":null,"votos_coaliciones":0,"votos_coaliciones_individual":0,"votos_totales":0},"FXM":{"id":"10","clave":"FXM","nombre_corto":"FXM","nombre":"Fuerza por M\u00e9xico","principal":null,"logo":"fxm.png","color_border":"ec62a0","color_background":"ec62a0","votos_individual":"0","coaliciones_sin_orden":null,"votos_coaliciones":0,"votos_coaliciones_individual":0,"votos_totales":0},"NA":{"id":"11","clave":"NA","nombre_corto":"NA","nombre":"Nueva Alianza","principal":null,"logo":"na.png","color_border":"00a4ac","color_background":"00a4ac","votos_individual":"0","coaliciones_sin_orden":{"PAN":{"id":"1","clave":"PTD21001","nombre_corto":"PAN","nombre":"Partido Acci\u00f3n Nacional","logo":"pan.png","color_border":"06338e","color_background":"06338e","votos":"62","id_municipio":"2305","id_seccion_ine":"2"},"PRD":{"id":"3","clave":"PTD21003","nombre_corto":"PRD","nombre":"Partido de la Revoluci\u00f3n Democr\u00e1tica","logo":"prd.png","color_border":"ffcb01","color_background":"ffcb01","votos":"0","id_municipio":"2305","id_seccion_ine":"2"},"NA":{"id":"11","clave":"PTD21011","nombre_corto":"NA","nombre":"Nueva Alianza","logo":"na.png","color_border":"00a4ac","color_background":"00a4ac","votos":"0","id_municipio":"2305","id_seccion_ine":"2"},"PRI":{"id":"2","clave":"PTD21002","nombre_corto":"PRI","nombre":"Partido Revolucionario Institucional","logo":"pri.png","color_border":"d23026","color_background":"00923f","votos":"67","id_municipio":"2305","id_seccion_ine":"2"}},"votos_coaliciones":0,"coaliciones_orden_votos_individual":{"PRI":67,"PAN":62,"PRD":0},"votos_coaliciones_individual":129,"votos_totales":129},"CAND-IND-1":{"id":"12","clave":"CAND-IND-1","nombre_corto":"CAND-IND-1","nombre":"Candidatos Independientes","principal":null,"logo":"cand-ind-1.png","color_border":"a0a0a0","color_background":"a0a0a0","votos_individual":"0","coaliciones_sin_orden":null,"votos_coaliciones":0,"votos_coaliciones_individual":0,"votos_totales":0}},"orden_votos_individual":{"partidos":{"PRI":67,"PAN":62,"MORENA":24,"PT":6,"PRD":0,"PVEM":0,"MC":0,"PES":0,"RSP":0,"FXM":0,"NA":0,"CAND-IND-1":0},"graficas":{"partidos":["PRI","PAN","MORENA","PT","PRD","PVEM","MC","PES","RSP","FXM","NA","CAND-IND-1"],"votos":[67,62,24,6,0,0,0,0,0,0,0,0],"background":["#00923f","#06338e","#b5261e","#da251d","#ffcb01","#50b747","#ff8300","#5a2a7c","#2e3233","#ec62a0","#00a4ac","#a0a0a0"]},"primera_fuerza":"PRI","segunda_fuerza":"PAN","semaforo":{"color":"rojo","rentabilidad":159,"competitividad":-67,"rentabilidad_orden":1,"competitividad_orden":1}},"orden_votos_totales":{"partidos":{"PRI":67,"PAN":62,"MORENA":24,"PT":6,"PRD":0,"PVEM":0,"MC":0,"PES":0,"RSP":0,"FXM":0,"NA":0,"CAND-IND-1":0},"graficas":{"partidos":["PRI","PAN","MORENA","PT","PRD","PVEM","MC","PES","RSP","FXM","NA","CAND-IND-1"],"votos":[67,62,24,6,0,0,0,0,0,0,0,0],"background":["#00923f","#06338e","#b5261e","#da251d","#ffcb01","#50b747","#ff8300","#5a2a7c","#2e3233","#ec62a0","#00a4ac","#a0a0a0"]},"primera_fuerza":"PRI","segunda_fuerza":"PAN","semaforo":{"partidos":"PRI:67-PAN:62","color":"rojo","rentabilidad":159,"competitividad":-5}},"orden_votos_individual_menor_mayor":{"partidos":{"PRD":0,"PVEM":0,"MC":0,"PES":0,"RSP":0,"FXM":0,"NA":0,"CAND-IND-1":0,"PT":6,"MORENA":24,"PAN":62,"PRI":67},"graficas":{"partidos":["PRD","PVEM","MC","PES","RSP","FXM","NA","CAND-IND-1","PT","MORENA","PAN","PRI"],"votos":[0,0,0,0,0,0,0,0,6,24,62,67],"background":["#ffcb01","#50b747","#ff8300","#5a2a7c","#2e3233","#ec62a0","#00a4ac","#a0a0a0","#da251d","#b5261e","#06338e","#00923f"]}},"orden_votos_totales_menor_mayor":{"partidos":{"PRD":0,"PVEM":0,"MC":0,"PES":0,"RSP":0,"FXM":0,"NA":0,"CAND-IND-1":0,"PT":6,"MORENA":24,"PAN":62,"PRI":67},"graficas":{"partidos":["PRD","PVEM","MC","PES","RSP","FXM","NA","CAND-IND-1","PT","MORENA","PAN","PRI"],"votos":[0,0,0,0,0,0,0,0,6,24,62,67],"background":["#ffcb01","#50b747","#ff8300","#5a2a7c","#2e3233","#ec62a0","#00a4ac","#a0a0a0","#da251d","#b5261e","#06338e","#00923f"]}}},"3":{"id":"3","clave":"3","numero":"3","latitud":"20.7179657","longitud":"-89.704602","tipo":"0","id_municipio":"2305","municipio":"ABALA","seccion_localidades":"PEBA","casillas":"1","lista_nominal":"202","votos_nulos":"0","votos_can_nreg":"0","votos_validos":"185","ciudadanos_registrados":"14","apoyos_programas":"12","acciones_obras":"0","grupos_interes":"0","militantes":"1","funcionarios":"0","juntas":"0","visitas":"0","caminatas":"0","consulta_rvm_lista_nominal":null,"consulta_rvm_casillas":"0","consulta_rvm_votos_nulos":null,"consulta_rvm_votos_can_nreg":null,"consulta_rvm_votos_validos":null,"consulta_rvm_votos_totales":0,"votos_totales":185,"participacion_ciudadana":91.58,"partidos":{"PAN":{"id":"1","clave":"PAN","nombre_corto":"PAN","nombre":"Partido Acci\u00f3n Nacional","principal":null,"logo":"pan.png","color_border":"06338e","color_background":"06338e","votos_individual":"61","coaliciones_sin_orden":{"PAN":{"id":"1","clave":"PTD21001","nombre_corto":"PAN","nombre":"Partido Acci\u00f3n Nacional","logo":"pan.png","color_border":"06338e","color_background":"06338e","votos":"61","id_municipio":"2305","id_seccion_ine":"3"},"PRD":{"id":"3","clave":"PTD21003","nombre_corto":"PRD","nombre":"Partido de la Revoluci\u00f3n Democr\u00e1tica","logo":"prd.png","color_border":"ffcb01","color_background":"ffcb01","votos":"0","id_municipio":"2305","id_seccion_ine":"3"},"NA":{"id":"11","clave":"PTD21011","nombre_corto":"NA","nombre":"Nueva Alianza","logo":"na.png","color_border":"00a4ac","color_background":"00a4ac","votos":"3","id_municipio":"2305","id_seccion_ine":"3"}},"votos_coaliciones":1,"coaliciones_orden_votos_individual":{"PAN":61,"NA":3,"PRD":0},"votos_coaliciones_individual":3,"votos_totales":65},"PRI":{"id":"2","clave":"PRI","nombre_corto":"PRI","nombre":"Partido Revolucionario Institucional","principal":null,"logo":"pri.png","color_border":"d23026","color_background":"00923f","votos_individual":"79","coaliciones_sin_orden":{"PRI":{"id":"2","clave":"PTD21002","nombre_corto":"PRI","nombre":"Partido Revolucionario Institucional","logo":"pri.png","color_border":"d23026","color_background":"00923f","votos":"79","id_municipio":"2305","id_seccion_ine":"3"},"PRD":{"id":"3","clave":"PTD21003","nombre_corto":"PRD","nombre":"Partido de la Revoluci\u00f3n Democr\u00e1tica","logo":"prd.png","color_border":"ffcb01","color_background":"ffcb01","votos":"0","id_municipio":"2305","id_seccion_ine":"3"},"NA":{"id":"11","clave":"PTD21011","nombre_corto":"NA","nombre":"Nueva Alianza","logo":"na.png","color_border":"00a4ac","color_background":"00a4ac","votos":"3","id_municipio":"2305","id_seccion_ine":"3"}},"votos_coaliciones":0,"coaliciones_orden_votos_individual":{"PRI":79,"NA":3,"PRD":0},"votos_coaliciones_individual":3,"votos_totales":82},"PRD":{"id":"3","clave":"PRD","nombre_corto":"PRD","nombre":"Partido de la Revoluci\u00f3n Democr\u00e1tica","principal":null,"logo":"prd.png","color_border":"ffcb01","color_background":"ffcb01","votos_individual":"0","coaliciones_sin_orden":{"PAN":{"id":"1","clave":"PTD21001","nombre_corto":"PAN","nombre":"Partido Acci\u00f3n Nacional","logo":"pan.png","color_border":"06338e","color_background":"06338e","votos":"61","id_municipio":"2305","id_seccion_ine":"3"},"PRD":{"id":"3","clave":"PTD21003","nombre_corto":"PRD","nombre":"Partido de la Revoluci\u00f3n Democr\u00e1tica","logo":"prd.png","color_border":"ffcb01","color_background":"ffcb01","votos":"0","id_municipio":"2305","id_seccion_ine":"3"},"NA":{"id":"11","clave":"PTD21011","nombre_corto":"NA","nombre":"Nueva Alianza","logo":"na.png","color_border":"00a4ac","color_background":"00a4ac","votos":"3","id_municipio":"2305","id_seccion_ine":"3"},"PRI":{"id":"2","clave":"PTD21002","nombre_corto":"PRI","nombre":"Partido Revolucionario Institucional","logo":"pri.png","color_border":"d23026","color_background":"00923f","votos":"79","id_municipio":"2305","id_seccion_ine":"3"}},"votos_coaliciones":0,"coaliciones_orden_votos_individual":{"PRI":79,"PAN":61,"NA":3,"PRD":0},"votos_coaliciones_individual":143,"votos_totales":143},"PVEM":{"id":"4","clave":"PVEM","nombre_corto":"PVEM","nombre":"Partido Verde Ecologista de M\u00e9xico","principal":"1","logo":"pvem.png","color_border":"50b747","color_background":"50b747","votos_individual":"8","coaliciones_sin_orden":null,"votos_coaliciones":0,"votos_coaliciones_individual":0,"votos_totales":8},"PT":{"id":"5","clave":"PT","nombre_corto":"PT","nombre":"Partido del Trabajo","principal":null,"logo":"pt.png","color_border":"eee500","color_background":"da251d","votos_individual":"9","coaliciones_sin_orden":null,"votos_coaliciones":0,"votos_coaliciones_individual":0,"votos_totales":9},"MC":{"id":"6","clave":"MC","nombre_corto":"MC","nombre":"Movimiento Ciudadano","principal":null,"logo":"mc.png","color_border":"ff8300","color_background":"ff8300","votos_individual":"1","coaliciones_sin_orden":null,"votos_coaliciones":0,"votos_coaliciones_individual":0,"votos_totales":1},"MORENA":{"id":"7","clave":"MORENA","nombre_corto":"MORENA","nombre":"Movimiento de Regeneraci\u00f3n Nacional","principal":null,"logo":"morena.png","color_border":"b5261e","color_background":"b5261e","votos_individual":"23","coaliciones_sin_orden":null,"votos_coaliciones":0,"votos_coaliciones_individual":0,"votos_totales":23},"PES":{"id":"8","clave":"PES","nombre_corto":"PES","nombre":"Partido Encuentro Social","principal":null,"logo":"pes.png","color_border":"5a2a7c","color_background":"5a2a7c","votos_individual":"0","coaliciones_sin_orden":null,"votos_coaliciones":0,"votos_coaliciones_individual":0,"votos_totales":0},"RSP":{"id":"9","clave":"RSP","nombre_corto":"RSP","nombre":"Redes Sociales Progresistas","principal":null,"logo":"rsp.png","color_border":"c82039","color_background":"2e3233","votos_individual":"0","coaliciones_sin_orden":null,"votos_coaliciones":0,"votos_coaliciones_individual":0,"votos_totales":0},"FXM":{"id":"10","clave":"FXM","nombre_corto":"FXM","nombre":"Fuerza por M\u00e9xico","principal":null,"logo":"fxm.png","color_border":"ec62a0","color_background":"ec62a0","votos_individual":"0","coaliciones_sin_orden":null,"votos_coaliciones":0,"votos_coaliciones_individual":0,"votos_totales":0},"NA":{"id":"11","clave":"NA","nombre_corto":"NA","nombre":"Nueva Alianza","principal":null,"logo":"na.png","color_border":"00a4ac","color_background":"00a4ac","votos_individual":"3","coaliciones_sin_orden":{"PAN":{"id":"1","clave":"PTD21001","nombre_corto":"PAN","nombre":"Partido Acci\u00f3n Nacional","logo":"pan.png","color_border":"06338e","color_background":"06338e","votos":"61","id_municipio":"2305","id_seccion_ine":"3"},"PRD":{"id":"3","clave":"PTD21003","nombre_corto":"PRD","nombre":"Partido de la Revoluci\u00f3n Democr\u00e1tica","logo":"prd.png","color_border":"ffcb01","color_background":"ffcb01","votos":"0","id_municipio":"2305","id_seccion_ine":"3"},"NA":{"id":"11","clave":"PTD21011","nombre_corto":"NA","nombre":"Nueva Alianza","logo":"na.png","color_border":"00a4ac","color_background":"00a4ac","votos":"3","id_municipio":"2305","id_seccion_ine":"3"},"PRI":{"id":"2","clave":"PTD21002","nombre_corto":"PRI","nombre":"Partido Revolucionario Institucional","logo":"pri.png","color_border":"d23026","color_background":"00923f","votos":"79","id_municipio":"2305","id_seccion_ine":"3"}},"votos_coaliciones":1,"coaliciones_orden_votos_individual":{"PRI":79,"PAN":61,"NA":3,"PRD":0},"votos_coaliciones_individual":140,"votos_totales":144},"CAND-IND-1":{"id":"12","clave":"CAND-IND-1","nombre_corto":"CAND-IND-1","nombre":"Candidatos Independientes","principal":null,"logo":"cand-ind-1.png","color_border":"a0a0a0","color_background":"a0a0a0","votos_individual":"0","coaliciones_sin_orden":null,"votos_coaliciones":0,"votos_coaliciones_individual":0,"votos_totales":0}},"orden_votos_individual":{"partidos":{"PRI":79,"PAN":61,"MORENA":23,"PT":9,"PVEM":8,"NA":3,"MC":1,"PRD":0,"PES":0,"RSP":0,"FXM":0,"CAND-IND-1":0},"graficas":{"partidos":["PRI","PAN","MORENA","PT","PVEM","NA","MC","PRD","PES","RSP","FXM","CAND-IND-1"],"votos":[79,61,23,9,8,3,1,0,0,0,0,0],"background":["#00923f","#06338e","#b5261e","#da251d","#50b747","#00a4ac","#ff8300","#ffcb01","#5a2a7c","#2e3233","#ec62a0","#a0a0a0"]},"primera_fuerza":"PRI","segunda_fuerza":"PAN","semaforo":{"color":"rojo","rentabilidad":177,"competitividad":-71,"rentabilidad_orden":2,"competitividad_orden":2}},"orden_votos_totales":{"partidos":{"PRI":79,"PAN":61,"MORENA":23,"PT":9,"PVEM":8,"NA":3,"MC":1,"PRD":0,"PES":0,"RSP":0,"FXM":0,"CAND-IND-1":0},"graficas":{"partidos":["PRI","PAN","MORENA","PT","PVEM","NA","MC","PRD","PES","RSP","FXM","CAND-IND-1"],"votos":[79,61,23,9,8,3,1,0,0,0,0,0],"background":["#00923f","#06338e","#b5261e","#da251d","#50b747","#00a4ac","#ff8300","#ffcb01","#5a2a7c","#2e3233","#ec62a0","#a0a0a0"]},"primera_fuerza":"PRI","segunda_fuerza":"PAN","semaforo":{"partidos":"PRI:79-PAN:61","color":"rojo","rentabilidad":185,"competitividad":-18}},"orden_votos_individual_menor_mayor":{"partidos":{"PRD":0,"PES":0,"RSP":0,"FXM":0,"CAND-IND-1":0,"MC":1,"NA":3,"PVEM":8,"PT":9,"MORENA":23,"PAN":61,"PRI":79},"graficas":{"partidos":["PRD","PES","RSP","FXM","CAND-IND-1","MC","NA","PVEM","PT","MORENA","PAN","PRI"],"votos":[0,0,0,0,0,1,3,8,9,23,61,79],"background":["#ffcb01","#5a2a7c","#2e3233","#ec62a0","#a0a0a0","#ff8300","#00a4ac","#50b747","#da251d","#b5261e","#06338e","#00923f"]}},"orden_votos_totales_menor_mayor":{"partidos":{"PRD":0,"PES":0,"RSP":0,"FXM":0,"CAND-IND-1":0,"MC":1,"NA":3,"PVEM":8,"PT":9,"MORENA":23,"PAN":61,"PRI":79},"graficas":{"partidos":["PRD","PES","RSP","FXM","CAND-IND-1","MC","NA","PVEM","PT","MORENA","PAN","PRI"],"votos":[0,0,0,0,0,1,3,8,9,23,61,79],"background":["#ffcb01","#5a2a7c","#2e3233","#ec62a0","#a0a0a0","#ff8300","#00a4ac","#50b747","#da251d","#b5261e","#06338e","#00923f"]}}},"4":{"id":"4","clave":"4","numero":"4","latitud":"20.6483422","longitud":"-89.681991","tipo":"0","id_municipio":"2305","municipio":"ABALA","seccion_localidades":"RANCHO 3 CENOTES - RANCHO SAN ANTONIO TEBAKAL - SINHUNCHEN - TEMOZON SUR","casillas":"2","lista_nominal":"803","votos_nulos":"0","votos_can_nreg":"0","votos_validos":"712","ciudadanos_registrados":"48","apoyos_programas":"21","acciones_obras":"0","grupos_interes":"0","militantes":"1","funcionarios":"0","juntas":"0","visitas":"0","caminatas":"0","consulta_rvm_lista_nominal":null,"consulta_rvm_casillas":"0","consulta_rvm_votos_nulos":null,"consulta_rvm_votos_can_nreg":null,"consulta_rvm_votos_validos":null,"consulta_rvm_votos_totales":0,"votos_totales":712,"participacion_ciudadana":88.66,"partidos":{"PAN":{"id":"1","clave":"PAN","nombre_corto":"PAN","nombre":"Partido Acci\u00f3n Nacional","principal":null,"logo":"pan.png","color_border":"06338e","color_background":"06338e","votos_individual":"254","coaliciones_sin_orden":{"PAN":{"id":"1","clave":"PTD21001","nombre_corto":"PAN","nombre":"Partido Acci\u00f3n Nacional","logo":"pan.png","color_border":"06338e","color_background":"06338e","votos":"254","id_municipio":"2305","id_seccion_ine":"4"},"PRD":{"id":"3","clave":"PTD21003","nombre_corto":"PRD","nombre":"Partido de la Revoluci\u00f3n Democr\u00e1tica","logo":"prd.png","color_border":"ffcb01","color_background":"ffcb01","votos":"0","id_municipio":"2305","id_seccion_ine":"4"},"NA":{"id":"11","clave":"PTD21011","nombre_corto":"NA","nombre":"Nueva Alianza","logo":"na.png","color_border":"00a4ac","color_background":"00a4ac","votos":"0","id_municipio":"2305","id_seccion_ine":"4"}},"votos_coaliciones":0,"coaliciones_orden_votos_individual":{"PAN":254,"PRD":0},"votos_coaliciones_individual":0,"votos_totales":254},"PRI":{"id":"2","clave":"PRI","nombre_corto":"PRI","nombre":"Partido Revolucionario Institucional","principal":null,"logo":"pri.png","color_border":"d23026","color_background":"00923f","votos_individual":"372","coaliciones_sin_orden":{"PRI":{"id":"2","clave":"PTD21002","nombre_corto":"PRI","nombre":"Partido Revolucionario Institucional","logo":"pri.png","color_border":"d23026","color_background":"00923f","votos":"372","id_municipio":"2305","id_seccion_ine":"4"},"PRD":{"id":"3","clave":"PTD21003","nombre_corto":"PRD","nombre":"Partido de la Revoluci\u00f3n Democr\u00e1tica","logo":"prd.png","color_border":"ffcb01","color_background":"ffcb01","votos":"0","id_municipio":"2305","id_seccion_ine":"4"},"NA":{"id":"11","clave":"PTD21011","nombre_corto":"NA","nombre":"Nueva Alianza","logo":"na.png","color_border":"00a4ac","color_background":"00a4ac","votos":"0","id_municipio":"2305","id_seccion_ine":"4"}},"votos_coaliciones":0,"coaliciones_orden_votos_individual":{"PRI":372,"PRD":0},"votos_coaliciones_individual":0,"votos_totales":372},"PRD":{"id":"3","clave":"PRD","nombre_corto":"PRD","nombre":"Partido de la Revoluci\u00f3n Democr\u00e1tica","principal":null,"logo":"prd.png","color_border":"ffcb01","color_background":"ffcb01","votos_individual":"0","coaliciones_sin_orden":{"PAN":{"id":"1","clave":"PTD21001","nombre_corto":"PAN","nombre":"Partido Acci\u00f3n Nacional","logo":"pan.png","color_border":"06338e","color_background":"06338e","votos":"254","id_municipio":"2305","id_seccion_ine":"4"},"PRD":{"id":"3","clave":"PTD21003","nombre_corto":"PRD","nombre":"Partido de la Revoluci\u00f3n Democr\u00e1tica","logo":"prd.png","color_border":"ffcb01","color_background":"ffcb01","votos":"0","id_municipio":"2305","id_seccion_ine":"4"},"NA":{"id":"11","clave":"PTD21011","nombre_corto":"NA","nombre":"Nueva Alianza","logo":"na.png","color_border":"00a4ac","color_background":"00a4ac","votos":"0","id_municipio":"2305","id_seccion_ine":"4"},"PRI":{"id":"2","clave":"PTD21002","nombre_corto":"PRI","nombre":"Partido Revolucionario Institucional","logo":"pri.png","color_border":"d23026","color_background":"00923f","votos":"372","id_municipio":"2305","id_seccion_ine":"4"}},"votos_coaliciones":0,"coaliciones_orden_votos_individual":{"PRI":372,"PAN":254,"PRD":0},"votos_coaliciones_individual":626,"votos_totales":626},"PVEM":{"id":"4","clave":"PVEM","nombre_corto":"PVEM","nombre":"Partido Verde Ecologista de M\u00e9xico","principal":"1","logo":"pvem.png","color_border":"50b747","color_background":"50b747","votos_individual":"12","coaliciones_sin_orden":null,"votos_coaliciones":0,"votos_coaliciones_individual":0,"votos_totales":12},"PT":{"id":"5","clave":"PT","nombre_corto":"PT","nombre":"Partido del Trabajo","principal":null,"logo":"pt.png","color_border":"eee500","color_background":"da251d","votos_individual":"31","coaliciones_sin_orden":null,"votos_coaliciones":0,"votos_coaliciones_individual":0,"votos_totales":31},"MC":{"id":"6","clave":"MC","nombre_corto":"MC","nombre":"Movimiento Ciudadano","principal":null,"logo":"mc.png","color_border":"ff8300","color_background":"ff8300","votos_individual":"0","coaliciones_sin_orden":null,"votos_coaliciones":0,"votos_coaliciones_individual":0,"votos_totales":0},"MORENA":{"id":"7","clave":"MORENA","nombre_corto":"MORENA","nombre":"Movimiento de Regeneraci\u00f3n Nacional","principal":null,"logo":"morena.png","color_border":"b5261e","color_background":"b5261e","votos_individual":"42","coaliciones_sin_orden":null,"votos_coaliciones":0,"votos_coaliciones_individual":0,"votos_totales":42},"PES":{"id":"8","clave":"PES","nombre_corto":"PES","nombre":"Partido Encuentro Social","principal":null,"logo":"pes.png","color_border":"5a2a7c","color_background":"5a2a7c","votos_individual":"0","coaliciones_sin_orden":null,"votos_coaliciones":0,"votos_coaliciones_individual":0,"votos_totales":0},"RSP":{"id":"9","clave":"RSP","nombre_corto":"RSP","nombre":"Redes Sociales Progresistas","principal":null,"logo":"rsp.png","color_border":"c82039","color_background":"2e3233","votos_individual":"0","coaliciones_sin_orden":null,"votos_coaliciones":0,"votos_coaliciones_individual":0,"votos_totales":0},"FXM":{"id":"10","clave":"FXM","nombre_corto":"FXM","nombre":"Fuerza por M\u00e9xico","principal":null,"logo":"fxm.png","color_border":"ec62a0","color_background":"ec62a0","votos_individual":"1","coaliciones_sin_orden":null,"votos_coaliciones":0,"votos_coaliciones_individual":0,"votos_totales":1},"NA":{"id":"11","clave":"NA","nombre_corto":"NA","nombre":"Nueva Alianza","principal":null,"logo":"na.png","color_border":"00a4ac","color_background":"00a4ac","votos_individual":"0","coaliciones_sin_orden":{"PAN":{"id":"1","clave":"PTD21001","nombre_corto":"PAN","nombre":"Partido Acci\u00f3n Nacional","logo":"pan.png","color_border":"06338e","color_background":"06338e","votos":"254","id_municipio":"2305","id_seccion_ine":"4"},"PRD":{"id":"3","clave":"PTD21003","nombre_corto":"PRD","nombre":"Partido de la Revoluci\u00f3n Democr\u00e1tica","logo":"prd.png","color_border":"ffcb01","color_background":"ffcb01","votos":"0","id_municipio":"2305","id_seccion_ine":"4"},"NA":{"id":"11","clave":"PTD21011","nombre_corto":"NA","nombre":"Nueva Alianza","logo":"na.png","color_border":"00a4ac","color_background":"00a4ac","votos":"0","id_municipio":"2305","id_seccion_ine":"4"},"PRI":{"id":"2","clave":"PTD21002","nombre_corto":"PRI","nombre":"Partido Revolucionario Institucional","logo":"pri.png","color_border":"d23026","color_background":"00923f","votos":"372","id_municipio":"2305","id_seccion_ine":"4"}},"votos_coaliciones":0,"coaliciones_orden_votos_individual":{"PRI":372,"PAN":254,"PRD":0},"votos_coaliciones_individual":626,"votos_totales":626},"CAND-IND-1":{"id":"12","clave":"CAND-IND-1","nombre_corto":"CAND-IND-1","nombre":"Candidatos Independientes","principal":null,"logo":"cand-ind-1.png","color_border":"a0a0a0","color_background":"a0a0a0","votos_individual":"0","coaliciones_sin_orden":null,"votos_coaliciones":0,"votos_coaliciones_individual":0,"votos_totales":0}},"orden_votos_individual":{"partidos":{"PRI":372,"PAN":254,"MORENA":42,"PT":31,"PVEM":12,"FXM":1,"PRD":0,"MC":0,"PES":0,"RSP":0,"NA":0,"CAND-IND-1":0},"graficas":{"partidos":["PRI","PAN","MORENA","PT","PVEM","FXM","PRD","MC","PES","RSP","NA","CAND-IND-1"],"votos":[372,254,42,31,12,1,0,0,0,0,0,0],"background":["#00923f","#06338e","#b5261e","#da251d","#50b747","#ec62a0","#ffcb01","#ff8300","#5a2a7c","#2e3233","#00a4ac","#a0a0a0"]},"primera_fuerza":"PRI","segunda_fuerza":"PAN","semaforo":{"color":"rojo","rentabilidad":700,"competitividad":-360,"rentabilidad_orden":4,"competitividad_orden":4}},"orden_votos_totales":{"partidos":{"PRI":372,"PAN":254,"MORENA":42,"PT":31,"PVEM":12,"FXM":1,"PRD":0,"MC":0,"PES":0,"RSP":0,"NA":0,"CAND-IND-1":0},"graficas":{"partidos":["PRI","PAN","MORENA","PT","PVEM","FXM","PRD","MC","PES","RSP","NA","CAND-IND-1"],"votos":[372,254,42,31,12,1,0,0,0,0,0,0],"background":["#00923f","#06338e","#b5261e","#da251d","#50b747","#ec62a0","#ffcb01","#ff8300","#5a2a7c","#2e3233","#00a4ac","#a0a0a0"]},"primera_fuerza":"PRI","segunda_fuerza":"PAN","semaforo":{"partidos":"PRI:372-PAN:254","color":"rojo","rentabilidad":712,"competitividad":-118}},"orden_votos_individual_menor_mayor":{"partidos":{"PRD":0,"MC":0,"PES":0,"RSP":0,"NA":0,"CAND-IND-1":0,"FXM":1,"PVEM":12,"PT":31,"MORENA":42,"PAN":254,"PRI":372},"graficas":{"partidos":["PRD","MC","PES","RSP","NA","CAND-IND-1","FXM","PVEM","PT","MORENA","PAN","PRI"],"votos":[0,0,0,0,0,0,1,12,31,42,254,372],"background":["#ffcb01","#ff8300","#5a2a7c","#2e3233","#00a4ac","#a0a0a0","#ec62a0","#50b747","#da251d","#b5261e","#06338e","#00923f"]}},"orden_votos_totales_menor_mayor":{"partidos":{"PRD":0,"MC":0,"PES":0,"RSP":0,"NA":0,"CAND-IND-1":0,"FXM":1,"PVEM":12,"PT":31,"MORENA":42,"PAN":254,"PRI":372},"graficas":{"partidos":["PRD","MC","PES","RSP","NA","CAND-IND-1","FXM","PVEM","PT","MORENA","PAN","PRI"],"votos":[0,0,0,0,0,0,1,12,31,42,254,372],"background":["#ffcb01","#ff8300","#5a2a7c","#2e3233","#00a4ac","#a0a0a0","#ec62a0","#50b747","#da251d","#b5261e","#06338e","#00923f"]}}},"5":{"id":"5","clave":"5","numero":"5","latitud":"20.6936905","longitud":"-89.593286","tipo":"1","id_municipio":"2305","municipio":"ABALA","seccion_localidades":"UAYALCEH DE PEON","casillas":"3","lista_nominal":"1746","votos_nulos":"0","votos_can_nreg":"0","votos_validos":"1425","ciudadanos_registrados":"143","apoyos_programas":"72","acciones_obras":"0","grupos_interes":"0","militantes":"7","funcionarios":"0","juntas":"0","visitas":"0","caminatas":"0","consulta_rvm_lista_nominal":null,"consulta_rvm_casillas":"0","consulta_rvm_votos_nulos":null,"consulta_rvm_votos_can_nreg":null,"consulta_rvm_votos_validos":null,"consulta_rvm_votos_totales":0,"votos_totales":1425,"participacion_ciudadana":81.61,"partidos":{"PAN":{"id":"1","clave":"PAN","nombre_corto":"PAN","nombre":"Partido Acci\u00f3n Nacional","principal":null,"logo":"pan.png","color_border":"06338e","color_background":"06338e","votos_individual":"468","coaliciones_sin_orden":{"PAN":{"id":"1","clave":"PTD21001","nombre_corto":"PAN","nombre":"Partido Acci\u00f3n Nacional","logo":"pan.png","color_border":"06338e","color_background":"06338e","votos":"468","id_municipio":"2305","id_seccion_ine":"5"},"PRD":{"id":"3","clave":"PTD21003","nombre_corto":"PRD","nombre":"Partido de la Revoluci\u00f3n Democr\u00e1tica","logo":"prd.png","color_border":"ffcb01","color_background":"ffcb01","votos":"0","id_municipio":"2305","id_seccion_ine":"5"},"NA":{"id":"11","clave":"PTD21011","nombre_corto":"NA","nombre":"Nueva Alianza","logo":"na.png","color_border":"00a4ac","color_background":"00a4ac","votos":"2","id_municipio":"2305","id_seccion_ine":"5"}},"votos_coaliciones":0,"coaliciones_orden_votos_individual":{"PAN":468,"NA":2,"PRD":0},"votos_coaliciones_individual":2,"votos_totales":470},"PRI":{"id":"2","clave":"PRI","nombre_corto":"PRI","nombre":"Partido Revolucionario Institucional","principal":null,"logo":"pri.png","color_border":"d23026","color_background":"00923f","votos_individual":"712","coaliciones_sin_orden":{"PRI":{"id":"2","clave":"PTD21002","nombre_corto":"PRI","nombre":"Partido Revolucionario Institucional","logo":"pri.png","color_border":"d23026","color_background":"00923f","votos":"712","id_municipio":"2305","id_seccion_ine":"5"},"PRD":{"id":"3","clave":"PTD21003","nombre_corto":"PRD","nombre":"Partido de la Revoluci\u00f3n Democr\u00e1tica","logo":"prd.png","color_border":"ffcb01","color_background":"ffcb01","votos":"0","id_municipio":"2305","id_seccion_ine":"5"},"NA":{"id":"11","clave":"PTD21011","nombre_corto":"NA","nombre":"Nueva Alianza","logo":"na.png","color_border":"00a4ac","color_background":"00a4ac","votos":"2","id_municipio":"2305","id_seccion_ine":"5"}},"votos_coaliciones":0,"coaliciones_orden_votos_individual":{"PRI":712,"NA":2,"PRD":0},"votos_coaliciones_individual":2,"votos_totales":714},"PRD":{"id":"3","clave":"PRD","nombre_corto":"PRD","nombre":"Partido de la Revoluci\u00f3n Democr\u00e1tica","principal":null,"logo":"prd.png","color_border":"ffcb01","color_background":"ffcb01","votos_individual":"0","coaliciones_sin_orden":{"PAN":{"id":"1","clave":"PTD21001","nombre_corto":"PAN","nombre":"Partido Acci\u00f3n Nacional","logo":"pan.png","color_border":"06338e","color_background":"06338e","votos":"468","id_municipio":"2305","id_seccion_ine":"5"},"PRD":{"id":"3","clave":"PTD21003","nombre_corto":"PRD","nombre":"Partido de la Revoluci\u00f3n Democr\u00e1tica","logo":"prd.png","color_border":"ffcb01","color_background":"ffcb01","votos":"0","id_municipio":"2305","id_seccion_ine":"5"},"NA":{"id":"11","clave":"PTD21011","nombre_corto":"NA","nombre":"Nueva Alianza","logo":"na.png","color_border":"00a4ac","color_background":"00a4ac","votos":"2","id_municipio":"2305","id_seccion_ine":"5"},"PRI":{"id":"2","clave":"PTD21002","nombre_corto":"PRI","nombre":"Partido Revolucionario Institucional","logo":"pri.png","color_border":"d23026","color_background":"00923f","votos":"712","id_municipio":"2305","id_seccion_ine":"5"}},"votos_coaliciones":0,"coaliciones_orden_votos_individual":{"PRI":712,"PAN":468,"NA":2,"PRD":0},"votos_coaliciones_individual":1182,"votos_totales":1182},"PVEM":{"id":"4","clave":"PVEM","nombre_corto":"PVEM","nombre":"Partido Verde Ecologista de M\u00e9xico","principal":"1","logo":"pvem.png","color_border":"50b747","color_background":"50b747","votos_individual":"7","coaliciones_sin_orden":null,"votos_coaliciones":0,"votos_coaliciones_individual":0,"votos_totales":7},"PT":{"id":"5","clave":"PT","nombre_corto":"PT","nombre":"Partido del Trabajo","principal":null,"logo":"pt.png","color_border":"eee500","color_background":"da251d","votos_individual":"22","coaliciones_sin_orden":null,"votos_coaliciones":0,"votos_coaliciones_individual":0,"votos_totales":22},"MC":{"id":"6","clave":"MC","nombre_corto":"MC","nombre":"Movimiento Ciudadano","principal":null,"logo":"mc.png","color_border":"ff8300","color_background":"ff8300","votos_individual":"3","coaliciones_sin_orden":null,"votos_coaliciones":0,"votos_coaliciones_individual":0,"votos_totales":3},"MORENA":{"id":"7","clave":"MORENA","nombre_corto":"MORENA","nombre":"Movimiento de Regeneraci\u00f3n Nacional","principal":null,"logo":"morena.png","color_border":"b5261e","color_background":"b5261e","votos_individual":"208","coaliciones_sin_orden":null,"votos_coaliciones":0,"votos_coaliciones_individual":0,"votos_totales":208},"PES":{"id":"8","clave":"PES","nombre_corto":"PES","nombre":"Partido Encuentro Social","principal":null,"logo":"pes.png","color_border":"5a2a7c","color_background":"5a2a7c","votos_individual":"0","coaliciones_sin_orden":null,"votos_coaliciones":0,"votos_coaliciones_individual":0,"votos_totales":0},"RSP":{"id":"9","clave":"RSP","nombre_corto":"RSP","nombre":"Redes Sociales Progresistas","principal":null,"logo":"rsp.png","color_border":"c82039","color_background":"2e3233","votos_individual":"0","coaliciones_sin_orden":null,"votos_coaliciones":0,"votos_coaliciones_individual":0,"votos_totales":0},"FXM":{"id":"10","clave":"FXM","nombre_corto":"FXM","nombre":"Fuerza por M\u00e9xico","principal":null,"logo":"fxm.png","color_border":"ec62a0","color_background":"ec62a0","votos_individual":"3","coaliciones_sin_orden":null,"votos_coaliciones":0,"votos_coaliciones_individual":0,"votos_totales":3},"NA":{"id":"11","clave":"NA","nombre_corto":"NA","nombre":"Nueva Alianza","principal":null,"logo":"na.png","color_border":"00a4ac","color_background":"00a4ac","votos_individual":"2","coaliciones_sin_orden":{"PAN":{"id":"1","clave":"PTD21001","nombre_corto":"PAN","nombre":"Partido Acci\u00f3n Nacional","logo":"pan.png","color_border":"06338e","color_background":"06338e","votos":"468","id_municipio":"2305","id_seccion_ine":"5"},"PRD":{"id":"3","clave":"PTD21003","nombre_corto":"PRD","nombre":"Partido de la Revoluci\u00f3n Democr\u00e1tica","logo":"prd.png","color_border":"ffcb01","color_background":"ffcb01","votos":"0","id_municipio":"2305","id_seccion_ine":"5"},"NA":{"id":"11","clave":"PTD21011","nombre_corto":"NA","nombre":"Nueva Alianza","logo":"na.png","color_border":"00a4ac","color_background":"00a4ac","votos":"2","id_municipio":"2305","id_seccion_ine":"5"},"PRI":{"id":"2","clave":"PTD21002","nombre_corto":"PRI","nombre":"Partido Revolucionario Institucional","logo":"pri.png","color_border":"d23026","color_background":"00923f","votos":"712","id_municipio":"2305","id_seccion_ine":"5"}},"votos_coaliciones":0,"coaliciones_orden_votos_individual":{"PRI":712,"PAN":468,"NA":2,"PRD":0},"votos_coaliciones_individual":1180,"votos_totales":1182},"CAND-IND-1":{"id":"12","clave":"CAND-IND-1","nombre_corto":"CAND-IND-1","nombre":"Candidatos Independientes","principal":null,"logo":"cand-ind-1.png","color_border":"a0a0a0","color_background":"a0a0a0","votos_individual":"0","coaliciones_sin_orden":null,"votos_coaliciones":0,"votos_coaliciones_individual":0,"votos_totales":0}},"orden_votos_individual":{"partidos":{"PRI":712,"PAN":468,"MORENA":208,"PT":22,"PVEM":7,"MC":3,"FXM":3,"NA":2,"PRD":0,"PES":0,"RSP":0,"CAND-IND-1":0},"graficas":{"partidos":["PRI","PAN","MORENA","PT","PVEM","MC","FXM","NA","PRD","PES","RSP","CAND-IND-1"],"votos":[712,468,208,22,7,3,3,2,0,0,0,0],"background":["#00923f","#06338e","#b5261e","#da251d","#50b747","#ff8300","#ec62a0","#00a4ac","#ffcb01","#5a2a7c","#2e3233","#a0a0a0"]},"primera_fuerza":"PRI","segunda_fuerza":"PAN","semaforo":{"color":"rojo","rentabilidad":1418,"competitividad":-705,"rentabilidad_orden":5,"competitividad_orden":6}},"orden_votos_totales":{"partidos":{"PRI":712,"PAN":468,"MORENA":208,"PT":22,"PVEM":7,"MC":3,"FXM":3,"NA":2,"PRD":0,"PES":0,"RSP":0,"CAND-IND-1":0},"graficas":{"partidos":["PRI","PAN","MORENA","PT","PVEM","MC","FXM","NA","PRD","PES","RSP","CAND-IND-1"],"votos":[712,468,208,22,7,3,3,2,0,0,0,0],"background":["#00923f","#06338e","#b5261e","#da251d","#50b747","#ff8300","#ec62a0","#00a4ac","#ffcb01","#5a2a7c","#2e3233","#a0a0a0"]},"primera_fuerza":"PRI","segunda_fuerza":"PAN","semaforo":{"partidos":"PRI:712-PAN:468","color":"rojo","rentabilidad":1425,"competitividad":-244}},"orden_votos_individual_menor_mayor":{"partidos":{"PRD":0,"PES":0,"RSP":0,"CAND-IND-1":0,"NA":2,"MC":3,"FXM":3,"PVEM":7,"PT":22,"MORENA":208,"PAN":468,"PRI":712},"graficas":{"partidos":["PRD","PES","RSP","CAND-IND-1","NA","MC","FXM","PVEM","PT","MORENA","PAN","PRI"],"votos":[0,0,0,0,2,3,3,7,22,208,468,712],"background":["#ffcb01","#5a2a7c","#2e3233","#a0a0a0","#00a4ac","#ff8300","#ec62a0","#50b747","#da251d","#b5261e","#06338e","#00923f"]}},"orden_votos_totales_menor_mayor":{"partidos":{"PRD":0,"PES":0,"RSP":0,"CAND-IND-1":0,"NA":2,"MC":3,"FXM":3,"PVEM":7,"PT":22,"MORENA":208,"PAN":468,"PRI":712},"graficas":{"partidos":["PRD","PES","RSP","CAND-IND-1","NA","MC","FXM","PVEM","PT","MORENA","PAN","PRI"],"votos":[0,0,0,0,2,3,3,7,22,208,468,712],"background":["#ffcb01","#5a2a7c","#2e3233","#a0a0a0","#00a4ac","#ff8300","#ec62a0","#50b747","#da251d","#b5261e","#06338e","#00923f"]}}},"6":{"id":"6","clave":"6","numero":"6","latitud":"20.6284782","longitud":"-89.590031","tipo":"0","id_municipio":"2305","municipio":"ABALA","seccion_localidades":"MUKUYCHE","casillas":"1","lista_nominal":"393","votos_nulos":"0","votos_can_nreg":"0","votos_validos":"365","ciudadanos_registrados":"33","apoyos_programas":"10","acciones_obras":"0","grupos_interes":"0","militantes":"1","funcionarios":"0","juntas":"0","visitas":"0","caminatas":"0","consulta_rvm_lista_nominal":"3568","consulta_rvm_casillas":"2","consulta_rvm_votos_nulos":"18","consulta_rvm_votos_can_nreg":"0","consulta_rvm_votos_validos":"956","consulta_rvm_votos_totales":974,"votos_totales":365,"participacion_ciudadana":92.87,"partidos":{"PAN":{"id":"1","clave":"PAN","nombre_corto":"PAN","nombre":"Partido Acci\u00f3n Nacional","principal":null,"logo":"pan.png","color_border":"06338e","color_background":"06338e","votos_individual":"119","coaliciones_sin_orden":{"PAN":{"id":"1","clave":"PTD21001","nombre_corto":"PAN","nombre":"Partido Acci\u00f3n Nacional","logo":"pan.png","color_border":"06338e","color_background":"06338e","votos":"119","id_municipio":"2305","id_seccion_ine":"6"},"PRD":{"id":"3","clave":"PTD21003","nombre_corto":"PRD","nombre":"Partido de la Revoluci\u00f3n Democr\u00e1tica","logo":"prd.png","color_border":"ffcb01","color_background":"ffcb01","votos":"0","id_municipio":"2305","id_seccion_ine":"6"},"NA":{"id":"11","clave":"PTD21011","nombre_corto":"NA","nombre":"Nueva Alianza","logo":"na.png","color_border":"00a4ac","color_background":"00a4ac","votos":"0","id_municipio":"2305","id_seccion_ine":"6"}},"votos_coaliciones":0,"coaliciones_orden_votos_individual":{"PAN":119,"PRD":0},"votos_coaliciones_individual":0,"votos_totales":119},"PRI":{"id":"2","clave":"PRI","nombre_corto":"PRI","nombre":"Partido Revolucionario Institucional","principal":null,"logo":"pri.png","color_border":"d23026","color_background":"00923f","votos_individual":"187","coaliciones_sin_orden":{"PRI":{"id":"2","clave":"PTD21002","nombre_corto":"PRI","nombre":"Partido Revolucionario Institucional","logo":"pri.png","color_border":"d23026","color_background":"00923f","votos":"187","id_municipio":"2305","id_seccion_ine":"6"},"PRD":{"id":"3","clave":"PTD21003","nombre_corto":"PRD","nombre":"Partido de la Revoluci\u00f3n Democr\u00e1tica","logo":"prd.png","color_border":"ffcb01","color_background":"ffcb01","votos":"0","id_municipio":"2305","id_seccion_ine":"6"},"NA":{"id":"11","clave":"PTD21011","nombre_corto":"NA","nombre":"Nueva Alianza","logo":"na.png","color_border":"00a4ac","color_background":"00a4ac","votos":"0","id_municipio":"2305","id_seccion_ine":"6"}},"votos_coaliciones":0,"coaliciones_orden_votos_individual":{"PRI":187,"PRD":0},"votos_coaliciones_individual":0,"votos_totales":187},"PRD":{"id":"3","clave":"PRD","nombre_corto":"PRD","nombre":"Partido de la Revoluci\u00f3n Democr\u00e1tica","principal":null,"logo":"prd.png","color_border":"ffcb01","color_background":"ffcb01","votos_individual":"0","coaliciones_sin_orden":{"PAN":{"id":"1","clave":"PTD21001","nombre_corto":"PAN","nombre":"Partido Acci\u00f3n Nacional","logo":"pan.png","color_border":"06338e","color_background":"06338e","votos":"119","id_municipio":"2305","id_seccion_ine":"6"},"PRD":{"id":"3","clave":"PTD21003","nombre_corto":"PRD","nombre":"Partido de la Revoluci\u00f3n Democr\u00e1tica","logo":"prd.png","color_border":"ffcb01","color_background":"ffcb01","votos":"0","id_municipio":"2305","id_seccion_ine":"6"},"NA":{"id":"11","clave":"PTD21011","nombre_corto":"NA","nombre":"Nueva Alianza","logo":"na.png","color_border":"00a4ac","color_background":"00a4ac","votos":"0","id_municipio":"2305","id_seccion_ine":"6"},"PRI":{"id":"2","clave":"PTD21002","nombre_corto":"PRI","nombre":"Partido Revolucionario Institucional","logo":"pri.png","color_border":"d23026","color_background":"00923f","votos":"187","id_municipio":"2305","id_seccion_ine":"6"}},"votos_coaliciones":0,"coaliciones_orden_votos_individual":{"PRI":187,"PAN":119,"PRD":0},"votos_coaliciones_individual":306,"votos_totales":306},"PVEM":{"id":"4","clave":"PVEM","nombre_corto":"PVEM","nombre":"Partido Verde Ecologista de M\u00e9xico","principal":"1","logo":"pvem.png","color_border":"50b747","color_background":"50b747","votos_individual":"1","coaliciones_sin_orden":null,"votos_coaliciones":0,"votos_coaliciones_individual":0,"votos_totales":1},"PT":{"id":"5","clave":"PT","nombre_corto":"PT","nombre":"Partido del Trabajo","principal":null,"logo":"pt.png","color_border":"eee500","color_background":"da251d","votos_individual":"25","coaliciones_sin_orden":null,"votos_coaliciones":0,"votos_coaliciones_individual":0,"votos_totales":25},"MC":{"id":"6","clave":"MC","nombre_corto":"MC","nombre":"Movimiento Ciudadano","principal":null,"logo":"mc.png","color_border":"ff8300","color_background":"ff8300","votos_individual":"3","coaliciones_sin_orden":null,"votos_coaliciones":0,"votos_coaliciones_individual":0,"votos_totales":3},"MORENA":{"id":"7","clave":"MORENA","nombre_corto":"MORENA","nombre":"Movimiento de Regeneraci\u00f3n Nacional","principal":null,"logo":"morena.png","color_border":"b5261e","color_background":"b5261e","votos_individual":"29","coaliciones_sin_orden":null,"votos_coaliciones":0,"votos_coaliciones_individual":0,"votos_totales":29},"PES":{"id":"8","clave":"PES","nombre_corto":"PES","nombre":"Partido Encuentro Social","principal":null,"logo":"pes.png","color_border":"5a2a7c","color_background":"5a2a7c","votos_individual":"0","coaliciones_sin_orden":null,"votos_coaliciones":0,"votos_coaliciones_individual":0,"votos_totales":0},"RSP":{"id":"9","clave":"RSP","nombre_corto":"RSP","nombre":"Redes Sociales Progresistas","principal":null,"logo":"rsp.png","color_border":"c82039","color_background":"2e3233","votos_individual":"0","coaliciones_sin_orden":null,"votos_coaliciones":0,"votos_coaliciones_individual":0,"votos_totales":0},"FXM":{"id":"10","clave":"FXM","nombre_corto":"FXM","nombre":"Fuerza por M\u00e9xico","principal":null,"logo":"fxm.png","color_border":"ec62a0","color_background":"ec62a0","votos_individual":"1","coaliciones_sin_orden":null,"votos_coaliciones":0,"votos_coaliciones_individual":0,"votos_totales":1},"NA":{"id":"11","clave":"NA","nombre_corto":"NA","nombre":"Nueva Alianza","principal":null,"logo":"na.png","color_border":"00a4ac","color_background":"00a4ac","votos_individual":"0","coaliciones_sin_orden":{"PAN":{"id":"1","clave":"PTD21001","nombre_corto":"PAN","nombre":"Partido Acci\u00f3n Nacional","logo":"pan.png","color_border":"06338e","color_background":"06338e","votos":"119","id_municipio":"2305","id_seccion_ine":"6"},"PRD":{"id":"3","clave":"PTD21003","nombre_corto":"PRD","nombre":"Partido de la Revoluci\u00f3n Democr\u00e1tica","logo":"prd.png","color_border":"ffcb01","color_background":"ffcb01","votos":"0","id_municipio":"2305","id_seccion_ine":"6"},"NA":{"id":"11","clave":"PTD21011","nombre_corto":"NA","nombre":"Nueva Alianza","logo":"na.png","color_border":"00a4ac","color_background":"00a4ac","votos":"0","id_municipio":"2305","id_seccion_ine":"6"},"PRI":{"id":"2","clave":"PTD21002","nombre_corto":"PRI","nombre":"Partido Revolucionario Institucional","logo":"pri.png","color_border":"d23026","color_background":"00923f","votos":"187","id_municipio":"2305","id_seccion_ine":"6"}},"votos_coaliciones":0,"coaliciones_orden_votos_individual":{"PRI":187,"PAN":119,"PRD":0},"votos_coaliciones_individual":306,"votos_totales":306},"CAND-IND-1":{"id":"12","clave":"CAND-IND-1","nombre_corto":"CAND-IND-1","nombre":"Candidatos Independientes","principal":null,"logo":"cand-ind-1.png","color_border":"a0a0a0","color_background":"a0a0a0","votos_individual":"0","coaliciones_sin_orden":null,"votos_coaliciones":0,"votos_coaliciones_individual":0,"votos_totales":0}},"orden_votos_individual":{"partidos":{"PRI":187,"PAN":119,"MORENA":29,"PT":25,"MC":3,"PVEM":1,"FXM":1,"PRD":0,"PES":0,"RSP":0,"NA":0,"CAND-IND-1":0},"graficas":{"partidos":["PRI","PAN","MORENA","PT","MC","PVEM","FXM","PRD","PES","RSP","NA","CAND-IND-1"],"votos":[187,119,29,25,3,1,1,0,0,0,0,0],"background":["#00923f","#06338e","#b5261e","#da251d","#ff8300","#50b747","#ec62a0","#ffcb01","#5a2a7c","#2e3233","#00a4ac","#a0a0a0"]},"primera_fuerza":"PRI","segunda_fuerza":"PAN","semaforo":{"color":"rojo","rentabilidad":364,"competitividad":-186,"rentabilidad_orden":3,"competitividad_orden":3}},"orden_votos_totales":{"partidos":{"PRI":187,"PAN":119,"MORENA":29,"PT":25,"MC":3,"PVEM":1,"FXM":1,"PRD":0,"PES":0,"RSP":0,"NA":0,"CAND-IND-1":0},"graficas":{"partidos":["PRI","PAN","MORENA","PT","MC","PVEM","FXM","PRD","PES","RSP","NA","CAND-IND-1"],"votos":[187,119,29,25,3,1,1,0,0,0,0,0],"background":["#00923f","#06338e","#b5261e","#da251d","#ff8300","#50b747","#ec62a0","#ffcb01","#5a2a7c","#2e3233","#00a4ac","#a0a0a0"]},"primera_fuerza":"PRI","segunda_fuerza":"PAN","semaforo":{"partidos":"PRI:187-PAN:119","color":"rojo","rentabilidad":365,"competitividad":-68}},"orden_votos_individual_menor_mayor":{"partidos":{"PRD":0,"PES":0,"RSP":0,"NA":0,"CAND-IND-1":0,"PVEM":1,"FXM":1,"MC":3,"PT":25,"MORENA":29,"PAN":119,"PRI":187},"graficas":{"partidos":["PRD","PES","RSP","NA","CAND-IND-1","PVEM","FXM","MC","PT","MORENA","PAN","PRI"],"votos":[0,0,0,0,0,1,1,3,25,29,119,187],"background":["#ffcb01","#5a2a7c","#2e3233","#00a4ac","#a0a0a0","#50b747","#ec62a0","#ff8300","#da251d","#b5261e","#06338e","#00923f"]}},"orden_votos_totales_menor_mayor":{"partidos":{"PRD":0,"PES":0,"RSP":0,"NA":0,"CAND-IND-1":0,"PVEM":1,"FXM":1,"MC":3,"PT":25,"MORENA":29,"PAN":119,"PRI":187},"graficas":{"partidos":["PRD","PES","RSP","NA","CAND-IND-1","PVEM","FXM","MC","PT","MORENA","PAN","PRI"],"votos":[0,0,0,0,0,1,1,3,25,29,119,187],"background":["#ffcb01","#5a2a7c","#2e3233","#00a4ac","#a0a0a0","#50b747","#ec62a0","#ff8300","#da251d","#b5261e","#06338e","#00923f"]}},"revocacion_mandato":{"preguntas":{"SIGA":{"id_pregunta_2022_revocacion_mandato":"2","clave":"PRV22002","nombre_corto":"SIGA","logo":"siga.png","votos":"941","id_seccion_ine":"6"},"NO_SIGA":{"id_pregunta_2022_revocacion_mandato":"1","clave":"PRV22001","nombre_corto":"NO_SIGA","logo":"no_siga.png","votos":"15","id_seccion_ine":"6"}},"orden_preguntas":{"SIGA":941,"NO_SIGA":15},"principales":{"prinicipal":"SIGA","secundaria":"NO_SIGA"}}}}