{"partidos":{"PAN":{"id":"1","clave":"PAN","nombre_corto":"PAN","nombre":"Partido Acci\u00f3n Nacional","principal":null,"logo":"pan.png","color_border":"06338e","color_background":"06338e","votos_individual":"2033","coaliciones_sin_orden":{"PAN":{"id":"1","clave":"PTD18001","nombre_corto":"PAN","nombre":"Partido Acci\u00f3n Nacional","logo":"pan.png","color_border":"06338e","color_background":"06338e","votos":"2033"},"MC":{"id":"6","clave":"PTD18006","nombre_corto":"MC","nombre":"Movimiento Ciudadano","logo":"mc.png","color_border":"ff8300","color_background":"ff8300","votos":"23"}},"votos_coaliciones":14,"coaliciones_orden_votos_individual":{"PAN":2033,"MC":23},"votos_coaliciones_individual":23,"votos_totales":2070},"PRI":{"id":"2","clave":"PRI","nombre_corto":"PRI","nombre":"Partido Revolucionario Institucional","principal":null,"logo":"pri.png","color_border":"d23026","color_background":"00923f","votos_individual":"1757","coaliciones_sin_orden":{"PRI":{"id":"2","clave":"PTD18002","nombre_corto":"PRI","nombre":"Partido Revolucionario Institucional","logo":"pri.png","color_border":"d23026","color_background":"00923f","votos":"1757"},"PVEM":{"id":"4","clave":"PTD18004","nombre_corto":"PVEM","nombre":"Partido Verde Ecologista de M\u00e9xico","logo":"pvem.png","color_border":"50b747","color_background":"50b747","votos":"8","principal":"1"},"NA":{"id":"7","clave":"PTD18007","nombre_corto":"NA","nombre":"Nueva Alianza","logo":"na.png","color_border":"00a4ac","color_background":"00a4ac","votos":"6"}},"votos_coaliciones":6,"coaliciones_orden_votos_individual":{"PRI":1757,"PVEM":8,"NA":6},"votos_coaliciones_individual":14,"votos_totales":1777},"PRD":{"id":"3","clave":"PRD","nombre_corto":"PRD","nombre":"Partido de la Revoluci\u00f3n Democr\u00e1tica","principal":null,"logo":"prd.png","color_border":"ffcb01","color_background":"ffcb01","votos_individual":"3","coaliciones_sin_orden":null,"votos_coaliciones":0,"votos_coaliciones_individual":0,"votos_totales":3},"PVEM":{"id":"4","clave":"PVEM","nombre_corto":"PVEM","nombre":"Partido Verde Ecologista de M\u00e9xico","principal":"1","logo":"pvem.png","color_border":"50b747","color_background":"50b747","votos_individual":"8","coaliciones_sin_orden":{"PRI":{"id":"2","clave":"PTD18002","nombre_corto":"PRI","nombre":"Partido Revolucionario Institucional","logo":"pri.png","color_border":"d23026","color_background":"00923f","votos":"1757"},"PVEM":{"id":"4","clave":"PTD18004","nombre_corto":"PVEM","nombre":"Partido Verde Ecologista de M\u00e9xico","logo":"pvem.png","color_border":"50b747","color_background":"50b747","votos":"8","principal":"1"},"NA":{"id":"7","clave":"PTD18007","nombre_corto":"NA","nombre":"Nueva Alianza","logo":"na.png","color_border":"00a4ac","color_background":"00a4ac","votos":"6"}},"votos_coaliciones":4,"coaliciones_orden_votos_individual":{"PRI":1757,"PVEM":8,"NA":6},"votos_coaliciones_individual":1763,"votos_totales":1775},"PT":{"id":"5","clave":"PT","nombre_corto":"PT","nombre":"Partido del Trabajo","principal":null,"logo":"pt.png","color_border":"eee500","color_background":"da251d","votos_individual":"23","coaliciones_sin_orden":{"PT":{"id":"5","clave":"PTD18005","nombre_corto":"PT","nombre":"Partido del Trabajo","logo":"pt.png","color_border":"eee500","color_background":"da251d","votos":"23"},"MORENA":{"id":"8","clave":"PTD18008","nombre_corto":"MORENA","nombre":"Movimiento de Regeneraci\u00f3n Nacional","logo":"morena.png","color_border":"b5261e","color_background":"b5261e","votos":"475"},"PES":{"id":"9","clave":"PTD18009","nombre_corto":"PES","nombre":"Partido Encuentro Social","logo":"pes.png","color_border":"5a2a7c","color_background":"5a2a7c","votos":"6"}},"votos_coaliciones":4,"coaliciones_orden_votos_individual":{"MORENA":475,"PT":23,"PES":6},"votos_coaliciones_individual":481,"votos_totales":508},"MC":{"id":"6","clave":"MC","nombre_corto":"MC","nombre":"Movimiento Ciudadano","principal":null,"logo":"mc.png","color_border":"ff8300","color_background":"ff8300","votos_individual":"23","coaliciones_sin_orden":{"PAN":{"id":"1","clave":"PTD18001","nombre_corto":"PAN","nombre":"Partido Acci\u00f3n Nacional","logo":"pan.png","color_border":"06338e","color_background":"06338e","votos":"2033"},"MC":{"id":"6","clave":"PTD18006","nombre_corto":"MC","nombre":"Movimiento Ciudadano","logo":"mc.png","color_border":"ff8300","color_background":"ff8300","votos":"23"}},"votos_coaliciones":14,"coaliciones_orden_votos_individual":{"PAN":2033,"MC":23},"votos_coaliciones_individual":2033,"votos_totales":2070},"NA":{"id":"7","clave":"NA","nombre_corto":"NA","nombre":"Nueva Alianza","principal":null,"logo":"na.png","color_border":"00a4ac","color_background":"00a4ac","votos_individual":"6","coaliciones_sin_orden":{"PRI":{"id":"2","clave":"PTD18002","nombre_corto":"PRI","nombre":"Partido Revolucionario Institucional","logo":"pri.png","color_border":"d23026","color_background":"00923f","votos":"1757"},"PVEM":{"id":"4","clave":"PTD18004","nombre_corto":"PVEM","nombre":"Partido Verde Ecologista de M\u00e9xico","logo":"pvem.png","color_border":"50b747","color_background":"50b747","votos":"8","principal":"1"},"NA":{"id":"7","clave":"PTD18007","nombre_corto":"NA","nombre":"Nueva Alianza","logo":"na.png","color_border":"00a4ac","color_background":"00a4ac","votos":"6"},"PT":{"id":"5","clave":"PTD18005","nombre_corto":"PT","nombre":"Partido del Trabajo","logo":"pt.png","color_border":"eee500","color_background":"da251d","votos":"23"},"MORENA":{"id":"8","clave":"PTD18008","nombre_corto":"MORENA","nombre":"Movimiento de Regeneraci\u00f3n Nacional","logo":"morena.png","color_border":"b5261e","color_background":"b5261e","votos":"475"},"PES":{"id":"9","clave":"PTD18009","nombre_corto":"PES","nombre":"Partido Encuentro Social","logo":"pes.png","color_border":"5a2a7c","color_background":"5a2a7c","votos":"6"}},"votos_coaliciones":9,"coaliciones_orden_votos_individual":{"PRI":1757,"MORENA":475,"PT":23,"PVEM":8,"NA":6},"votos_coaliciones_individual":2263,"votos_totales":2278},"MORENA":{"id":"8","clave":"MORENA","nombre_corto":"MORENA","nombre":"Movimiento de Regeneraci\u00f3n Nacional","principal":null,"logo":"morena.png","color_border":"b5261e","color_background":"b5261e","votos_individual":"475","coaliciones_sin_orden":{"PT":{"id":"5","clave":"PTD18005","nombre_corto":"PT","nombre":"Partido del Trabajo","logo":"pt.png","color_border":"eee500","color_background":"da251d","votos":"23"},"MORENA":{"id":"8","clave":"PTD18008","nombre_corto":"MORENA","nombre":"Movimiento de Regeneraci\u00f3n Nacional","logo":"morena.png","color_border":"b5261e","color_background":"b5261e","votos":"475"},"PES":{"id":"9","clave":"PTD18009","nombre_corto":"PES","nombre":"Partido Encuentro Social","logo":"pes.png","color_border":"5a2a7c","color_background":"5a2a7c","votos":"6"}},"votos_coaliciones":5,"coaliciones_orden_votos_individual":{"MORENA":475,"PT":23,"PES":6},"votos_coaliciones_individual":29,"votos_totales":509},"PES":{"id":"9","clave":"PES","nombre_corto":"PES","nombre":"Partido Encuentro Social","principal":null,"logo":"pes.png","color_border":"5a2a7c","color_background":"5a2a7c","votos_individual":"6","coaliciones_sin_orden":{"PT":{"id":"5","clave":"PTD18005","nombre_corto":"PT","nombre":"Partido del Trabajo","logo":"pt.png","color_border":"eee500","color_background":"da251d","votos":"23"},"MORENA":{"id":"8","clave":"PTD18008","nombre_corto":"MORENA","nombre":"Movimiento de Regeneraci\u00f3n Nacional","logo":"morena.png","color_border":"b5261e","color_background":"b5261e","votos":"475"},"PES":{"id":"9","clave":"PTD18009","nombre_corto":"PES","nombre":"Partido Encuentro Social","logo":"pes.png","color_border":"5a2a7c","color_background":"5a2a7c","votos":"6"}},"votos_coaliciones":4,"coaliciones_orden_votos_individual":{"MORENA":475,"PT":23,"PES":6},"votos_coaliciones_individual":498,"votos_totales":508}},"orden_votos_individual":{"partidos":{"PAN":2033,"PRI":1757,"MORENA":475,"PT":23,"MC":23,"PVEM":8,"NA":6,"PES":6,"PRD":3},"graficas":{"partidos":["PAN","PRI","MORENA","PT","MC","PVEM","NA","PES","PRD"],"votos":[2033,1757,475,23,23,8,6,6,3],"background":["#06338e","#00923f","#b5261e","#da251d","#ff8300","#50b747","#00a4ac","#5a2a7c","#ffcb01"]},"primera_fuerza":"PAN","segunda_fuerza":"PRI","sistema":"PVEM","diferencia_votos_fuerzas":276,"diferencia_votos_sistema":2033},"orden_votos_totales":{"partidos":{"NA":2278,"PAN":2070,"MC":2070,"PRI":1777,"PVEM":1775,"MORENA":509,"PT":508,"PES":508,"PRD":3},"graficas":{"partidos":["NA","PAN","MC","PRI","PVEM","MORENA","PT","PES","PRD"],"votos":[2278,2070,2070,1777,1775,509,508,508,3],"background":["#00a4ac","#06338e","#ff8300","#00923f","#50b747","#b5261e","#da251d","#5a2a7c","#ffcb01"]},"primera_fuerza":"NA","segunda_fuerza":"PAN","sistema":"PVEM","diferencia_votos_fuerzas":208,"diferencia_votos_sistema":2278},"orden_votos_individual_menor_mayor":{"partidos":{"PRD":3,"NA":6,"PES":6,"PVEM":8,"PT":23,"MC":23,"MORENA":475,"PRI":1757,"PAN":2033},"graficas":{"partidos":["PRD","NA","PES","PVEM","PT","MC","MORENA","PRI","PAN"],"votos":[3,6,6,8,23,23,475,1757,2033],"background":["#ffcb01","#00a4ac","#5a2a7c","#50b747","#da251d","#ff8300","#b5261e","#00923f","#06338e"]}},"orden_votos_totales_menor_mayor":{"partidos":{"PRD":3,"PT":508,"PES":508,"MORENA":509,"PVEM":1775,"PRI":1777,"PAN":2070,"MC":2070,"NA":2278},"graficas":{"partidos":["PRD","PT","PES","MORENA","PVEM","PRI","PAN","MC","NA"],"votos":[3,508,508,509,1775,1777,2070,2070,2278],"background":["#ffcb01","#da251d","#5a2a7c","#b5261e","#50b747","#00923f","#06338e","#ff8300","#00a4ac"]}}}