{"partidos":{"PAN":{"id":"1","clave":"PAN","nombre_corto":"PAN","nombre":"Partido Acci\u00f3n Nacional","principal":"1","logo":"pan.png","color_border":"06338e","color_background":"06338e","votos_individual":"163756","coaliciones_sin_orden":{"PAN":{"id":"1","clave":"PTD21001","nombre_corto":"PAN","nombre":"Partido Acci\u00f3n Nacional","logo":"pan.png","color_border":"06338e","color_background":"06338e","votos":"163756","principal":"1"},"PRD":{"id":"3","clave":"PTD21003","nombre_corto":"PRD","nombre":"Partido de la Revoluci\u00f3n Democr\u00e1tica","logo":"prd.png","color_border":"ffcb01","color_background":"ffcb01","votos":"4729"},"NA":{"id":"11","clave":"PTD21011","nombre_corto":"NA","nombre":"Nueva Alianza","logo":"na.png","color_border":"00a4ac","color_background":"00a4ac","votos":"1910"}},"votos_coaliciones":0,"coaliciones_orden_votos_individual":{"PAN":163756,"PRD":4729,"NA":1910},"votos_coaliciones_individual":6639,"votos_totales":170395},"PRI":{"id":"2","clave":"PRI","nombre_corto":"PRI","nombre":"Partido Revolucionario Institucional","principal":null,"logo":"pri.png","color_border":"d23026","color_background":"00923f","votos_individual":"86144","coaliciones_sin_orden":{"PRI":{"id":"2","clave":"PTD21002","nombre_corto":"PRI","nombre":"Partido Revolucionario Institucional","logo":"pri.png","color_border":"d23026","color_background":"00923f","votos":"86144"},"PRD":{"id":"3","clave":"PTD21003","nombre_corto":"PRD","nombre":"Partido de la Revoluci\u00f3n Democr\u00e1tica","logo":"prd.png","color_border":"ffcb01","color_background":"ffcb01","votos":"4729"},"NA":{"id":"11","clave":"PTD21011","nombre_corto":"NA","nombre":"Nueva Alianza","logo":"na.png","color_border":"00a4ac","color_background":"00a4ac","votos":"1910"}},"votos_coaliciones":1764,"coaliciones_orden_votos_individual":{"PRI":86144,"PRD":4729,"NA":1910},"votos_coaliciones_individual":6639,"votos_totales":94547},"PRD":{"id":"3","clave":"PRD","nombre_corto":"PRD","nombre":"Partido de la Revoluci\u00f3n Democr\u00e1tica","principal":null,"logo":"prd.png","color_border":"ffcb01","color_background":"ffcb01","votos_individual":"4729","coaliciones_sin_orden":{"PAN":{"id":"1","clave":"PTD21001","nombre_corto":"PAN","nombre":"Partido Acci\u00f3n Nacional","logo":"pan.png","color_border":"06338e","color_background":"06338e","votos":"163756","principal":"1"},"PRD":{"id":"3","clave":"PTD21003","nombre_corto":"PRD","nombre":"Partido de la Revoluci\u00f3n Democr\u00e1tica","logo":"prd.png","color_border":"ffcb01","color_background":"ffcb01","votos":"4729"},"NA":{"id":"11","clave":"PTD21011","nombre_corto":"NA","nombre":"Nueva Alianza","logo":"na.png","color_border":"00a4ac","color_background":"00a4ac","votos":"1910"},"PRI":{"id":"2","clave":"PTD21002","nombre_corto":"PRI","nombre":"Partido Revolucionario Institucional","logo":"pri.png","color_border":"d23026","color_background":"00923f","votos":"86144"}},"votos_coaliciones":1764,"coaliciones_orden_votos_individual":{"PAN":163756,"PRI":86144,"PRD":4729,"NA":1910},"votos_coaliciones_individual":251810,"votos_totales":258303},"PVEM":{"id":"4","clave":"PVEM","nombre_corto":"PVEM","nombre":"Partido Verde Ecologista de M\u00e9xico","principal":null,"logo":"pvem.png","color_border":"50b747","color_background":"50b747","votos_individual":"2878","coaliciones_sin_orden":null,"votos_coaliciones":0,"votos_coaliciones_individual":0,"votos_totales":2878},"PT":{"id":"5","clave":"PT","nombre_corto":"PT","nombre":"Partido del Trabajo","principal":null,"logo":"pt.png","color_border":"eee500","color_background":"da251d","votos_individual":"2518","coaliciones_sin_orden":null,"votos_coaliciones":0,"votos_coaliciones_individual":0,"votos_totales":2518},"MC":{"id":"6","clave":"MC","nombre_corto":"MC","nombre":"Movimiento Ciudadano","principal":null,"logo":"mc.png","color_border":"ff8300","color_background":"ff8300","votos_individual":"7220","coaliciones_sin_orden":null,"votos_coaliciones":0,"votos_coaliciones_individual":0,"votos_totales":7220},"MORENA":{"id":"7","clave":"MORENA","nombre_corto":"MORENA","nombre":"Movimiento de Regeneraci\u00f3n Nacional","principal":null,"logo":"morena.png","color_border":"b5261e","color_background":"b5261e","votos_individual":"82666","coaliciones_sin_orden":null,"votos_coaliciones":0,"votos_coaliciones_individual":0,"votos_totales":82666},"PES":{"id":"8","clave":"PES","nombre_corto":"PES","nombre":"Partido Encuentro Social","principal":null,"logo":"pes.png","color_border":"5a2a7c","color_background":"5a2a7c","votos_individual":"2495","coaliciones_sin_orden":null,"votos_coaliciones":0,"votos_coaliciones_individual":0,"votos_totales":2495},"RSP":{"id":"9","clave":"RSP","nombre_corto":"RSP","nombre":"Redes Sociales Progresistas","principal":null,"logo":"rsp.png","color_border":"c82039","color_background":"2e3233","votos_individual":"1182","coaliciones_sin_orden":null,"votos_coaliciones":0,"votos_coaliciones_individual":0,"votos_totales":1182},"FXM":{"id":"10","clave":"FXM","nombre_corto":"FXM","nombre":"Fuerza por M\u00e9xico","principal":null,"logo":"fxm.png","color_border":"ec62a0","color_background":"ec62a0","votos_individual":"5324","coaliciones_sin_orden":null,"votos_coaliciones":0,"votos_coaliciones_individual":0,"votos_totales":5324},"NA":{"id":"11","clave":"NA","nombre_corto":"NA","nombre":"Nueva Alianza","principal":null,"logo":"na.png","color_border":"00a4ac","color_background":"00a4ac","votos_individual":"1910","coaliciones_sin_orden":{"PAN":{"id":"1","clave":"PTD21001","nombre_corto":"PAN","nombre":"Partido Acci\u00f3n Nacional","logo":"pan.png","color_border":"06338e","color_background":"06338e","votos":"163756","principal":"1"},"PRD":{"id":"3","clave":"PTD21003","nombre_corto":"PRD","nombre":"Partido de la Revoluci\u00f3n Democr\u00e1tica","logo":"prd.png","color_border":"ffcb01","color_background":"ffcb01","votos":"4729"},"NA":{"id":"11","clave":"PTD21011","nombre_corto":"NA","nombre":"Nueva Alianza","logo":"na.png","color_border":"00a4ac","color_background":"00a4ac","votos":"1910"},"PRI":{"id":"2","clave":"PTD21002","nombre_corto":"PRI","nombre":"Partido Revolucionario Institucional","logo":"pri.png","color_border":"d23026","color_background":"00923f","votos":"86144"}},"votos_coaliciones":0,"coaliciones_orden_votos_individual":{"PAN":163756,"PRI":86144,"PRD":4729,"NA":1910},"votos_coaliciones_individual":254629,"votos_totales":256539},"CAND-IND-1":{"id":"12","clave":"CAND-IND-1","nombre_corto":"CAND-IND-1","nombre":"Candidatos Independientes","principal":null,"logo":"cand-ind-1.png","color_border":"a0a0a0","color_background":"a0a0a0","votos_individual":"0","coaliciones_sin_orden":null,"votos_coaliciones":0,"votos_coaliciones_individual":0,"votos_totales":0}},"orden_votos_individual":{"partidos":{"PAN":163756,"PRI":86144,"MORENA":82666,"MC":7220,"FXM":5324,"PRD":4729,"PVEM":2878,"PT":2518,"PES":2495,"NA":1910,"RSP":1182,"CAND-IND-1":0},"graficas":{"partidos":["PAN","PRI","MORENA","MC","FXM","PRD","PVEM","PT","PES","NA","RSP","CAND-IND-1"],"votos":[163756,86144,82666,7220,5324,4729,2878,2518,2495,1910,1182,0],"background":["#06338e","#00923f","#b5261e","#ff8300","#ec62a0","#ffcb01","#50b747","#da251d","#5a2a7c","#00a4ac","#2e3233","#a0a0a0"]},"primera_fuerza":"PAN","segunda_fuerza":"PRI","diferencia_votos_fuerzas":77612,"diferencia_votos_sistema":163756},"orden_votos_totales":{"partidos":{"PRD":258303,"NA":256539,"PAN":170395,"PRI":94547,"MORENA":82666,"MC":7220,"FXM":5324,"PVEM":2878,"PT":2518,"PES":2495,"RSP":1182,"CAND-IND-1":0},"graficas":{"partidos":["PRD","NA","PAN","PRI","MORENA","MC","FXM","PVEM","PT","PES","RSP","CAND-IND-1"],"votos":[258303,256539,170395,94547,82666,7220,5324,2878,2518,2495,1182,0],"background":["#ffcb01","#00a4ac","#06338e","#00923f","#b5261e","#ff8300","#ec62a0","#50b747","#da251d","#5a2a7c","#2e3233","#a0a0a0"]},"primera_fuerza":"PRD","segunda_fuerza":"MORENA","diferencia_votos_fuerzas":175637,"diferencia_votos_sistema":258303},"orden_votos_individual_menor_mayor":{"partidos":{"CAND-IND-1":0,"RSP":1182,"NA":1910,"PES":2495,"PT":2518,"PVEM":2878,"PRD":4729,"FXM":5324,"MC":7220,"MORENA":82666,"PRI":86144,"PAN":163756},"graficas":{"partidos":["CAND-IND-1","RSP","NA","PES","PT","PVEM","PRD","FXM","MC","MORENA","PRI","PAN"],"votos":[0,1182,1910,2495,2518,2878,4729,5324,7220,82666,86144,163756],"background":["#a0a0a0","#2e3233","#00a4ac","#5a2a7c","#da251d","#50b747","#ffcb01","#ec62a0","#ff8300","#b5261e","#00923f","#06338e"]}},"orden_votos_totales_menor_mayor":{"partidos":{"CAND-IND-1":0,"RSP":1182,"PES":2495,"PT":2518,"PVEM":2878,"FXM":5324,"MC":7220,"MORENA":82666,"PRI":94547,"PAN":170395,"NA":256539,"PRD":258303},"graficas":{"partidos":["CAND-IND-1","RSP","PES","PT","PVEM","FXM","MC","MORENA","PRI","PAN","NA","PRD"],"votos":[0,1182,2495,2518,2878,5324,7220,82666,94547,170395,256539,258303],"background":["#a0a0a0","#2e3233","#5a2a7c","#da251d","#50b747","#ec62a0","#ff8300","#b5261e","#00923f","#06338e","#00a4ac","#ffcb01"]}}}