["5",{"id":"1","clave":"1","numero":"1","latitud":"20.6477073","longitud":"-89.681705","tipo":"1","id_municipio":"2305","municipio":"ABALA","seccion_localidades":"ABALA","casillas":"3","lista_nominal":"1655","votos_nulos":"11","votos_can_nreg":"0","votos_validos":"1514","ciudadanos_registrados":"118","apoyos_programas":"59","acciones_obras":"0","grupos_interes":"1","militantes":"5","funcionarios":"0","juntas":"0","visitas":"0","caminatas":"0","consulta_rvm_lista_nominal":"6201","consulta_rvm_casillas":"4","consulta_rvm_votos_nulos":"21","consulta_rvm_votos_can_nreg":"0","consulta_rvm_votos_validos":"1197","consulta_rvm_votos_totales":1218,"votos_totales":1525,"participacion_ciudadana":92.14,"partidos":{"PAN":{"id":"1","clave":"PAN","nombre_corto":"PAN","nombre":"Partido Acci\u00f3n Nacional","principal":null,"logo":"pan.png","color_border":"06338e","color_background":"06338e","votos_individual":"647","coaliciones_sin_orden":{"PAN":{"id":"1","clave":"PTD18001","nombre_corto":"PAN","nombre":"Partido Acci\u00f3n Nacional","logo":"pan.png","color_border":"06338e","color_background":"06338e","votos":"647","id_municipio":"2305","id_seccion_ine":"1"},"MC":{"id":"6","clave":"PTD18006","nombre_corto":"MC","nombre":"Movimiento Ciudadano","logo":"mc.png","color_border":"ff8300","color_background":"ff8300","votos":"6","id_municipio":"2305","id_seccion_ine":"1"}},"votos_coaliciones":5,"coaliciones_orden_votos_individual":{"PAN":647,"MC":6},"votos_coaliciones_individual":6,"votos_totales":658},"PRI":{"id":"2","clave":"PRI","nombre_corto":"PRI","nombre":"Partido Revolucionario Institucional","principal":null,"logo":"pri.png","color_border":"d23026","color_background":"00923f","votos_individual":"664","coaliciones_sin_orden":{"PRI":{"id":"2","clave":"PTD18002","nombre_corto":"PRI","nombre":"Partido Revolucionario Institucional","logo":"pri.png","color_border":"d23026","color_background":"00923f","votos":"664","id_municipio":"2305","id_seccion_ine":"1"},"PVEM":{"id":"4","clave":"PTD18004","nombre_corto":"PVEM","nombre":"Partido Verde Ecologista de M\u00e9xico","logo":"pvem.png","color_border":"50b747","color_background":"50b747","votos":"4","principal":"1","id_municipio":"2305","id_seccion_ine":"1"},"NA":{"id":"7","clave":"PTD18007","nombre_corto":"NA","nombre":"Nueva Alianza","logo":"na.png","color_border":"00a4ac","color_background":"00a4ac","votos":"2","id_municipio":"2305","id_seccion_ine":"1"}},"votos_coaliciones":3,"coaliciones_orden_votos_individual":{"PRI":664,"PVEM":4,"NA":2},"votos_coaliciones_individual":6,"votos_totales":673},"PRD":{"id":"3","clave":"PRD","nombre_corto":"PRD","nombre":"Partido de la Revoluci\u00f3n Democr\u00e1tica","principal":null,"logo":"prd.png","color_border":"ffcb01","color_background":"ffcb01","votos_individual":"2","coaliciones_sin_orden":null,"votos_coaliciones":0,"votos_coaliciones_individual":0,"votos_totales":2},"PVEM":{"id":"4","clave":"PVEM","nombre_corto":"PVEM","nombre":"Partido Verde Ecologista de M\u00e9xico","principal":"1","logo":"pvem.png","color_border":"50b747","color_background":"50b747","votos_individual":"4","coaliciones_sin_orden":{"PRI":{"id":"2","clave":"PTD18002","nombre_corto":"PRI","nombre":"Partido Revolucionario Institucional","logo":"pri.png","color_border":"d23026","color_background":"00923f","votos":"664","id_municipio":"2305","id_seccion_ine":"1"},"PVEM":{"id":"4","clave":"PTD18004","nombre_corto":"PVEM","nombre":"Partido Verde Ecologista de M\u00e9xico","logo":"pvem.png","color_border":"50b747","color_background":"50b747","votos":"4","principal":"1","id_municipio":"2305","id_seccion_ine":"1"},"NA":{"id":"7","clave":"PTD18007","nombre_corto":"NA","nombre":"Nueva Alianza","logo":"na.png","color_border":"00a4ac","color_background":"00a4ac","votos":"2","id_municipio":"2305","id_seccion_ine":"1"}},"votos_coaliciones":1,"coaliciones_orden_votos_individual":{"PRI":664,"PVEM":4,"NA":2},"votos_coaliciones_individual":666,"votos_totales":671},"PT":{"id":"5","clave":"PT","nombre_corto":"PT","nombre":"Partido del Trabajo","principal":null,"logo":"pt.png","color_border":"eee500","color_background":"da251d","votos_individual":"5","coaliciones_sin_orden":{"PT":{"id":"5","clave":"PTD18005","nombre_corto":"PT","nombre":"Partido del Trabajo","logo":"pt.png","color_border":"eee500","color_background":"da251d","votos":"5","id_municipio":"2305","id_seccion_ine":"1"},"MORENA":{"id":"8","clave":"PTD18008","nombre_corto":"MORENA","nombre":"Movimiento de Regeneraci\u00f3n Nacional","logo":"morena.png","color_border":"b5261e","color_background":"b5261e","votos":"174","id_municipio":"2305","id_seccion_ine":"1"},"PES":{"id":"9","clave":"PTD18009","nombre_corto":"PES","nombre":"Partido Encuentro Social","logo":"pes.png","color_border":"5a2a7c","color_background":"5a2a7c","votos":"1","id_municipio":"2305","id_seccion_ine":"1"}},"votos_coaliciones":1,"coaliciones_orden_votos_individual":{"MORENA":174,"PT":5,"PES":1},"votos_coaliciones_individual":175,"votos_totales":181},"MC":{"id":"6","clave":"MC","nombre_corto":"MC","nombre":"Movimiento Ciudadano","principal":null,"logo":"mc.png","color_border":"ff8300","color_background":"ff8300","votos_individual":"6","coaliciones_sin_orden":{"PAN":{"id":"1","clave":"PTD18001","nombre_corto":"PAN","nombre":"Partido Acci\u00f3n Nacional","logo":"pan.png","color_border":"06338e","color_background":"06338e","votos":"647","id_municipio":"2305","id_seccion_ine":"1"},"MC":{"id":"6","clave":"PTD18006","nombre_corto":"MC","nombre":"Movimiento Ciudadano","logo":"mc.png","color_border":"ff8300","color_background":"ff8300","votos":"6","id_municipio":"2305","id_seccion_ine":"1"}},"votos_coaliciones":5,"coaliciones_orden_votos_individual":{"PAN":647,"MC":6},"votos_coaliciones_individual":647,"votos_totales":658},"NA":{"id":"7","clave":"NA","nombre_corto":"NA","nombre":"Nueva Alianza","principal":null,"logo":"na.png","color_border":"00a4ac","color_background":"00a4ac","votos_individual":"2","coaliciones_sin_orden":{"PRI":{"id":"2","clave":"PTD18002","nombre_corto":"PRI","nombre":"Partido Revolucionario Institucional","logo":"pri.png","color_border":"d23026","color_background":"00923f","votos":"664","id_municipio":"2305","id_seccion_ine":"1"},"PVEM":{"id":"4","clave":"PTD18004","nombre_corto":"PVEM","nombre":"Partido Verde Ecologista de M\u00e9xico","logo":"pvem.png","color_border":"50b747","color_background":"50b747","votos":"4","principal":"1","id_municipio":"2305","id_seccion_ine":"1"},"NA":{"id":"7","clave":"PTD18007","nombre_corto":"NA","nombre":"Nueva Alianza","logo":"na.png","color_border":"00a4ac","color_background":"00a4ac","votos":"2","id_municipio":"2305","id_seccion_ine":"1"},"PT":{"id":"5","clave":"PTD18005","nombre_corto":"PT","nombre":"Partido del Trabajo","logo":"pt.png","color_border":"eee500","color_background":"da251d","votos":"5","id_municipio":"2305","id_seccion_ine":"1"},"MORENA":{"id":"8","clave":"PTD18008","nombre_corto":"MORENA","nombre":"Movimiento de Regeneraci\u00f3n Nacional","logo":"morena.png","color_border":"b5261e","color_background":"b5261e","votos":"174","id_municipio":"2305","id_seccion_ine":"1"},"PES":{"id":"9","clave":"PTD18009","nombre_corto":"PES","nombre":"Partido Encuentro Social","logo":"pes.png","color_border":"5a2a7c","color_background":"5a2a7c","votos":"1","id_municipio":"2305","id_seccion_ine":"1"}},"votos_coaliciones":3,"coaliciones_orden_votos_individual":{"PRI":664,"MORENA":174,"PT":5,"PVEM":4,"NA":2,"PES":1},"votos_coaliciones_individual":848,"votos_totales":853},"MORENA":{"id":"8","clave":"MORENA","nombre_corto":"MORENA","nombre":"Movimiento de Regeneraci\u00f3n Nacional","principal":null,"logo":"morena.png","color_border":"b5261e","color_background":"b5261e","votos_individual":"174","coaliciones_sin_orden":{"PT":{"id":"5","clave":"PTD18005","nombre_corto":"PT","nombre":"Partido del Trabajo","logo":"pt.png","color_border":"eee500","color_background":"da251d","votos":"5","id_municipio":"2305","id_seccion_ine":"1"},"MORENA":{"id":"8","clave":"PTD18008","nombre_corto":"MORENA","nombre":"Movimiento de Regeneraci\u00f3n Nacional","logo":"morena.png","color_border":"b5261e","color_background":"b5261e","votos":"174","id_municipio":"2305","id_seccion_ine":"1"},"PES":{"id":"9","clave":"PTD18009","nombre_corto":"PES","nombre":"Partido Encuentro Social","logo":"pes.png","color_border":"5a2a7c","color_background":"5a2a7c","votos":"1","id_municipio":"2305","id_seccion_ine":"1"}},"votos_coaliciones":1,"coaliciones_orden_votos_individual":{"MORENA":174,"PT":5,"PES":1},"votos_coaliciones_individual":6,"votos_totales":181},"PES":{"id":"9","clave":"PES","nombre_corto":"PES","nombre":"Partido Encuentro Social","principal":null,"logo":"pes.png","color_border":"5a2a7c","color_background":"5a2a7c","votos_individual":"1","coaliciones_sin_orden":{"PT":{"id":"5","clave":"PTD18005","nombre_corto":"PT","nombre":"Partido del Trabajo","logo":"pt.png","color_border":"eee500","color_background":"da251d","votos":"5","id_municipio":"2305","id_seccion_ine":"1"},"MORENA":{"id":"8","clave":"PTD18008","nombre_corto":"MORENA","nombre":"Movimiento de Regeneraci\u00f3n Nacional","logo":"morena.png","color_border":"b5261e","color_background":"b5261e","votos":"174","id_municipio":"2305","id_seccion_ine":"1"},"PES":{"id":"9","clave":"PTD18009","nombre_corto":"PES","nombre":"Partido Encuentro Social","logo":"pes.png","color_border":"5a2a7c","color_background":"5a2a7c","votos":"1","id_municipio":"2305","id_seccion_ine":"1"}},"votos_coaliciones":0,"coaliciones_orden_votos_individual":{"MORENA":174,"PT":5,"PES":1},"votos_coaliciones_individual":179,"votos_totales":180}},"orden_votos_individual":{"partidos":{"PRI":664,"PAN":647,"MORENA":174,"MC":6,"PT":5,"PVEM":4,"PRD":2,"NA":2,"PES":1},"graficas":{"partidos":["PRI","PAN","MORENA","MC","PT","PVEM","PRD","NA","PES"],"votos":[664,647,174,6,5,4,2,2,1],"background":["#00923f","#06338e","#b5261e","#ff8300","#da251d","#50b747","#ffcb01","#00a4ac","#5a2a7c"]},"primera_fuerza":"PRI","segunda_fuerza":"PAN","semaforo":{"color":"rojo","rentabilidad":1521,"competitividad":-660,"rentabilidad_orden":6,"competitividad_orden":5}},"orden_votos_totales":{"partidos":{"PRI":664,"PAN":647,"MORENA":174,"MC":6,"PT":5,"PVEM":4,"PRD":2,"NA":2,"PES":1},"graficas":{"partidos":["PRI","PAN","MORENA","MC","PT","PVEM","PRD","NA","PES"],"votos":[664,647,174,6,5,4,2,2,1],"background":["#00923f","#06338e","#b5261e","#ff8300","#da251d","#50b747","#ffcb01","#00a4ac","#5a2a7c"]},"primera_fuerza":"PRI","segunda_fuerza":"PAN","semaforo":{"partidos":"PRI:664-PAN:647","color":"rojo1","rentabilidad":1525,"competitividad":17}},"orden_votos_individual_menor_mayor":{"partidos":{"PES":1,"PRD":2,"NA":2,"PVEM":4,"PT":5,"MC":6,"MORENA":174,"PAN":647,"PRI":664},"graficas":{"partidos":["PES","PRD","NA","PVEM","PT","MC","MORENA","PAN","PRI"],"votos":[1,2,2,4,5,6,174,647,664],"background":["#5a2a7c","#ffcb01","#00a4ac","#50b747","#da251d","#ff8300","#b5261e","#06338e","#00923f"]}},"orden_votos_totales_menor_mayor":{"partidos":{"PES":1,"PRD":2,"NA":2,"PVEM":4,"PT":5,"MC":6,"MORENA":174,"PAN":647,"PRI":664},"graficas":{"partidos":["PES","PRD","NA","PVEM","PT","MC","MORENA","PAN","PRI"],"votos":[1,2,2,4,5,6,174,647,664],"background":["#5a2a7c","#ffcb01","#00a4ac","#50b747","#da251d","#ff8300","#b5261e","#06338e","#00923f"]}},"revocacion_mandato":{"preguntas":{"SIGA":{"id_pregunta_2022_revocacion_mandato":"2","clave":"PRV22002","nombre_corto":"SIGA","logo":"siga.png","votos":"1170","id_seccion_ine":"1"},"NO_SIGA":{"id_pregunta_2022_revocacion_mandato":"1","clave":"PRV22001","nombre_corto":"NO_SIGA","logo":"no_siga.png","votos":"27","id_seccion_ine":"1"}},"orden_preguntas":{"SIGA":1170,"NO_SIGA":27},"principales":{"prinicipal":"SIGA","secundaria":"NO_SIGA"}}},{"id":"2","clave":"2","numero":"2","latitud":"20.7134689","longitud":"-89.753218","tipo":"0","id_municipio":"2305","municipio":"ABALA","seccion_localidades":"CACAO","casillas":"1","lista_nominal":"182","votos_nulos":"0","votos_can_nreg":"0","votos_validos":"177","ciudadanos_registrados":"15","apoyos_programas":"6","acciones_obras":"0","grupos_interes":"1","militantes":"2","funcionarios":"0","juntas":"0","visitas":"0","caminatas":"0","consulta_rvm_lista_nominal":null,"consulta_rvm_casillas":"0","consulta_rvm_votos_nulos":null,"consulta_rvm_votos_can_nreg":null,"consulta_rvm_votos_validos":null,"consulta_rvm_votos_totales":0,"votos_totales":177,"participacion_ciudadana":97.25,"partidos":{"PAN":{"id":"1","clave":"PAN","nombre_corto":"PAN","nombre":"Partido Acci\u00f3n Nacional","principal":null,"logo":"pan.png","color_border":"06338e","color_background":"06338e","votos_individual":"68","coaliciones_sin_orden":{"PAN":{"id":"1","clave":"PTD18001","nombre_corto":"PAN","nombre":"Partido Acci\u00f3n Nacional","logo":"pan.png","color_border":"06338e","color_background":"06338e","votos":"68","id_municipio":"2305","id_seccion_ine":"2"},"MC":{"id":"6","clave":"PTD18006","nombre_corto":"MC","nombre":"Movimiento Ciudadano","logo":"mc.png","color_border":"ff8300","color_background":"ff8300","votos":"0","id_municipio":"2305","id_seccion_ine":"2"}},"votos_coaliciones":2,"coaliciones_orden_votos_individual":{"PAN":68,"MC":0},"votos_coaliciones_individual":0,"votos_totales":70},"PRI":{"id":"2","clave":"PRI","nombre_corto":"PRI","nombre":"Partido Revolucionario Institucional","principal":null,"logo":"pri.png","color_border":"d23026","color_background":"00923f","votos_individual":"81","coaliciones_sin_orden":{"PRI":{"id":"2","clave":"PTD18002","nombre_corto":"PRI","nombre":"Partido Revolucionario Institucional","logo":"pri.png","color_border":"d23026","color_background":"00923f","votos":"81","id_municipio":"2305","id_seccion_ine":"2"},"PVEM":{"id":"4","clave":"PTD18004","nombre_corto":"PVEM","nombre":"Partido Verde Ecologista de M\u00e9xico","logo":"pvem.png","color_border":"50b747","color_background":"50b747","votos":"0","principal":"1","id_municipio":"2305","id_seccion_ine":"2"},"NA":{"id":"7","clave":"PTD18007","nombre_corto":"NA","nombre":"Nueva Alianza","logo":"na.png","color_border":"00a4ac","color_background":"00a4ac","votos":"1","id_municipio":"2305","id_seccion_ine":"2"}},"votos_coaliciones":0,"coaliciones_orden_votos_individual":{"PRI":81,"NA":1,"PVEM":0},"votos_coaliciones_individual":1,"votos_totales":82},"PRD":{"id":"3","clave":"PRD","nombre_corto":"PRD","nombre":"Partido de la Revoluci\u00f3n Democr\u00e1tica","principal":null,"logo":"prd.png","color_border":"ffcb01","color_background":"ffcb01","votos_individual":"0","coaliciones_sin_orden":null,"votos_coaliciones":0,"votos_coaliciones_individual":0,"votos_totales":0},"PVEM":{"id":"4","clave":"PVEM","nombre_corto":"PVEM","nombre":"Partido Verde Ecologista de M\u00e9xico","principal":"1","logo":"pvem.png","color_border":"50b747","color_background":"50b747","votos_individual":"0","coaliciones_sin_orden":{"PRI":{"id":"2","clave":"PTD18002","nombre_corto":"PRI","nombre":"Partido Revolucionario Institucional","logo":"pri.png","color_border":"d23026","color_background":"00923f","votos":"81","id_municipio":"2305","id_seccion_ine":"2"},"PVEM":{"id":"4","clave":"PTD18004","nombre_corto":"PVEM","nombre":"Partido Verde Ecologista de M\u00e9xico","logo":"pvem.png","color_border":"50b747","color_background":"50b747","votos":"0","principal":"1","id_municipio":"2305","id_seccion_ine":"2"},"NA":{"id":"7","clave":"PTD18007","nombre_corto":"NA","nombre":"Nueva Alianza","logo":"na.png","color_border":"00a4ac","color_background":"00a4ac","votos":"1","id_municipio":"2305","id_seccion_ine":"2"}},"votos_coaliciones":0,"coaliciones_orden_votos_individual":{"PRI":81,"NA":1,"PVEM":0},"votos_coaliciones_individual":82,"votos_totales":82},"PT":{"id":"5","clave":"PT","nombre_corto":"PT","nombre":"Partido del Trabajo","principal":null,"logo":"pt.png","color_border":"eee500","color_background":"da251d","votos_individual":"0","coaliciones_sin_orden":{"PT":{"id":"5","clave":"PTD18005","nombre_corto":"PT","nombre":"Partido del Trabajo","logo":"pt.png","color_border":"eee500","color_background":"da251d","votos":"0","id_municipio":"2305","id_seccion_ine":"2"},"MORENA":{"id":"8","clave":"PTD18008","nombre_corto":"MORENA","nombre":"Movimiento de Regeneraci\u00f3n Nacional","logo":"morena.png","color_border":"b5261e","color_background":"b5261e","votos":"24","id_municipio":"2305","id_seccion_ine":"2"},"PES":{"id":"9","clave":"PTD18009","nombre_corto":"PES","nombre":"Partido Encuentro Social","logo":"pes.png","color_border":"5a2a7c","color_background":"5a2a7c","votos":"0","id_municipio":"2305","id_seccion_ine":"2"}},"votos_coaliciones":1,"coaliciones_orden_votos_individual":{"MORENA":24,"PT":0},"votos_coaliciones_individual":24,"votos_totales":25},"MC":{"id":"6","clave":"MC","nombre_corto":"MC","nombre":"Movimiento Ciudadano","principal":null,"logo":"mc.png","color_border":"ff8300","color_background":"ff8300","votos_individual":"0","coaliciones_sin_orden":{"PAN":{"id":"1","clave":"PTD18001","nombre_corto":"PAN","nombre":"Partido Acci\u00f3n Nacional","logo":"pan.png","color_border":"06338e","color_background":"06338e","votos":"68","id_municipio":"2305","id_seccion_ine":"2"},"MC":{"id":"6","clave":"PTD18006","nombre_corto":"MC","nombre":"Movimiento Ciudadano","logo":"mc.png","color_border":"ff8300","color_background":"ff8300","votos":"0","id_municipio":"2305","id_seccion_ine":"2"}},"votos_coaliciones":2,"coaliciones_orden_votos_individual":{"PAN":68,"MC":0},"votos_coaliciones_individual":68,"votos_totales":70},"NA":{"id":"7","clave":"NA","nombre_corto":"NA","nombre":"Nueva Alianza","principal":null,"logo":"na.png","color_border":"00a4ac","color_background":"00a4ac","votos_individual":"1","coaliciones_sin_orden":{"PRI":{"id":"2","clave":"PTD18002","nombre_corto":"PRI","nombre":"Partido Revolucionario Institucional","logo":"pri.png","color_border":"d23026","color_background":"00923f","votos":"81","id_municipio":"2305","id_seccion_ine":"2"},"PVEM":{"id":"4","clave":"PTD18004","nombre_corto":"PVEM","nombre":"Partido Verde Ecologista de M\u00e9xico","logo":"pvem.png","color_border":"50b747","color_background":"50b747","votos":"0","principal":"1","id_municipio":"2305","id_seccion_ine":"2"},"NA":{"id":"7","clave":"PTD18007","nombre_corto":"NA","nombre":"Nueva Alianza","logo":"na.png","color_border":"00a4ac","color_background":"00a4ac","votos":"1","id_municipio":"2305","id_seccion_ine":"2"},"PT":{"id":"5","clave":"PTD18005","nombre_corto":"PT","nombre":"Partido del Trabajo","logo":"pt.png","color_border":"eee500","color_background":"da251d","votos":"0","id_municipio":"2305","id_seccion_ine":"2"},"MORENA":{"id":"8","clave":"PTD18008","nombre_corto":"MORENA","nombre":"Movimiento de Regeneraci\u00f3n Nacional","logo":"morena.png","color_border":"b5261e","color_background":"b5261e","votos":"24","id_municipio":"2305","id_seccion_ine":"2"},"PES":{"id":"9","clave":"PTD18009","nombre_corto":"PES","nombre":"Partido Encuentro Social","logo":"pes.png","color_border":"5a2a7c","color_background":"5a2a7c","votos":"0","id_municipio":"2305","id_seccion_ine":"2"}},"votos_coaliciones":1,"coaliciones_orden_votos_individual":{"PRI":81,"MORENA":24,"NA":1,"PVEM":0},"votos_coaliciones_individual":105,"votos_totales":107},"MORENA":{"id":"8","clave":"MORENA","nombre_corto":"MORENA","nombre":"Movimiento de Regeneraci\u00f3n Nacional","principal":null,"logo":"morena.png","color_border":"b5261e","color_background":"b5261e","votos_individual":"24","coaliciones_sin_orden":{"PT":{"id":"5","clave":"PTD18005","nombre_corto":"PT","nombre":"Partido del Trabajo","logo":"pt.png","color_border":"eee500","color_background":"da251d","votos":"0","id_municipio":"2305","id_seccion_ine":"2"},"MORENA":{"id":"8","clave":"PTD18008","nombre_corto":"MORENA","nombre":"Movimiento de Regeneraci\u00f3n Nacional","logo":"morena.png","color_border":"b5261e","color_background":"b5261e","votos":"24","id_municipio":"2305","id_seccion_ine":"2"},"PES":{"id":"9","clave":"PTD18009","nombre_corto":"PES","nombre":"Partido Encuentro Social","logo":"pes.png","color_border":"5a2a7c","color_background":"5a2a7c","votos":"0","id_municipio":"2305","id_seccion_ine":"2"}},"votos_coaliciones":1,"coaliciones_orden_votos_individual":{"MORENA":24,"PT":0},"votos_coaliciones_individual":0,"votos_totales":25},"PES":{"id":"9","clave":"PES","nombre_corto":"PES","nombre":"Partido Encuentro Social","principal":null,"logo":"pes.png","color_border":"5a2a7c","color_background":"5a2a7c","votos_individual":"0","coaliciones_sin_orden":{"PT":{"id":"5","clave":"PTD18005","nombre_corto":"PT","nombre":"Partido del Trabajo","logo":"pt.png","color_border":"eee500","color_background":"da251d","votos":"0","id_municipio":"2305","id_seccion_ine":"2"},"MORENA":{"id":"8","clave":"PTD18008","nombre_corto":"MORENA","nombre":"Movimiento de Regeneraci\u00f3n Nacional","logo":"morena.png","color_border":"b5261e","color_background":"b5261e","votos":"24","id_municipio":"2305","id_seccion_ine":"2"},"PES":{"id":"9","clave":"PTD18009","nombre_corto":"PES","nombre":"Partido Encuentro Social","logo":"pes.png","color_border":"5a2a7c","color_background":"5a2a7c","votos":"0","id_municipio":"2305","id_seccion_ine":"2"}},"votos_coaliciones":1,"coaliciones_orden_votos_individual":{"MORENA":24,"PT":0},"votos_coaliciones_individual":24,"votos_totales":25}},"orden_votos_individual":{"partidos":{"PRI":81,"PAN":68,"MORENA":24,"NA":1,"PRD":0,"PVEM":0,"PT":0,"MC":0,"PES":0},"graficas":{"partidos":["PRI","PAN","MORENA","NA","PRD","PVEM","PT","MC","PES"],"votos":[81,68,24,1,0,0,0,0,0],"background":["#00923f","#06338e","#b5261e","#00a4ac","#ffcb01","#50b747","#da251d","#ff8300","#5a2a7c"]},"primera_fuerza":"PRI","segunda_fuerza":"PAN","semaforo":{"color":"rojo","rentabilidad":177,"competitividad":-81,"rentabilidad_orden":2,"competitividad_orden":1}},"orden_votos_totales":{"partidos":{"PRI":81,"PAN":68,"MORENA":24,"NA":1,"PRD":0,"PVEM":0,"PT":0,"MC":0,"PES":0},"graficas":{"partidos":["PRI","PAN","MORENA","NA","PRD","PVEM","PT","MC","PES"],"votos":[81,68,24,1,0,0,0,0,0],"background":["#00923f","#06338e","#b5261e","#00a4ac","#ffcb01","#50b747","#da251d","#ff8300","#5a2a7c"]},"primera_fuerza":"PRI","segunda_fuerza":"PAN","semaforo":{"partidos":"PRI:81-PAN:68","color":"rojo","rentabilidad":177,"competitividad":-13}},"orden_votos_individual_menor_mayor":{"partidos":{"PRD":0,"PVEM":0,"PT":0,"MC":0,"PES":0,"NA":1,"MORENA":24,"PAN":68,"PRI":81},"graficas":{"partidos":["PRD","PVEM","PT","MC","PES","NA","MORENA","PAN","PRI"],"votos":[0,0,0,0,0,1,24,68,81],"background":["#ffcb01","#50b747","#da251d","#ff8300","#5a2a7c","#00a4ac","#b5261e","#06338e","#00923f"]}},"orden_votos_totales_menor_mayor":{"partidos":{"PRD":0,"PVEM":0,"PT":0,"MC":0,"PES":0,"NA":1,"MORENA":24,"PAN":68,"PRI":81},"graficas":{"partidos":["PRD","PVEM","PT","MC","PES","NA","MORENA","PAN","PRI"],"votos":[0,0,0,0,0,1,24,68,81],"background":["#ffcb01","#50b747","#da251d","#ff8300","#5a2a7c","#00a4ac","#b5261e","#06338e","#00923f"]}}},{"id":"3","clave":"3","numero":"3","latitud":"20.7179657","longitud":"-89.704602","tipo":"0","id_municipio":"2305","municipio":"ABALA","seccion_localidades":"PEBA","casillas":"1","lista_nominal":"203","votos_nulos":"1","votos_can_nreg":"0","votos_validos":"169","ciudadanos_registrados":"14","apoyos_programas":"12","acciones_obras":"0","grupos_interes":"0","militantes":"1","funcionarios":"0","juntas":"0","visitas":"0","caminatas":"0","consulta_rvm_lista_nominal":null,"consulta_rvm_casillas":"0","consulta_rvm_votos_nulos":null,"consulta_rvm_votos_can_nreg":null,"consulta_rvm_votos_validos":null,"consulta_rvm_votos_totales":0,"votos_totales":170,"participacion_ciudadana":83.74,"partidos":{"PAN":{"id":"1","clave":"PAN","nombre_corto":"PAN","nombre":"Partido Acci\u00f3n Nacional","principal":null,"logo":"pan.png","color_border":"06338e","color_background":"06338e","votos_individual":"92","coaliciones_sin_orden":{"PAN":{"id":"1","clave":"PTD18001","nombre_corto":"PAN","nombre":"Partido Acci\u00f3n Nacional","logo":"pan.png","color_border":"06338e","color_background":"06338e","votos":"92","id_municipio":"2305","id_seccion_ine":"3"},"MC":{"id":"6","clave":"PTD18006","nombre_corto":"MC","nombre":"Movimiento Ciudadano","logo":"mc.png","color_border":"ff8300","color_background":"ff8300","votos":"1","id_municipio":"2305","id_seccion_ine":"3"}},"votos_coaliciones":0,"coaliciones_orden_votos_individual":{"PAN":92,"MC":1},"votos_coaliciones_individual":1,"votos_totales":93},"PRI":{"id":"2","clave":"PRI","nombre_corto":"PRI","nombre":"Partido Revolucionario Institucional","principal":null,"logo":"pri.png","color_border":"d23026","color_background":"00923f","votos_individual":"69","coaliciones_sin_orden":{"PRI":{"id":"2","clave":"PTD18002","nombre_corto":"PRI","nombre":"Partido Revolucionario Institucional","logo":"pri.png","color_border":"d23026","color_background":"00923f","votos":"69","id_municipio":"2305","id_seccion_ine":"3"},"PVEM":{"id":"4","clave":"PTD18004","nombre_corto":"PVEM","nombre":"Partido Verde Ecologista de M\u00e9xico","logo":"pvem.png","color_border":"50b747","color_background":"50b747","votos":"1","principal":"1","id_municipio":"2305","id_seccion_ine":"3"},"NA":{"id":"7","clave":"PTD18007","nombre_corto":"NA","nombre":"Nueva Alianza","logo":"na.png","color_border":"00a4ac","color_background":"00a4ac","votos":"0","id_municipio":"2305","id_seccion_ine":"3"}},"votos_coaliciones":2,"coaliciones_orden_votos_individual":{"PRI":69,"PVEM":1,"NA":0},"votos_coaliciones_individual":1,"votos_totales":72},"PRD":{"id":"3","clave":"PRD","nombre_corto":"PRD","nombre":"Partido de la Revoluci\u00f3n Democr\u00e1tica","principal":null,"logo":"prd.png","color_border":"ffcb01","color_background":"ffcb01","votos_individual":"0","coaliciones_sin_orden":null,"votos_coaliciones":0,"votos_coaliciones_individual":0,"votos_totales":0},"PVEM":{"id":"4","clave":"PVEM","nombre_corto":"PVEM","nombre":"Partido Verde Ecologista de M\u00e9xico","principal":"1","logo":"pvem.png","color_border":"50b747","color_background":"50b747","votos_individual":"1","coaliciones_sin_orden":{"PRI":{"id":"2","clave":"PTD18002","nombre_corto":"PRI","nombre":"Partido Revolucionario Institucional","logo":"pri.png","color_border":"d23026","color_background":"00923f","votos":"69","id_municipio":"2305","id_seccion_ine":"3"},"PVEM":{"id":"4","clave":"PTD18004","nombre_corto":"PVEM","nombre":"Partido Verde Ecologista de M\u00e9xico","logo":"pvem.png","color_border":"50b747","color_background":"50b747","votos":"1","principal":"1","id_municipio":"2305","id_seccion_ine":"3"},"NA":{"id":"7","clave":"PTD18007","nombre_corto":"NA","nombre":"Nueva Alianza","logo":"na.png","color_border":"00a4ac","color_background":"00a4ac","votos":"0","id_municipio":"2305","id_seccion_ine":"3"}},"votos_coaliciones":2,"coaliciones_orden_votos_individual":{"PRI":69,"PVEM":1,"NA":0},"votos_coaliciones_individual":69,"votos_totales":72},"PT":{"id":"5","clave":"PT","nombre_corto":"PT","nombre":"Partido del Trabajo","principal":null,"logo":"pt.png","color_border":"eee500","color_background":"da251d","votos_individual":"3","coaliciones_sin_orden":{"PT":{"id":"5","clave":"PTD18005","nombre_corto":"PT","nombre":"Partido del Trabajo","logo":"pt.png","color_border":"eee500","color_background":"da251d","votos":"3","id_municipio":"2305","id_seccion_ine":"3"},"MORENA":{"id":"8","clave":"PTD18008","nombre_corto":"MORENA","nombre":"Movimiento de Regeneraci\u00f3n Nacional","logo":"morena.png","color_border":"b5261e","color_background":"b5261e","votos":"0","id_municipio":"2305","id_seccion_ine":"3"},"PES":{"id":"9","clave":"PTD18009","nombre_corto":"PES","nombre":"Partido Encuentro Social","logo":"pes.png","color_border":"5a2a7c","color_background":"5a2a7c","votos":"0","id_municipio":"2305","id_seccion_ine":"3"}},"votos_coaliciones":1,"coaliciones_orden_votos_individual":{"PT":3,"MORENA":0},"votos_coaliciones_individual":0,"votos_totales":4},"MC":{"id":"6","clave":"MC","nombre_corto":"MC","nombre":"Movimiento Ciudadano","principal":null,"logo":"mc.png","color_border":"ff8300","color_background":"ff8300","votos_individual":"1","coaliciones_sin_orden":{"PAN":{"id":"1","clave":"PTD18001","nombre_corto":"PAN","nombre":"Partido Acci\u00f3n Nacional","logo":"pan.png","color_border":"06338e","color_background":"06338e","votos":"92","id_municipio":"2305","id_seccion_ine":"3"},"MC":{"id":"6","clave":"PTD18006","nombre_corto":"MC","nombre":"Movimiento Ciudadano","logo":"mc.png","color_border":"ff8300","color_background":"ff8300","votos":"1","id_municipio":"2305","id_seccion_ine":"3"}},"votos_coaliciones":0,"coaliciones_orden_votos_individual":{"PAN":92,"MC":1},"votos_coaliciones_individual":92,"votos_totales":93},"NA":{"id":"7","clave":"NA","nombre_corto":"NA","nombre":"Nueva Alianza","principal":null,"logo":"na.png","color_border":"00a4ac","color_background":"00a4ac","votos_individual":"0","coaliciones_sin_orden":{"PRI":{"id":"2","clave":"PTD18002","nombre_corto":"PRI","nombre":"Partido Revolucionario Institucional","logo":"pri.png","color_border":"d23026","color_background":"00923f","votos":"69","id_municipio":"2305","id_seccion_ine":"3"},"PVEM":{"id":"4","clave":"PTD18004","nombre_corto":"PVEM","nombre":"Partido Verde Ecologista de M\u00e9xico","logo":"pvem.png","color_border":"50b747","color_background":"50b747","votos":"1","principal":"1","id_municipio":"2305","id_seccion_ine":"3"},"NA":{"id":"7","clave":"PTD18007","nombre_corto":"NA","nombre":"Nueva Alianza","logo":"na.png","color_border":"00a4ac","color_background":"00a4ac","votos":"0","id_municipio":"2305","id_seccion_ine":"3"},"PT":{"id":"5","clave":"PTD18005","nombre_corto":"PT","nombre":"Partido del Trabajo","logo":"pt.png","color_border":"eee500","color_background":"da251d","votos":"3","id_municipio":"2305","id_seccion_ine":"3"},"MORENA":{"id":"8","clave":"PTD18008","nombre_corto":"MORENA","nombre":"Movimiento de Regeneraci\u00f3n Nacional","logo":"morena.png","color_border":"b5261e","color_background":"b5261e","votos":"0","id_municipio":"2305","id_seccion_ine":"3"},"PES":{"id":"9","clave":"PTD18009","nombre_corto":"PES","nombre":"Partido Encuentro Social","logo":"pes.png","color_border":"5a2a7c","color_background":"5a2a7c","votos":"0","id_municipio":"2305","id_seccion_ine":"3"}},"votos_coaliciones":2,"coaliciones_orden_votos_individual":{"PRI":69,"PT":3,"PVEM":1,"NA":0},"votos_coaliciones_individual":73,"votos_totales":75},"MORENA":{"id":"8","clave":"MORENA","nombre_corto":"MORENA","nombre":"Movimiento de Regeneraci\u00f3n Nacional","principal":null,"logo":"morena.png","color_border":"b5261e","color_background":"b5261e","votos_individual":"0","coaliciones_sin_orden":{"PT":{"id":"5","clave":"PTD18005","nombre_corto":"PT","nombre":"Partido del Trabajo","logo":"pt.png","color_border":"eee500","color_background":"da251d","votos":"3","id_municipio":"2305","id_seccion_ine":"3"},"MORENA":{"id":"8","clave":"PTD18008","nombre_corto":"MORENA","nombre":"Movimiento de Regeneraci\u00f3n Nacional","logo":"morena.png","color_border":"b5261e","color_background":"b5261e","votos":"0","id_municipio":"2305","id_seccion_ine":"3"},"PES":{"id":"9","clave":"PTD18009","nombre_corto":"PES","nombre":"Partido Encuentro Social","logo":"pes.png","color_border":"5a2a7c","color_background":"5a2a7c","votos":"0","id_municipio":"2305","id_seccion_ine":"3"}},"votos_coaliciones":1,"coaliciones_orden_votos_individual":{"PT":3,"MORENA":0},"votos_coaliciones_individual":3,"votos_totales":4},"PES":{"id":"9","clave":"PES","nombre_corto":"PES","nombre":"Partido Encuentro Social","principal":null,"logo":"pes.png","color_border":"5a2a7c","color_background":"5a2a7c","votos_individual":"0","coaliciones_sin_orden":{"PT":{"id":"5","clave":"PTD18005","nombre_corto":"PT","nombre":"Partido del Trabajo","logo":"pt.png","color_border":"eee500","color_background":"da251d","votos":"3","id_municipio":"2305","id_seccion_ine":"3"},"MORENA":{"id":"8","clave":"PTD18008","nombre_corto":"MORENA","nombre":"Movimiento de Regeneraci\u00f3n Nacional","logo":"morena.png","color_border":"b5261e","color_background":"b5261e","votos":"0","id_municipio":"2305","id_seccion_ine":"3"},"PES":{"id":"9","clave":"PTD18009","nombre_corto":"PES","nombre":"Partido Encuentro Social","logo":"pes.png","color_border":"5a2a7c","color_background":"5a2a7c","votos":"0","id_municipio":"2305","id_seccion_ine":"3"}},"votos_coaliciones":1,"coaliciones_orden_votos_individual":{"PT":3,"MORENA":0},"votos_coaliciones_individual":3,"votos_totales":4}},"orden_votos_individual":{"partidos":{"PAN":92,"PRI":69,"PT":3,"PVEM":1,"MC":1,"PRD":0,"NA":0,"MORENA":0,"PES":0},"graficas":{"partidos":["PAN","PRI","PT","PVEM","MC","PRD","NA","MORENA","PES"],"votos":[92,69,3,1,1,0,0,0,0],"background":["#06338e","#00923f","#da251d","#50b747","#ff8300","#ffcb01","#00a4ac","#b5261e","#5a2a7c"]},"primera_fuerza":"PAN","segunda_fuerza":"PRI","semaforo":{"color":"rojo","rentabilidad":169,"competitividad":-91,"rentabilidad_orden":1,"competitividad_orden":2}},"orden_votos_totales":{"partidos":{"PAN":92,"PRI":69,"PT":3,"PVEM":1,"MC":1,"PRD":0,"NA":0,"MORENA":0,"PES":0},"graficas":{"partidos":["PAN","PRI","PT","PVEM","MC","PRD","NA","MORENA","PES"],"votos":[92,69,3,1,1,0,0,0,0],"background":["#06338e","#00923f","#da251d","#50b747","#ff8300","#ffcb01","#00a4ac","#b5261e","#5a2a7c"]},"primera_fuerza":"PAN","segunda_fuerza":"PRI","semaforo":{"partidos":"PAN:92-PRI:69","color":"rojo","rentabilidad":170,"competitividad":-23}},"orden_votos_individual_menor_mayor":{"partidos":{"PRD":0,"NA":0,"MORENA":0,"PES":0,"PVEM":1,"MC":1,"PT":3,"PRI":69,"PAN":92},"graficas":{"partidos":["PRD","NA","MORENA","PES","PVEM","MC","PT","PRI","PAN"],"votos":[0,0,0,0,1,1,3,69,92],"background":["#ffcb01","#00a4ac","#b5261e","#5a2a7c","#50b747","#ff8300","#da251d","#00923f","#06338e"]}},"orden_votos_totales_menor_mayor":{"partidos":{"PRD":0,"NA":0,"MORENA":0,"PES":0,"PVEM":1,"MC":1,"PT":3,"PRI":69,"PAN":92},"graficas":{"partidos":["PRD","NA","MORENA","PES","PVEM","MC","PT","PRI","PAN"],"votos":[0,0,0,0,1,1,3,69,92],"background":["#ffcb01","#00a4ac","#b5261e","#5a2a7c","#50b747","#ff8300","#da251d","#00923f","#06338e"]}}},{"id":"4","clave":"4","numero":"4","latitud":"20.6483422","longitud":"-89.681991","tipo":"0","id_municipio":"2305","municipio":"ABALA","seccion_localidades":"RANCHO 3 CENOTES - RANCHO SAN ANTONIO TEBAKAL - SINHUNCHEN - TEMOZON SUR","casillas":"2","lista_nominal":"778","votos_nulos":"0","votos_can_nreg":"0","votos_validos":"708","ciudadanos_registrados":"48","apoyos_programas":"21","acciones_obras":"0","grupos_interes":"0","militantes":"1","funcionarios":"0","juntas":"0","visitas":"0","caminatas":"0","consulta_rvm_lista_nominal":null,"consulta_rvm_casillas":"0","consulta_rvm_votos_nulos":null,"consulta_rvm_votos_can_nreg":null,"consulta_rvm_votos_validos":null,"consulta_rvm_votos_totales":0,"votos_totales":708,"participacion_ciudadana":91,"partidos":{"PAN":{"id":"1","clave":"PAN","nombre_corto":"PAN","nombre":"Partido Acci\u00f3n Nacional","principal":null,"logo":"pan.png","color_border":"06338e","color_background":"06338e","votos_individual":"293","coaliciones_sin_orden":{"PAN":{"id":"1","clave":"PTD18001","nombre_corto":"PAN","nombre":"Partido Acci\u00f3n Nacional","logo":"pan.png","color_border":"06338e","color_background":"06338e","votos":"293","id_municipio":"2305","id_seccion_ine":"4"},"MC":{"id":"6","clave":"PTD18006","nombre_corto":"MC","nombre":"Movimiento Ciudadano","logo":"mc.png","color_border":"ff8300","color_background":"ff8300","votos":"3","id_municipio":"2305","id_seccion_ine":"4"}},"votos_coaliciones":0,"coaliciones_orden_votos_individual":{"PAN":293,"MC":3},"votos_coaliciones_individual":3,"votos_totales":296},"PRI":{"id":"2","clave":"PRI","nombre_corto":"PRI","nombre":"Partido Revolucionario Institucional","principal":null,"logo":"pri.png","color_border":"d23026","color_background":"00923f","votos_individual":"329","coaliciones_sin_orden":{"PRI":{"id":"2","clave":"PTD18002","nombre_corto":"PRI","nombre":"Partido Revolucionario Institucional","logo":"pri.png","color_border":"d23026","color_background":"00923f","votos":"329","id_municipio":"2305","id_seccion_ine":"4"},"PVEM":{"id":"4","clave":"PTD18004","nombre_corto":"PVEM","nombre":"Partido Verde Ecologista de M\u00e9xico","logo":"pvem.png","color_border":"50b747","color_background":"50b747","votos":"1","principal":"1","id_municipio":"2305","id_seccion_ine":"4"},"NA":{"id":"7","clave":"PTD18007","nombre_corto":"NA","nombre":"Nueva Alianza","logo":"na.png","color_border":"00a4ac","color_background":"00a4ac","votos":"0","id_municipio":"2305","id_seccion_ine":"4"}},"votos_coaliciones":0,"coaliciones_orden_votos_individual":{"PRI":329,"PVEM":1,"NA":0},"votos_coaliciones_individual":1,"votos_totales":330},"PRD":{"id":"3","clave":"PRD","nombre_corto":"PRD","nombre":"Partido de la Revoluci\u00f3n Democr\u00e1tica","principal":null,"logo":"prd.png","color_border":"ffcb01","color_background":"ffcb01","votos_individual":"0","coaliciones_sin_orden":null,"votos_coaliciones":0,"votos_coaliciones_individual":0,"votos_totales":0},"PVEM":{"id":"4","clave":"PVEM","nombre_corto":"PVEM","nombre":"Partido Verde Ecologista de M\u00e9xico","principal":"1","logo":"pvem.png","color_border":"50b747","color_background":"50b747","votos_individual":"1","coaliciones_sin_orden":{"PRI":{"id":"2","clave":"PTD18002","nombre_corto":"PRI","nombre":"Partido Revolucionario Institucional","logo":"pri.png","color_border":"d23026","color_background":"00923f","votos":"329","id_municipio":"2305","id_seccion_ine":"4"},"PVEM":{"id":"4","clave":"PTD18004","nombre_corto":"PVEM","nombre":"Partido Verde Ecologista de M\u00e9xico","logo":"pvem.png","color_border":"50b747","color_background":"50b747","votos":"1","principal":"1","id_municipio":"2305","id_seccion_ine":"4"},"NA":{"id":"7","clave":"PTD18007","nombre_corto":"NA","nombre":"Nueva Alianza","logo":"na.png","color_border":"00a4ac","color_background":"00a4ac","votos":"0","id_municipio":"2305","id_seccion_ine":"4"}},"votos_coaliciones":0,"coaliciones_orden_votos_individual":{"PRI":329,"PVEM":1,"NA":0},"votos_coaliciones_individual":329,"votos_totales":330},"PT":{"id":"5","clave":"PT","nombre_corto":"PT","nombre":"Partido del Trabajo","principal":null,"logo":"pt.png","color_border":"eee500","color_background":"da251d","votos_individual":"6","coaliciones_sin_orden":{"PT":{"id":"5","clave":"PTD18005","nombre_corto":"PT","nombre":"Partido del Trabajo","logo":"pt.png","color_border":"eee500","color_background":"da251d","votos":"6","id_municipio":"2305","id_seccion_ine":"4"},"MORENA":{"id":"8","clave":"PTD18008","nombre_corto":"MORENA","nombre":"Movimiento de Regeneraci\u00f3n Nacional","logo":"morena.png","color_border":"b5261e","color_background":"b5261e","votos":"76","id_municipio":"2305","id_seccion_ine":"4"},"PES":{"id":"9","clave":"PTD18009","nombre_corto":"PES","nombre":"Partido Encuentro Social","logo":"pes.png","color_border":"5a2a7c","color_background":"5a2a7c","votos":"0","id_municipio":"2305","id_seccion_ine":"4"}},"votos_coaliciones":0,"coaliciones_orden_votos_individual":{"MORENA":76,"PT":6,"PES":0},"votos_coaliciones_individual":76,"votos_totales":82},"MC":{"id":"6","clave":"MC","nombre_corto":"MC","nombre":"Movimiento Ciudadano","principal":null,"logo":"mc.png","color_border":"ff8300","color_background":"ff8300","votos_individual":"3","coaliciones_sin_orden":{"PAN":{"id":"1","clave":"PTD18001","nombre_corto":"PAN","nombre":"Partido Acci\u00f3n Nacional","logo":"pan.png","color_border":"06338e","color_background":"06338e","votos":"293","id_municipio":"2305","id_seccion_ine":"4"},"MC":{"id":"6","clave":"PTD18006","nombre_corto":"MC","nombre":"Movimiento Ciudadano","logo":"mc.png","color_border":"ff8300","color_background":"ff8300","votos":"3","id_municipio":"2305","id_seccion_ine":"4"}},"votos_coaliciones":0,"coaliciones_orden_votos_individual":{"PAN":293,"MC":3},"votos_coaliciones_individual":293,"votos_totales":296},"NA":{"id":"7","clave":"NA","nombre_corto":"NA","nombre":"Nueva Alianza","principal":null,"logo":"na.png","color_border":"00a4ac","color_background":"00a4ac","votos_individual":"0","coaliciones_sin_orden":{"PRI":{"id":"2","clave":"PTD18002","nombre_corto":"PRI","nombre":"Partido Revolucionario Institucional","logo":"pri.png","color_border":"d23026","color_background":"00923f","votos":"329","id_municipio":"2305","id_seccion_ine":"4"},"PVEM":{"id":"4","clave":"PTD18004","nombre_corto":"PVEM","nombre":"Partido Verde Ecologista de M\u00e9xico","logo":"pvem.png","color_border":"50b747","color_background":"50b747","votos":"1","principal":"1","id_municipio":"2305","id_seccion_ine":"4"},"NA":{"id":"7","clave":"PTD18007","nombre_corto":"NA","nombre":"Nueva Alianza","logo":"na.png","color_border":"00a4ac","color_background":"00a4ac","votos":"0","id_municipio":"2305","id_seccion_ine":"4"},"PT":{"id":"5","clave":"PTD18005","nombre_corto":"PT","nombre":"Partido del Trabajo","logo":"pt.png","color_border":"eee500","color_background":"da251d","votos":"6","id_municipio":"2305","id_seccion_ine":"4"},"MORENA":{"id":"8","clave":"PTD18008","nombre_corto":"MORENA","nombre":"Movimiento de Regeneraci\u00f3n Nacional","logo":"morena.png","color_border":"b5261e","color_background":"b5261e","votos":"76","id_municipio":"2305","id_seccion_ine":"4"},"PES":{"id":"9","clave":"PTD18009","nombre_corto":"PES","nombre":"Partido Encuentro Social","logo":"pes.png","color_border":"5a2a7c","color_background":"5a2a7c","votos":"0","id_municipio":"2305","id_seccion_ine":"4"}},"votos_coaliciones":0,"coaliciones_orden_votos_individual":{"PRI":329,"MORENA":76,"PT":6,"PVEM":1,"NA":0},"votos_coaliciones_individual":412,"votos_totales":412},"MORENA":{"id":"8","clave":"MORENA","nombre_corto":"MORENA","nombre":"Movimiento de Regeneraci\u00f3n Nacional","principal":null,"logo":"morena.png","color_border":"b5261e","color_background":"b5261e","votos_individual":"76","coaliciones_sin_orden":{"PT":{"id":"5","clave":"PTD18005","nombre_corto":"PT","nombre":"Partido del Trabajo","logo":"pt.png","color_border":"eee500","color_background":"da251d","votos":"6","id_municipio":"2305","id_seccion_ine":"4"},"MORENA":{"id":"8","clave":"PTD18008","nombre_corto":"MORENA","nombre":"Movimiento de Regeneraci\u00f3n Nacional","logo":"morena.png","color_border":"b5261e","color_background":"b5261e","votos":"76","id_municipio":"2305","id_seccion_ine":"4"},"PES":{"id":"9","clave":"PTD18009","nombre_corto":"PES","nombre":"Partido Encuentro Social","logo":"pes.png","color_border":"5a2a7c","color_background":"5a2a7c","votos":"0","id_municipio":"2305","id_seccion_ine":"4"}},"votos_coaliciones":0,"coaliciones_orden_votos_individual":{"MORENA":76,"PT":6,"PES":0},"votos_coaliciones_individual":6,"votos_totales":82},"PES":{"id":"9","clave":"PES","nombre_corto":"PES","nombre":"Partido Encuentro Social","principal":null,"logo":"pes.png","color_border":"5a2a7c","color_background":"5a2a7c","votos_individual":"0","coaliciones_sin_orden":{"PT":{"id":"5","clave":"PTD18005","nombre_corto":"PT","nombre":"Partido del Trabajo","logo":"pt.png","color_border":"eee500","color_background":"da251d","votos":"6","id_municipio":"2305","id_seccion_ine":"4"},"MORENA":{"id":"8","clave":"PTD18008","nombre_corto":"MORENA","nombre":"Movimiento de Regeneraci\u00f3n Nacional","logo":"morena.png","color_border":"b5261e","color_background":"b5261e","votos":"76","id_municipio":"2305","id_seccion_ine":"4"},"PES":{"id":"9","clave":"PTD18009","nombre_corto":"PES","nombre":"Partido Encuentro Social","logo":"pes.png","color_border":"5a2a7c","color_background":"5a2a7c","votos":"0","id_municipio":"2305","id_seccion_ine":"4"}},"votos_coaliciones":0,"coaliciones_orden_votos_individual":{"MORENA":76,"PT":6,"PES":0},"votos_coaliciones_individual":82,"votos_totales":82}},"orden_votos_individual":{"partidos":{"PRI":329,"PAN":293,"MORENA":76,"PT":6,"MC":3,"PVEM":1,"PRD":0,"NA":0,"PES":0},"graficas":{"partidos":["PRI","PAN","MORENA","PT","MC","PVEM","PRD","NA","PES"],"votos":[329,293,76,6,3,1,0,0,0],"background":["#00923f","#06338e","#b5261e","#da251d","#ff8300","#50b747","#ffcb01","#00a4ac","#5a2a7c"]},"primera_fuerza":"PRI","segunda_fuerza":"PAN","semaforo":{"color":"rojo","rentabilidad":707,"competitividad":-328,"rentabilidad_orden":4,"competitividad_orden":4}},"orden_votos_totales":{"partidos":{"PRI":329,"PAN":293,"MORENA":76,"PT":6,"MC":3,"PVEM":1,"PRD":0,"NA":0,"PES":0},"graficas":{"partidos":["PRI","PAN","MORENA","PT","MC","PVEM","PRD","NA","PES"],"votos":[329,293,76,6,3,1,0,0,0],"background":["#00923f","#06338e","#b5261e","#da251d","#ff8300","#50b747","#ffcb01","#00a4ac","#5a2a7c"]},"primera_fuerza":"PRI","segunda_fuerza":"PAN","semaforo":{"partidos":"PRI:329-PAN:293","color":"rojo1","rentabilidad":708,"competitividad":36}},"orden_votos_individual_menor_mayor":{"partidos":{"PRD":0,"NA":0,"PES":0,"PVEM":1,"MC":3,"PT":6,"MORENA":76,"PAN":293,"PRI":329},"graficas":{"partidos":["PRD","NA","PES","PVEM","MC","PT","MORENA","PAN","PRI"],"votos":[0,0,0,1,3,6,76,293,329],"background":["#ffcb01","#00a4ac","#5a2a7c","#50b747","#ff8300","#da251d","#b5261e","#06338e","#00923f"]}},"orden_votos_totales_menor_mayor":{"partidos":{"PRD":0,"NA":0,"PES":0,"PVEM":1,"MC":3,"PT":6,"MORENA":76,"PAN":293,"PRI":329},"graficas":{"partidos":["PRD","NA","PES","PVEM","MC","PT","MORENA","PAN","PRI"],"votos":[0,0,0,1,3,6,76,293,329],"background":["#ffcb01","#00a4ac","#5a2a7c","#50b747","#ff8300","#da251d","#b5261e","#06338e","#00923f"]}}},{"id":"5","clave":"5","numero":"5","latitud":"20.6936905","longitud":"-89.593286","tipo":"1","id_municipio":"2305","municipio":"ABALA","seccion_localidades":"UAYALCEH DE PEON","casillas":"3","lista_nominal":"1693","votos_nulos":"20","votos_can_nreg":"0","votos_validos":"1439","ciudadanos_registrados":"143","apoyos_programas":"72","acciones_obras":"0","grupos_interes":"0","militantes":"7","funcionarios":"0","juntas":"0","visitas":"0","caminatas":"0","consulta_rvm_lista_nominal":null,"consulta_rvm_casillas":"0","consulta_rvm_votos_nulos":null,"consulta_rvm_votos_can_nreg":null,"consulta_rvm_votos_validos":null,"consulta_rvm_votos_totales":0,"votos_totales":1459,"participacion_ciudadana":86.17,"partidos":{"PAN":{"id":"1","clave":"PAN","nombre_corto":"PAN","nombre":"Partido Acci\u00f3n Nacional","principal":null,"logo":"pan.png","color_border":"06338e","color_background":"06338e","votos_individual":"756","coaliciones_sin_orden":{"PAN":{"id":"1","clave":"PTD18001","nombre_corto":"PAN","nombre":"Partido Acci\u00f3n Nacional","logo":"pan.png","color_border":"06338e","color_background":"06338e","votos":"756","id_municipio":"2305","id_seccion_ine":"5"},"MC":{"id":"6","clave":"PTD18006","nombre_corto":"MC","nombre":"Movimiento Ciudadano","logo":"mc.png","color_border":"ff8300","color_background":"ff8300","votos":"12","id_municipio":"2305","id_seccion_ine":"5"}},"votos_coaliciones":7,"coaliciones_orden_votos_individual":{"PAN":756,"MC":12},"votos_coaliciones_individual":12,"votos_totales":775},"PRI":{"id":"2","clave":"PRI","nombre_corto":"PRI","nombre":"Partido Revolucionario Institucional","principal":null,"logo":"pri.png","color_border":"d23026","color_background":"00923f","votos_individual":"474","coaliciones_sin_orden":{"PRI":{"id":"2","clave":"PTD18002","nombre_corto":"PRI","nombre":"Partido Revolucionario Institucional","logo":"pri.png","color_border":"d23026","color_background":"00923f","votos":"474","id_municipio":"2305","id_seccion_ine":"5"},"PVEM":{"id":"4","clave":"PTD18004","nombre_corto":"PVEM","nombre":"Partido Verde Ecologista de M\u00e9xico","logo":"pvem.png","color_border":"50b747","color_background":"50b747","votos":"2","principal":"1","id_municipio":"2305","id_seccion_ine":"5"},"NA":{"id":"7","clave":"PTD18007","nombre_corto":"NA","nombre":"Nueva Alianza","logo":"na.png","color_border":"00a4ac","color_background":"00a4ac","votos":"3","id_municipio":"2305","id_seccion_ine":"5"}},"votos_coaliciones":1,"coaliciones_orden_votos_individual":{"PRI":474,"NA":3,"PVEM":2},"votos_coaliciones_individual":5,"votos_totales":480},"PRD":{"id":"3","clave":"PRD","nombre_corto":"PRD","nombre":"Partido de la Revoluci\u00f3n Democr\u00e1tica","principal":null,"logo":"prd.png","color_border":"ffcb01","color_background":"ffcb01","votos_individual":"1","coaliciones_sin_orden":null,"votos_coaliciones":0,"votos_coaliciones_individual":0,"votos_totales":1},"PVEM":{"id":"4","clave":"PVEM","nombre_corto":"PVEM","nombre":"Partido Verde Ecologista de M\u00e9xico","principal":"1","logo":"pvem.png","color_border":"50b747","color_background":"50b747","votos_individual":"2","coaliciones_sin_orden":{"PRI":{"id":"2","clave":"PTD18002","nombre_corto":"PRI","nombre":"Partido Revolucionario Institucional","logo":"pri.png","color_border":"d23026","color_background":"00923f","votos":"474","id_municipio":"2305","id_seccion_ine":"5"},"PVEM":{"id":"4","clave":"PTD18004","nombre_corto":"PVEM","nombre":"Partido Verde Ecologista de M\u00e9xico","logo":"pvem.png","color_border":"50b747","color_background":"50b747","votos":"2","principal":"1","id_municipio":"2305","id_seccion_ine":"5"},"NA":{"id":"7","clave":"PTD18007","nombre_corto":"NA","nombre":"Nueva Alianza","logo":"na.png","color_border":"00a4ac","color_background":"00a4ac","votos":"3","id_municipio":"2305","id_seccion_ine":"5"}},"votos_coaliciones":1,"coaliciones_orden_votos_individual":{"PRI":474,"NA":3,"PVEM":2},"votos_coaliciones_individual":477,"votos_totales":480},"PT":{"id":"5","clave":"PT","nombre_corto":"PT","nombre":"Partido del Trabajo","principal":null,"logo":"pt.png","color_border":"eee500","color_background":"da251d","votos_individual":"5","coaliciones_sin_orden":{"PT":{"id":"5","clave":"PTD18005","nombre_corto":"PT","nombre":"Partido del Trabajo","logo":"pt.png","color_border":"eee500","color_background":"da251d","votos":"5","id_municipio":"2305","id_seccion_ine":"5"},"MORENA":{"id":"8","clave":"PTD18008","nombre_corto":"MORENA","nombre":"Movimiento de Regeneraci\u00f3n Nacional","logo":"morena.png","color_border":"b5261e","color_background":"b5261e","votos":"173","id_municipio":"2305","id_seccion_ine":"5"},"PES":{"id":"9","clave":"PTD18009","nombre_corto":"PES","nombre":"Partido Encuentro Social","logo":"pes.png","color_border":"5a2a7c","color_background":"5a2a7c","votos":"3","id_municipio":"2305","id_seccion_ine":"5"}},"votos_coaliciones":1,"coaliciones_orden_votos_individual":{"MORENA":173,"PT":5,"PES":3},"votos_coaliciones_individual":176,"votos_totales":182},"MC":{"id":"6","clave":"MC","nombre_corto":"MC","nombre":"Movimiento Ciudadano","principal":null,"logo":"mc.png","color_border":"ff8300","color_background":"ff8300","votos_individual":"12","coaliciones_sin_orden":{"PAN":{"id":"1","clave":"PTD18001","nombre_corto":"PAN","nombre":"Partido Acci\u00f3n Nacional","logo":"pan.png","color_border":"06338e","color_background":"06338e","votos":"756","id_municipio":"2305","id_seccion_ine":"5"},"MC":{"id":"6","clave":"PTD18006","nombre_corto":"MC","nombre":"Movimiento Ciudadano","logo":"mc.png","color_border":"ff8300","color_background":"ff8300","votos":"12","id_municipio":"2305","id_seccion_ine":"5"}},"votos_coaliciones":7,"coaliciones_orden_votos_individual":{"PAN":756,"MC":12},"votos_coaliciones_individual":756,"votos_totales":775},"NA":{"id":"7","clave":"NA","nombre_corto":"NA","nombre":"Nueva Alianza","principal":null,"logo":"na.png","color_border":"00a4ac","color_background":"00a4ac","votos_individual":"3","coaliciones_sin_orden":{"PRI":{"id":"2","clave":"PTD18002","nombre_corto":"PRI","nombre":"Partido Revolucionario Institucional","logo":"pri.png","color_border":"d23026","color_background":"00923f","votos":"474","id_municipio":"2305","id_seccion_ine":"5"},"PVEM":{"id":"4","clave":"PTD18004","nombre_corto":"PVEM","nombre":"Partido Verde Ecologista de M\u00e9xico","logo":"pvem.png","color_border":"50b747","color_background":"50b747","votos":"2","principal":"1","id_municipio":"2305","id_seccion_ine":"5"},"NA":{"id":"7","clave":"PTD18007","nombre_corto":"NA","nombre":"Nueva Alianza","logo":"na.png","color_border":"00a4ac","color_background":"00a4ac","votos":"3","id_municipio":"2305","id_seccion_ine":"5"},"PT":{"id":"5","clave":"PTD18005","nombre_corto":"PT","nombre":"Partido del Trabajo","logo":"pt.png","color_border":"eee500","color_background":"da251d","votos":"5","id_municipio":"2305","id_seccion_ine":"5"},"MORENA":{"id":"8","clave":"PTD18008","nombre_corto":"MORENA","nombre":"Movimiento de Regeneraci\u00f3n Nacional","logo":"morena.png","color_border":"b5261e","color_background":"b5261e","votos":"173","id_municipio":"2305","id_seccion_ine":"5"},"PES":{"id":"9","clave":"PTD18009","nombre_corto":"PES","nombre":"Partido Encuentro Social","logo":"pes.png","color_border":"5a2a7c","color_background":"5a2a7c","votos":"3","id_municipio":"2305","id_seccion_ine":"5"}},"votos_coaliciones":3,"coaliciones_orden_votos_individual":{"PRI":474,"MORENA":173,"PT":5,"NA":3,"PVEM":2},"votos_coaliciones_individual":654,"votos_totales":660},"MORENA":{"id":"8","clave":"MORENA","nombre_corto":"MORENA","nombre":"Movimiento de Regeneraci\u00f3n Nacional","principal":null,"logo":"morena.png","color_border":"b5261e","color_background":"b5261e","votos_individual":"173","coaliciones_sin_orden":{"PT":{"id":"5","clave":"PTD18005","nombre_corto":"PT","nombre":"Partido del Trabajo","logo":"pt.png","color_border":"eee500","color_background":"da251d","votos":"5","id_municipio":"2305","id_seccion_ine":"5"},"MORENA":{"id":"8","clave":"PTD18008","nombre_corto":"MORENA","nombre":"Movimiento de Regeneraci\u00f3n Nacional","logo":"morena.png","color_border":"b5261e","color_background":"b5261e","votos":"173","id_municipio":"2305","id_seccion_ine":"5"},"PES":{"id":"9","clave":"PTD18009","nombre_corto":"PES","nombre":"Partido Encuentro Social","logo":"pes.png","color_border":"5a2a7c","color_background":"5a2a7c","votos":"3","id_municipio":"2305","id_seccion_ine":"5"}},"votos_coaliciones":2,"coaliciones_orden_votos_individual":{"MORENA":173,"PT":5,"PES":3},"votos_coaliciones_individual":8,"votos_totales":183},"PES":{"id":"9","clave":"PES","nombre_corto":"PES","nombre":"Partido Encuentro Social","principal":null,"logo":"pes.png","color_border":"5a2a7c","color_background":"5a2a7c","votos_individual":"3","coaliciones_sin_orden":{"PT":{"id":"5","clave":"PTD18005","nombre_corto":"PT","nombre":"Partido del Trabajo","logo":"pt.png","color_border":"eee500","color_background":"da251d","votos":"5","id_municipio":"2305","id_seccion_ine":"5"},"MORENA":{"id":"8","clave":"PTD18008","nombre_corto":"MORENA","nombre":"Movimiento de Regeneraci\u00f3n Nacional","logo":"morena.png","color_border":"b5261e","color_background":"b5261e","votos":"173","id_municipio":"2305","id_seccion_ine":"5"},"PES":{"id":"9","clave":"PTD18009","nombre_corto":"PES","nombre":"Partido Encuentro Social","logo":"pes.png","color_border":"5a2a7c","color_background":"5a2a7c","votos":"3","id_municipio":"2305","id_seccion_ine":"5"}},"votos_coaliciones":2,"coaliciones_orden_votos_individual":{"MORENA":173,"PT":5,"PES":3},"votos_coaliciones_individual":178,"votos_totales":183}},"orden_votos_individual":{"partidos":{"PAN":756,"PRI":474,"MORENA":173,"MC":12,"PT":5,"NA":3,"PES":3,"PVEM":2,"PRD":1},"graficas":{"partidos":["PAN","PRI","MORENA","MC","PT","NA","PES","PVEM","PRD"],"votos":[756,474,173,12,5,3,3,2,1],"background":["#06338e","#00923f","#b5261e","#ff8300","#da251d","#00a4ac","#5a2a7c","#50b747","#ffcb01"]},"primera_fuerza":"PAN","segunda_fuerza":"PRI","semaforo":{"color":"rojo","rentabilidad":1457,"competitividad":-754,"rentabilidad_orden":5,"competitividad_orden":6}},"orden_votos_totales":{"partidos":{"PAN":756,"PRI":474,"MORENA":173,"MC":12,"PT":5,"NA":3,"PES":3,"PVEM":2,"PRD":1},"graficas":{"partidos":["PAN","PRI","MORENA","MC","PT","NA","PES","PVEM","PRD"],"votos":[756,474,173,12,5,3,3,2,1],"background":["#06338e","#00923f","#b5261e","#ff8300","#da251d","#00a4ac","#5a2a7c","#50b747","#ffcb01"]},"primera_fuerza":"PAN","segunda_fuerza":"PRI","semaforo":{"partidos":"PAN:756-PRI:474","color":"rojo","rentabilidad":1459,"competitividad":-282}},"orden_votos_individual_menor_mayor":{"partidos":{"PRD":1,"PVEM":2,"NA":3,"PES":3,"PT":5,"MC":12,"MORENA":173,"PRI":474,"PAN":756},"graficas":{"partidos":["PRD","PVEM","NA","PES","PT","MC","MORENA","PRI","PAN"],"votos":[1,2,3,3,5,12,173,474,756],"background":["#ffcb01","#50b747","#00a4ac","#5a2a7c","#da251d","#ff8300","#b5261e","#00923f","#06338e"]}},"orden_votos_totales_menor_mayor":{"partidos":{"PRD":1,"PVEM":2,"NA":3,"PES":3,"PT":5,"MC":12,"MORENA":173,"PRI":474,"PAN":756},"graficas":{"partidos":["PRD","PVEM","NA","PES","PT","MC","MORENA","PRI","PAN"],"votos":[1,2,3,3,5,12,173,474,756],"background":["#ffcb01","#50b747","#00a4ac","#5a2a7c","#da251d","#ff8300","#b5261e","#00923f","#06338e"]}}},{"id":"6","clave":"6","numero":"6","latitud":"20.6284782","longitud":"-89.590031","tipo":"0","id_municipio":"2305","municipio":"ABALA","seccion_localidades":"MUKUYCHE","casillas":"1","lista_nominal":"381","votos_nulos":"4","votos_can_nreg":"0","votos_validos":"352","ciudadanos_registrados":"33","apoyos_programas":"10","acciones_obras":"0","grupos_interes":"0","militantes":"1","funcionarios":"0","juntas":"0","visitas":"0","caminatas":"0","consulta_rvm_lista_nominal":"3568","consulta_rvm_casillas":"2","consulta_rvm_votos_nulos":"18","consulta_rvm_votos_can_nreg":"0","consulta_rvm_votos_validos":"956","consulta_rvm_votos_totales":974,"votos_totales":356,"participacion_ciudadana":93.43,"partidos":{"PAN":{"id":"1","clave":"PAN","nombre_corto":"PAN","nombre":"Partido Acci\u00f3n Nacional","principal":null,"logo":"pan.png","color_border":"06338e","color_background":"06338e","votos_individual":"177","coaliciones_sin_orden":{"PAN":{"id":"1","clave":"PTD18001","nombre_corto":"PAN","nombre":"Partido Acci\u00f3n Nacional","logo":"pan.png","color_border":"06338e","color_background":"06338e","votos":"177","id_municipio":"2305","id_seccion_ine":"6"},"MC":{"id":"6","clave":"PTD18006","nombre_corto":"MC","nombre":"Movimiento Ciudadano","logo":"mc.png","color_border":"ff8300","color_background":"ff8300","votos":"1","id_municipio":"2305","id_seccion_ine":"6"}},"votos_coaliciones":0,"coaliciones_orden_votos_individual":{"PAN":177,"MC":1},"votos_coaliciones_individual":1,"votos_totales":178},"PRI":{"id":"2","clave":"PRI","nombre_corto":"PRI","nombre":"Partido Revolucionario Institucional","principal":null,"logo":"pri.png","color_border":"d23026","color_background":"00923f","votos_individual":"140","coaliciones_sin_orden":{"PRI":{"id":"2","clave":"PTD18002","nombre_corto":"PRI","nombre":"Partido Revolucionario Institucional","logo":"pri.png","color_border":"d23026","color_background":"00923f","votos":"140","id_municipio":"2305","id_seccion_ine":"6"},"PVEM":{"id":"4","clave":"PTD18004","nombre_corto":"PVEM","nombre":"Partido Verde Ecologista de M\u00e9xico","logo":"pvem.png","color_border":"50b747","color_background":"50b747","votos":"0","principal":"1","id_municipio":"2305","id_seccion_ine":"6"},"NA":{"id":"7","clave":"PTD18007","nombre_corto":"NA","nombre":"Nueva Alianza","logo":"na.png","color_border":"00a4ac","color_background":"00a4ac","votos":"0","id_municipio":"2305","id_seccion_ine":"6"}},"votos_coaliciones":0,"coaliciones_orden_votos_individual":{"PRI":140,"PVEM":0},"votos_coaliciones_individual":0,"votos_totales":140},"PRD":{"id":"3","clave":"PRD","nombre_corto":"PRD","nombre":"Partido de la Revoluci\u00f3n Democr\u00e1tica","principal":null,"logo":"prd.png","color_border":"ffcb01","color_background":"ffcb01","votos_individual":"0","coaliciones_sin_orden":null,"votos_coaliciones":0,"votos_coaliciones_individual":0,"votos_totales":0},"PVEM":{"id":"4","clave":"PVEM","nombre_corto":"PVEM","nombre":"Partido Verde Ecologista de M\u00e9xico","principal":"1","logo":"pvem.png","color_border":"50b747","color_background":"50b747","votos_individual":"0","coaliciones_sin_orden":{"PRI":{"id":"2","clave":"PTD18002","nombre_corto":"PRI","nombre":"Partido Revolucionario Institucional","logo":"pri.png","color_border":"d23026","color_background":"00923f","votos":"140","id_municipio":"2305","id_seccion_ine":"6"},"PVEM":{"id":"4","clave":"PTD18004","nombre_corto":"PVEM","nombre":"Partido Verde Ecologista de M\u00e9xico","logo":"pvem.png","color_border":"50b747","color_background":"50b747","votos":"0","principal":"1","id_municipio":"2305","id_seccion_ine":"6"},"NA":{"id":"7","clave":"PTD18007","nombre_corto":"NA","nombre":"Nueva Alianza","logo":"na.png","color_border":"00a4ac","color_background":"00a4ac","votos":"0","id_municipio":"2305","id_seccion_ine":"6"}},"votos_coaliciones":0,"coaliciones_orden_votos_individual":{"PRI":140,"PVEM":0},"votos_coaliciones_individual":140,"votos_totales":140},"PT":{"id":"5","clave":"PT","nombre_corto":"PT","nombre":"Partido del Trabajo","principal":null,"logo":"pt.png","color_border":"eee500","color_background":"da251d","votos_individual":"4","coaliciones_sin_orden":{"PT":{"id":"5","clave":"PTD18005","nombre_corto":"PT","nombre":"Partido del Trabajo","logo":"pt.png","color_border":"eee500","color_background":"da251d","votos":"4","id_municipio":"2305","id_seccion_ine":"6"},"MORENA":{"id":"8","clave":"PTD18008","nombre_corto":"MORENA","nombre":"Movimiento de Regeneraci\u00f3n Nacional","logo":"morena.png","color_border":"b5261e","color_background":"b5261e","votos":"28","id_municipio":"2305","id_seccion_ine":"6"},"PES":{"id":"9","clave":"PTD18009","nombre_corto":"PES","nombre":"Partido Encuentro Social","logo":"pes.png","color_border":"5a2a7c","color_background":"5a2a7c","votos":"2","id_municipio":"2305","id_seccion_ine":"6"}},"votos_coaliciones":0,"coaliciones_orden_votos_individual":{"MORENA":28,"PT":4,"PES":2},"votos_coaliciones_individual":30,"votos_totales":34},"MC":{"id":"6","clave":"MC","nombre_corto":"MC","nombre":"Movimiento Ciudadano","principal":null,"logo":"mc.png","color_border":"ff8300","color_background":"ff8300","votos_individual":"1","coaliciones_sin_orden":{"PAN":{"id":"1","clave":"PTD18001","nombre_corto":"PAN","nombre":"Partido Acci\u00f3n Nacional","logo":"pan.png","color_border":"06338e","color_background":"06338e","votos":"177","id_municipio":"2305","id_seccion_ine":"6"},"MC":{"id":"6","clave":"PTD18006","nombre_corto":"MC","nombre":"Movimiento Ciudadano","logo":"mc.png","color_border":"ff8300","color_background":"ff8300","votos":"1","id_municipio":"2305","id_seccion_ine":"6"}},"votos_coaliciones":0,"coaliciones_orden_votos_individual":{"PAN":177,"MC":1},"votos_coaliciones_individual":177,"votos_totales":178},"NA":{"id":"7","clave":"NA","nombre_corto":"NA","nombre":"Nueva Alianza","principal":null,"logo":"na.png","color_border":"00a4ac","color_background":"00a4ac","votos_individual":"0","coaliciones_sin_orden":{"PRI":{"id":"2","clave":"PTD18002","nombre_corto":"PRI","nombre":"Partido Revolucionario Institucional","logo":"pri.png","color_border":"d23026","color_background":"00923f","votos":"140","id_municipio":"2305","id_seccion_ine":"6"},"PVEM":{"id":"4","clave":"PTD18004","nombre_corto":"PVEM","nombre":"Partido Verde Ecologista de M\u00e9xico","logo":"pvem.png","color_border":"50b747","color_background":"50b747","votos":"0","principal":"1","id_municipio":"2305","id_seccion_ine":"6"},"NA":{"id":"7","clave":"PTD18007","nombre_corto":"NA","nombre":"Nueva Alianza","logo":"na.png","color_border":"00a4ac","color_background":"00a4ac","votos":"0","id_municipio":"2305","id_seccion_ine":"6"},"PT":{"id":"5","clave":"PTD18005","nombre_corto":"PT","nombre":"Partido del Trabajo","logo":"pt.png","color_border":"eee500","color_background":"da251d","votos":"4","id_municipio":"2305","id_seccion_ine":"6"},"MORENA":{"id":"8","clave":"PTD18008","nombre_corto":"MORENA","nombre":"Movimiento de Regeneraci\u00f3n Nacional","logo":"morena.png","color_border":"b5261e","color_background":"b5261e","votos":"28","id_municipio":"2305","id_seccion_ine":"6"},"PES":{"id":"9","clave":"PTD18009","nombre_corto":"PES","nombre":"Partido Encuentro Social","logo":"pes.png","color_border":"5a2a7c","color_background":"5a2a7c","votos":"2","id_municipio":"2305","id_seccion_ine":"6"}},"votos_coaliciones":0,"coaliciones_orden_votos_individual":{"PRI":140,"MORENA":28,"PT":4,"PES":2,"PVEM":0},"votos_coaliciones_individual":174,"votos_totales":174},"MORENA":{"id":"8","clave":"MORENA","nombre_corto":"MORENA","nombre":"Movimiento de Regeneraci\u00f3n Nacional","principal":null,"logo":"morena.png","color_border":"b5261e","color_background":"b5261e","votos_individual":"28","coaliciones_sin_orden":{"PT":{"id":"5","clave":"PTD18005","nombre_corto":"PT","nombre":"Partido del Trabajo","logo":"pt.png","color_border":"eee500","color_background":"da251d","votos":"4","id_municipio":"2305","id_seccion_ine":"6"},"MORENA":{"id":"8","clave":"PTD18008","nombre_corto":"MORENA","nombre":"Movimiento de Regeneraci\u00f3n Nacional","logo":"morena.png","color_border":"b5261e","color_background":"b5261e","votos":"28","id_municipio":"2305","id_seccion_ine":"6"},"PES":{"id":"9","clave":"PTD18009","nombre_corto":"PES","nombre":"Partido Encuentro Social","logo":"pes.png","color_border":"5a2a7c","color_background":"5a2a7c","votos":"2","id_municipio":"2305","id_seccion_ine":"6"}},"votos_coaliciones":0,"coaliciones_orden_votos_individual":{"MORENA":28,"PT":4,"PES":2},"votos_coaliciones_individual":6,"votos_totales":34},"PES":{"id":"9","clave":"PES","nombre_corto":"PES","nombre":"Partido Encuentro Social","principal":null,"logo":"pes.png","color_border":"5a2a7c","color_background":"5a2a7c","votos_individual":"2","coaliciones_sin_orden":{"PT":{"id":"5","clave":"PTD18005","nombre_corto":"PT","nombre":"Partido del Trabajo","logo":"pt.png","color_border":"eee500","color_background":"da251d","votos":"4","id_municipio":"2305","id_seccion_ine":"6"},"MORENA":{"id":"8","clave":"PTD18008","nombre_corto":"MORENA","nombre":"Movimiento de Regeneraci\u00f3n Nacional","logo":"morena.png","color_border":"b5261e","color_background":"b5261e","votos":"28","id_municipio":"2305","id_seccion_ine":"6"},"PES":{"id":"9","clave":"PTD18009","nombre_corto":"PES","nombre":"Partido Encuentro Social","logo":"pes.png","color_border":"5a2a7c","color_background":"5a2a7c","votos":"2","id_municipio":"2305","id_seccion_ine":"6"}},"votos_coaliciones":0,"coaliciones_orden_votos_individual":{"MORENA":28,"PT":4,"PES":2},"votos_coaliciones_individual":32,"votos_totales":34}},"orden_votos_individual":{"partidos":{"PAN":177,"PRI":140,"MORENA":28,"PT":4,"PES":2,"MC":1,"PRD":0,"PVEM":0,"NA":0},"graficas":{"partidos":["PAN","PRI","MORENA","PT","PES","MC","PRD","PVEM","NA"],"votos":[177,140,28,4,2,1,0,0,0],"background":["#06338e","#00923f","#b5261e","#da251d","#5a2a7c","#ff8300","#ffcb01","#50b747","#00a4ac"]},"primera_fuerza":"PAN","segunda_fuerza":"PRI","semaforo":{"color":"rojo","rentabilidad":356,"competitividad":-177,"rentabilidad_orden":3,"competitividad_orden":3}},"orden_votos_totales":{"partidos":{"PAN":177,"PRI":140,"MORENA":28,"PT":4,"PES":2,"MC":1,"PRD":0,"PVEM":0,"NA":0},"graficas":{"partidos":["PAN","PRI","MORENA","PT","PES","MC","PRD","PVEM","NA"],"votos":[177,140,28,4,2,1,0,0,0],"background":["#06338e","#00923f","#b5261e","#da251d","#5a2a7c","#ff8300","#ffcb01","#50b747","#00a4ac"]},"primera_fuerza":"PAN","segunda_fuerza":"PRI","semaforo":{"partidos":"PAN:177-PRI:140","color":"rojo","rentabilidad":356,"competitividad":-37}},"orden_votos_individual_menor_mayor":{"partidos":{"PRD":0,"PVEM":0,"NA":0,"MC":1,"PES":2,"PT":4,"MORENA":28,"PRI":140,"PAN":177},"graficas":{"partidos":["PRD","PVEM","NA","MC","PES","PT","MORENA","PRI","PAN"],"votos":[0,0,0,1,2,4,28,140,177],"background":["#ffcb01","#50b747","#00a4ac","#ff8300","#5a2a7c","#da251d","#b5261e","#00923f","#06338e"]}},"orden_votos_totales_menor_mayor":{"partidos":{"PRD":0,"PVEM":0,"NA":0,"MC":1,"PES":2,"PT":4,"MORENA":28,"PRI":140,"PAN":177},"graficas":{"partidos":["PRD","PVEM","NA","MC","PES","PT","MORENA","PRI","PAN"],"votos":[0,0,0,1,2,4,28,140,177],"background":["#ffcb01","#50b747","#00a4ac","#ff8300","#5a2a7c","#da251d","#b5261e","#00923f","#06338e"]}},"revocacion_mandato":{"preguntas":{"SIGA":{"id_pregunta_2022_revocacion_mandato":"2","clave":"PRV22002","nombre_corto":"SIGA","logo":"siga.png","votos":"941","id_seccion_ine":"6"},"NO_SIGA":{"id_pregunta_2022_revocacion_mandato":"1","clave":"PRV22001","nombre_corto":"NO_SIGA","logo":"no_siga.png","votos":"15","id_seccion_ine":"6"}},"orden_preguntas":{"SIGA":941,"NO_SIGA":15},"principales":{"prinicipal":"SIGA","secundaria":"NO_SIGA"}}}]